log4j:WARN No appenders could be found for logger (com.github.ltsopensource.core.logger.LoggerFactory).
log4j:WARN Please initialize the log4j system properly.
log4j:WARN See http://logging.apache.org/log4j/1.2/faq.html#noconfig for more info.
[lts] 2026-05-14 10:03:43,679 INFO [main] com.alibaba.druid.pool.DruidDataSource.init(1002) | {dataSource-1} inited
[lts] 2026-05-14 10:03:44,294 DEBUG [main] com.github.ltsopensource.core.logger.slf4j.Slf4jLogger.debug(32) | package com.github.ltsopensource.core.support.bean;
import com.github.ltsopensource.core.support.bean.PropConverter;
import com.github.ltsopensource.core.domain.monitor.JobClientMData;
import com.github.ltsopensource.core.support.bean.BeanCopierAdapter;
import com.github.ltsopensource.monitor.access.domain.JobClientMDataPo;
public class JobClientMData2JobClientMDataPoBeanCopier1 extends com.github.ltsopensource.core.support.bean.BeanCopierAdapter {
public void copyProps(java.lang.Object sourceObj, java.lang.Object targetObj){
com.github.ltsopensource.core.domain.monitor.JobClientMData source = (com.github.ltsopensource.core.domain.monitor.JobClientMData)sourceObj;
com.github.ltsopensource.monitor.access.domain.JobClientMDataPo target = (com.github.ltsopensource.monitor.access.domain.JobClientMDataPo)targetObj;
target.setSubmitSuccessNum(source.getSubmitSuccessNum());
target.setSubmitFailedNum(source.getSubmitFailedNum());
target.setFailStoreNum(source.getFailStoreNum());
target.setSubmitFailStoreNum(source.getSubmitFailStoreNum());
target.setHandleFeedbackNum(source.getHandleFeedbackNum());
target.setTimestamp(source.getTimestamp());
}}, lts version: 1.7.3-SNAPSHOT, current host: 192.168.64.1
[lts] 2026-05-14 10:03:44,338 DEBUG [main] com.github.ltsopensource.core.logger.slf4j.Slf4jLogger.debug(32) | package com.github.ltsopensource.core.support.bean;
import com.github.ltsopensource.monitor.access.domain.JobTrackerMDataPo;
import com.github.ltsopensource.core.support.bean.PropConverter;
import com.github.ltsopensource.core.domain.monitor.JobTrackerMData;
import com.github.ltsopensource.core.support.bean.BeanCopierAdapter;
public class JobTrackerMData2JobTrackerMDataPoBeanCopier2 extends com.github.ltsopensource.core.support.bean.BeanCopierAdapter {
public void copyProps(java.lang.Object sourceObj, java.lang.Object targetObj){
com.github.ltsopensource.core.domain.monitor.JobTrackerMData source = (com.github.ltsopensource.core.domain.monitor.JobTrackerMData)sourceObj;
com.github.ltsopensource.monitor.access.domain.JobTrackerMDataPo target = (com.github.ltsopensource.monitor.access.domain.JobTrackerMDataPo)targetObj;
target.setReceiveJobNum(source.getReceiveJobNum());
target.setPushJobNum(source.getPushJobNum());
target.setExeSuccessNum(source.getExeSuccessNum());
target.setExeFailedNum(source.getExeFailedNum());
target.setExeLaterNum(source.getExeLaterNum());
target.setExeExceptionNum(source.getExeExceptionNum());
target.setFixExecutingJobNum(source.getFixExecutingJobNum());
target.setTimestamp(source.getTimestamp());
}}, lts version: 1.7.3-SNAPSHOT, current host: 192.168.64.1
[lts] 2026-05-14 10:03:44,348 DEBUG [main] com.github.ltsopensource.core.logger.slf4j.Slf4jLogger.debug(32) | package com.github.ltsopensource.core.support.bean;
import com.github.ltsopensource.core.domain.monitor.TaskTrackerMData;
import com.github.ltsopensource.core.support.bean.PropConverter;
import com.github.ltsopensource.core.support.bean.BeanCopierAdapter;
import com.github.ltsopensource.monitor.access.domain.TaskTrackerMDataPo;
public class TaskTrackerMData2TaskTrackerMDataPoBeanCopier3 extends com.github.ltsopensource.core.support.bean.BeanCopierAdapter {
public void copyProps(java.lang.Object sourceObj, java.lang.Object targetObj){
com.github.ltsopensource.core.domain.monitor.TaskTrackerMData source = (com.github.ltsopensource.core.domain.monitor.TaskTrackerMData)sourceObj;
com.github.ltsopensource.monitor.access.domain.TaskTrackerMDataPo target = (com.github.ltsopensource.monitor.access.domain.TaskTrackerMDataPo)targetObj;
target.setExeSuccessNum(source.getExeSuccessNum());
target.setExeFailedNum(source.getExeFailedNum());
target.setExeLaterNum(source.getExeLaterNum());
target.setExeExceptionNum(source.getExeExceptionNum());
target.setTotalRunningTime(source.getTotalRunningTime());
target.setTimestamp(source.getTimestamp());
}}, lts version: 1.7.3-SNAPSHOT, current host: 192.168.64.1
[lts] 2026-05-14 10:03:44,366 INFO [main] com.github.ltsopensource.core.logger.slf4j.Slf4jLogger.info(44) | HttpCmdAcceptor start succeed , lts version: 1.7.3-SNAPSHOT, current host: 192.168.64.1
[lts] 2026-05-14 10:03:44,369 INFO [main] com.github.ltsopensource.core.logger.slf4j.Slf4jLogger.info(52) | 
===========================================================================================
Start succeed at port 8730
===========================================================================================, lts version: 1.7.3-SNAPSHOT, current host: 192.168.64.1
[lts] 2026-05-14 10:03:44,391 INFO [main] com.github.ltsopensource.core.logger.slf4j.Slf4jLogger.info(44) | Using JSON lib fastjson, lts version: 1.7.3-SNAPSHOT, current host: 192.168.64.1
[lts] 2026-05-14 10:03:44,442 INFO [main] com.github.ltsopensource.core.logger.slf4j.Slf4jLogger.info(44) | Register: {"address":"192.168.64.1:8730","available":true,"clusterName":"test_cluster","createTime":1778724224369,"group":"lts","hostName":"192.168.64.1","httpCmdPort":8730,"identity":"MO_192.168.64.1_19759_10-03-43.420_1","ip":"192.168.64.1","nodeType":"MONITOR","port":8730,"threads":64}, lts version: 1.7.3-SNAPSHOT, current host: 192.168.64.1
[lts] 2026-05-14 10:03:44,458 INFO [main] com.github.ltsopensource.core.logger.slf4j.Slf4jLogger.info(44) | Start JVMMonitor succeed , lts version: 1.7.3-SNAPSHOT, current host: 192.168.64.1
[lts] 2026-05-14 10:03:44,459 INFO [main] com.github.ltsopensource.core.logger.slf4j.Slf4jLogger.info(44) | ========== Start Monitor Success, lts version: 1.7.3-SNAPSHOT, current host: 192.168.64.1
[lts] 2026-05-14 10:04:00,204 DEBUG [pool-1-thread-1] com.github.ltsopensource.core.logger.slf4j.Slf4jLogger.debug(32) | 
    INSERT 
    INTO
        `
        lts_admin_task_tracker_monitor_data`(
            `gmt_created`, `node_group`, `identity`, `timestamp`, `exe_success_num`, `exe_failed_num`, `exe_later_num`, `exe_exception_num`, `total_running_time`
        ) 
    VALUES
        (?,?,?,?,?,?,?,?,?), lts version: 1.7.3-SNAPSHOT, current host: 192.168.64.1
[lts] 2026-05-14 10:04:00,222 DEBUG [pool-1-thread-1] com.github.ltsopensource.core.logger.slf4j.Slf4jLogger.debug(32) | 
    INSERT 
    INTO
        `
        lts_admin_jvm_gc`(
            `gmt_created`, `identity`, `timestamp`, `node_type`, `node_group`, `young_gc_collection_count`, `young_gc_collection_time`, `full_gc_collection_count`, `full_gc_collection_time`, `span_young_gc_collection_count`, `span_young_gc_collection_time`, `span_full_gc_collection_count`, `span_full_gc_collection_time`
        ) 
    VALUES
        (?,?,?,?,?,?,?,?,?,?,?,?,?), lts version: 1.7.3-SNAPSHOT, current host: 192.168.64.1
[lts] 2026-05-14 10:04:00,228 DEBUG [pool-1-thread-1] com.github.ltsopensource.core.logger.slf4j.Slf4jLogger.debug(32) | 
    INSERT 
    INTO
        `
        lts_admin_jvm_memory`(
            `gmt_created`, `identity`, `timestamp`, `node_type`, `node_group`, `heap_memory_committed`, `heap_memory_init`, `heap_memory_max`, `heap_memory_used`, `non_heap_memory_committed`, `non_heap_memory_init`, `non_heap_memory_max`, `non_heap_memory_used`, `perm_gen_committed`, `perm_gen_init`, `perm_gen_max`, `perm_gen_used`, `old_gen_committed`, `old_gen_init`, `old_gen_max`, `old_gen_used`, `eden_space_committed`, `eden_space_init`, `eden_space_max`, `eden_space_used`, `survivor_committed`, `survivor_init`, `survivor_max`, `survivor_used`
        ) 
    VALUES
        (?,?,?,?,?,?,?,?,?,?,?,?,?,?,?,?,?,?,?,?,?,?,?,?,?,?,?,?,?), lts version: 1.7.3-SNAPSHOT, current host: 192.168.64.1
[lts] 2026-05-14 10:04:00,238 DEBUG [pool-1-thread-1] com.github.ltsopensource.core.logger.slf4j.Slf4jLogger.debug(32) | 
    INSERT 
    INTO
        `
        lts_admin_jvm_thread`(
            `gmt_created`, `identity`, `timestamp`, `node_type`, `node_group`, `daemon_thread_count`, `thread_count`, `total_started_thread_count`, `dead_locked_thread_count`, `process_cpu_time_rate`
        ) 
    VALUES
        (?,?,?,?,?,?,?,?,?,?), lts version: 1.7.3-SNAPSHOT, current host: 192.168.64.1
[lts] 2026-05-14 10:04:00,248 DEBUG [pool-1-thread-1] com.github.ltsopensource.core.logger.slf4j.Slf4jLogger.debug(32) | Add Monitor Data success, mNode={"identity":"TT_192.168.64.1_19784_10-03-55.606_1","nodeGroup":"test_trade_taskTracker","nodeType":"TASK_TRACKER"}, mData=[{"exeExceptionNum":0,"exeFailedNum":0,"exeLaterNum":0,"exeSuccessNum":0,"jvmMData":{"gcMap":{"FullGCCollectionTime":0,"SpanYoungGCCollectionCount":0,"SpanFullGCCollectionCount":0,"YoungGCCollectionCount":1,"FullGCCollectionCount":0,"SpanYoungGCCollectionTime":0,"YoungGCCollectionTime":18,"SpanFullGCCollectionTime":0},"memoryMap":{"HeapMemoryMax":3817865216,"SurvivorUsed":7829944,"OldGenCommitted":179306496,"PermGenUsed":0,"NonHeapMemoryUsed":20431784,"OldGenMax":2863661056,"SurvivorInit":11010048,"PermGenCommitted":0,"PermGenMax":0,"OldGenUsed":8192,"EdenSpaceUsed":6688136,"NonHeapMemoryCommitted":21168128,"HeapMemoryInit":268435456,"HeapMemoryCommitted":257425408,"SurvivorMax":11010048,"EdenSpaceCommitted":67108864,"OldGenInit":179306496,"EdenSpaceMax":1409286144,"SurvivorCommitted":11010048,"NonHeapMemoryMax":-1,"NonHeapMemoryInit":2555904,"HeapMemoryUsed":14526272,"EdenSpaceInit":67108864,"PermGenInit":0},"threadMap":{"ThreadCount":25,"TotalStartedThreadCount":28,"DeadLockedThreadCount":0,"ProcessCpuTimeRate":12.10,"DaemonThreadCount":22}},"timestamp":1778724180000,"totalRunningTime":0}], lts version: 1.7.3-SNAPSHOT, current host: 192.168.64.1
[lts] 2026-05-14 10:04:00,864 DEBUG [pool-1-thread-2] com.github.ltsopensource.core.logger.slf4j.Slf4jLogger.debug(32) | 
    INSERT 
    INTO
        `
        lts_admin_job_tracker_monitor_data`(
            `gmt_created`, `identity`, `timestamp`, `receive_job_num`, `push_job_num`, `exe_success_num`, `exe_failed_num`, `exe_later_num`, `exe_exception_num`, `fix_executing_job_num`
        ) 
    VALUES
        (?,?,?,?,?,?,?,?,?,?), lts version: 1.7.3-SNAPSHOT, current host: 192.168.64.1
[lts] 2026-05-14 10:04:00,878 DEBUG [pool-1-thread-2] com.github.ltsopensource.core.logger.slf4j.Slf4jLogger.debug(32) | 
    INSERT 
    INTO
        `
        lts_admin_jvm_gc`(
            `gmt_created`, `identity`, `timestamp`, `node_type`, `node_group`, `young_gc_collection_count`, `young_gc_collection_time`, `full_gc_collection_count`, `full_gc_collection_time`, `span_young_gc_collection_count`, `span_young_gc_collection_time`, `span_full_gc_collection_count`, `span_full_gc_collection_time`
        ) 
    VALUES
        (?,?,?,?,?,?,?,?,?,?,?,?,?), lts version: 1.7.3-SNAPSHOT, current host: 192.168.64.1
[lts] 2026-05-14 10:04:00,885 DEBUG [pool-1-thread-2] com.github.ltsopensource.core.logger.slf4j.Slf4jLogger.debug(32) | 
    INSERT 
    INTO
        `
        lts_admin_jvm_memory`(
            `gmt_created`, `identity`, `timestamp`, `node_type`, `node_group`, `heap_memory_committed`, `heap_memory_init`, `heap_memory_max`, `heap_memory_used`, `non_heap_memory_committed`, `non_heap_memory_init`, `non_heap_memory_max`, `non_heap_memory_used`, `perm_gen_committed`, `perm_gen_init`, `perm_gen_max`, `perm_gen_used`, `old_gen_committed`, `old_gen_init`, `old_gen_max`, `old_gen_used`, `eden_space_committed`, `eden_space_init`, `eden_space_max`, `eden_space_used`, `survivor_committed`, `survivor_init`, `survivor_max`, `survivor_used`
        ) 
    VALUES
        (?,?,?,?,?,?,?,?,?,?,?,?,?,?,?,?,?,?,?,?,?,?,?,?,?,?,?,?,?), lts version: 1.7.3-SNAPSHOT, current host: 192.168.64.1
[lts] 2026-05-14 10:04:00,892 DEBUG [pool-1-thread-2] com.github.ltsopensource.core.logger.slf4j.Slf4jLogger.debug(32) | 
    INSERT 
    INTO
        `
        lts_admin_jvm_thread`(
            `gmt_created`, `identity`, `timestamp`, `node_type`, `node_group`, `daemon_thread_count`, `thread_count`, `total_started_thread_count`, `dead_locked_thread_count`, `process_cpu_time_rate`
        ) 
    VALUES
        (?,?,?,?,?,?,?,?,?,?), lts version: 1.7.3-SNAPSHOT, current host: 192.168.64.1
[lts] 2026-05-14 10:04:00,900 DEBUG [pool-1-thread-2] com.github.ltsopensource.core.logger.slf4j.Slf4jLogger.debug(32) | Add Monitor Data success, mNode={"identity":"JT_192.168.64.1_19709_10-02-49.861_1","nodeGroup":"lts","nodeType":"JOB_TRACKER"}, mData=[{"exeExceptionNum":0,"exeFailedNum":0,"exeLaterNum":0,"exeSuccessNum":0,"fixExecutingJobNum":0,"jvmMData":{"gcMap":{"FullGCCollectionTime":14,"SpanYoungGCCollectionCount":0,"SpanFullGCCollectionCount":0,"YoungGCCollectionCount":2,"FullGCCollectionCount":1,"SpanYoungGCCollectionTime":0,"YoungGCCollectionTime":39,"SpanFullGCCollectionTime":0},"memoryMap":{"HeapMemoryMax":3817865216,"SurvivorUsed":0,"OldGenCommitted":86507520,"PermGenUsed":0,"NonHeapMemoryUsed":30571448,"OldGenMax":2863661056,"SurvivorInit":11010048,"PermGenCommitted":0,"PermGenMax":0,"OldGenUsed":7197256,"EdenSpaceUsed":27307064,"NonHeapMemoryCommitted":31637504,"HeapMemoryInit":268435456,"HeapMemoryCommitted":231735296,"SurvivorMax":11010048,"EdenSpaceCommitted":134217728,"OldGenInit":179306496,"EdenSpaceMax":1409286144,"SurvivorCommitted":11010048,"NonHeapMemoryMax":-1,"NonHeapMemoryInit":2555904,"HeapMemoryUsed":34504320,"EdenSpaceInit":67108864,"PermGenInit":0},"threadMap":{"ThreadCount":30,"TotalStartedThreadCount":34,"DeadLockedThreadCount":0,"ProcessCpuTimeRate":5.441,"DaemonThreadCount":27}},"pushJobNum":0,"receiveJobNum":0,"timestamp":1778724120000},{"exeExceptionNum":0,"exeFailedNum":0,"exeLaterNum":0,"exeSuccessNum":0,"fixExecutingJobNum":0,"jvmMData":{"gcMap":{"FullGCCollectionTime":14,"SpanYoungGCCollectionCount":0,"SpanFullGCCollectionCount":0,"YoungGCCollectionCount":2,"FullGCCollectionCount":1,"SpanYoungGCCollectionTime":0,"YoungGCCollectionTime":39,"SpanFullGCCollectionTime":0},"memoryMap":{"HeapMemoryMax":3817865216,"SurvivorUsed":0,"OldGenCommitted":86507520,"PermGenUsed":0,"NonHeapMemoryUsed":31927272,"OldGenMax":2863661056,"SurvivorInit":11010048,"PermGenCommitted":0,"PermGenMax":0,"OldGenUsed":7197256,"EdenSpaceUsed":41404560,"NonHeapMemoryCommitted":32899072,"HeapMemoryInit":268435456,"HeapMemoryCommitted":231735296,"SurvivorMax":11010048,"EdenSpaceCommitted":134217728,"OldGenInit":179306496,"EdenSpaceMax":1409286144,"SurvivorCommitted":11010048,"NonHeapMemoryMax":-1,"NonHeapMemoryInit":2555904,"HeapMemoryUsed":48601816,"EdenSpaceInit":67108864,"PermGenInit":0},"threadMap":{"ThreadCount":41,"TotalStartedThreadCount":49,"DeadLockedThreadCount":0,"ProcessCpuTimeRate":3.235,"DaemonThreadCount":37}},"pushJobNum":0,"receiveJobNum":0,"timestamp":1778724180000}], lts version: 1.7.3-SNAPSHOT, current host: 192.168.64.1
[lts] 2026-05-14 10:05:00,060 DEBUG [pool-1-thread-3] com.github.ltsopensource.core.logger.slf4j.Slf4jLogger.debug(32) | 
    INSERT 
    INTO
        `
        lts_admin_job_tracker_monitor_data`(
            `gmt_created`, `identity`, `timestamp`, `receive_job_num`, `push_job_num`, `exe_success_num`, `exe_failed_num`, `exe_later_num`, `exe_exception_num`, `fix_executing_job_num`
        ) 
    VALUES
        (?,?,?,?,?,?,?,?,?,?), lts version: 1.7.3-SNAPSHOT, current host: 192.168.64.1
[lts] 2026-05-14 10:05:00,100 DEBUG [pool-1-thread-3] com.github.ltsopensource.core.logger.slf4j.Slf4jLogger.debug(32) | 
    INSERT 
    INTO
        `
        lts_admin_jvm_gc`(
            `gmt_created`, `identity`, `timestamp`, `node_type`, `node_group`, `young_gc_collection_count`, `young_gc_collection_time`, `full_gc_collection_count`, `full_gc_collection_time`, `span_young_gc_collection_count`, `span_young_gc_collection_time`, `span_full_gc_collection_count`, `span_full_gc_collection_time`
        ) 
    VALUES
        (?,?,?,?,?,?,?,?,?,?,?,?,?), lts version: 1.7.3-SNAPSHOT, current host: 192.168.64.1
[lts] 2026-05-14 10:05:00,114 DEBUG [pool-1-thread-3] com.github.ltsopensource.core.logger.slf4j.Slf4jLogger.debug(32) | 
    INSERT 
    INTO
        `
        lts_admin_jvm_memory`(
            `gmt_created`, `identity`, `timestamp`, `node_type`, `node_group`, `heap_memory_committed`, `heap_memory_init`, `heap_memory_max`, `heap_memory_used`, `non_heap_memory_committed`, `non_heap_memory_init`, `non_heap_memory_max`, `non_heap_memory_used`, `perm_gen_committed`, `perm_gen_init`, `perm_gen_max`, `perm_gen_used`, `old_gen_committed`, `old_gen_init`, `old_gen_max`, `old_gen_used`, `eden_space_committed`, `eden_space_init`, `eden_space_max`, `eden_space_used`, `survivor_committed`, `survivor_init`, `survivor_max`, `survivor_used`
        ) 
    VALUES
        (?,?,?,?,?,?,?,?,?,?,?,?,?,?,?,?,?,?,?,?,?,?,?,?,?,?,?,?,?), lts version: 1.7.3-SNAPSHOT, current host: 192.168.64.1
[lts] 2026-05-14 10:05:00,126 DEBUG [pool-1-thread-3] com.github.ltsopensource.core.logger.slf4j.Slf4jLogger.debug(32) | 
    INSERT 
    INTO
        `
        lts_admin_jvm_thread`(
            `gmt_created`, `identity`, `timestamp`, `node_type`, `node_group`, `daemon_thread_count`, `thread_count`, `total_started_thread_count`, `dead_locked_thread_count`, `process_cpu_time_rate`
        ) 
    VALUES
        (?,?,?,?,?,?,?,?,?,?), lts version: 1.7.3-SNAPSHOT, current host: 192.168.64.1
[lts] 2026-05-14 10:05:00,137 DEBUG [pool-1-thread-3] com.github.ltsopensource.core.logger.slf4j.Slf4jLogger.debug(32) | Add Monitor Data success, mNode={"identity":"JT_192.168.64.1_19709_10-02-49.861_1","nodeGroup":"lts","nodeType":"JOB_TRACKER"}, mData=[{"exeExceptionNum":0,"exeFailedNum":0,"exeLaterNum":0,"exeSuccessNum":0,"fixExecutingJobNum":0,"jvmMData":{"gcMap":{"FullGCCollectionTime":14,"SpanYoungGCCollectionCount":0,"SpanFullGCCollectionCount":0,"YoungGCCollectionCount":2,"FullGCCollectionCount":1,"SpanYoungGCCollectionTime":0,"YoungGCCollectionTime":39,"SpanFullGCCollectionTime":0},"memoryMap":{"HeapMemoryMax":3817865216,"SurvivorUsed":0,"OldGenCommitted":86507520,"PermGenUsed":0,"NonHeapMemoryUsed":30571448,"OldGenMax":2863661056,"SurvivorInit":11010048,"PermGenCommitted":0,"PermGenMax":0,"OldGenUsed":7197256,"EdenSpaceUsed":27307064,"NonHeapMemoryCommitted":31637504,"HeapMemoryInit":268435456,"HeapMemoryCommitted":231735296,"SurvivorMax":11010048,"EdenSpaceCommitted":134217728,"OldGenInit":179306496,"EdenSpaceMax":1409286144,"SurvivorCommitted":11010048,"NonHeapMemoryMax":-1,"NonHeapMemoryInit":2555904,"HeapMemoryUsed":34504320,"EdenSpaceInit":67108864,"PermGenInit":0},"threadMap":{"ThreadCount":30,"TotalStartedThreadCount":34,"DeadLockedThreadCount":0,"ProcessCpuTimeRate":5.441,"DaemonThreadCount":27}},"pushJobNum":0,"receiveJobNum":0,"timestamp":1778724120000},{"exeExceptionNum":0,"exeFailedNum":0,"exeLaterNum":0,"exeSuccessNum":0,"fixExecutingJobNum":0,"jvmMData":{"gcMap":{"FullGCCollectionTime":14,"SpanYoungGCCollectionCount":0,"SpanFullGCCollectionCount":0,"YoungGCCollectionCount":2,"FullGCCollectionCount":1,"SpanYoungGCCollectionTime":0,"YoungGCCollectionTime":39,"SpanFullGCCollectionTime":0},"memoryMap":{"HeapMemoryMax":3817865216,"SurvivorUsed":0,"OldGenCommitted":86507520,"PermGenUsed":0,"NonHeapMemoryUsed":31927272,"OldGenMax":2863661056,"SurvivorInit":11010048,"PermGenCommitted":0,"PermGenMax":0,"OldGenUsed":7197256,"EdenSpaceUsed":41404560,"NonHeapMemoryCommitted":32899072,"HeapMemoryInit":268435456,"HeapMemoryCommitted":231735296,"SurvivorMax":11010048,"EdenSpaceCommitted":134217728,"OldGenInit":179306496,"EdenSpaceMax":1409286144,"SurvivorCommitted":11010048,"NonHeapMemoryMax":-1,"NonHeapMemoryInit":2555904,"HeapMemoryUsed":48601816,"EdenSpaceInit":67108864,"PermGenInit":0},"threadMap":{"ThreadCount":41,"TotalStartedThreadCount":49,"DeadLockedThreadCount":0,"ProcessCpuTimeRate":3.235,"DaemonThreadCount":37}},"pushJobNum":0,"receiveJobNum":0,"timestamp":1778724180000},{"exeExceptionNum":0,"exeFailedNum":0,"exeLaterNum":0,"exeSuccessNum":0,"fixExecutingJobNum":0,"jvmMData":{"gcMap":{"FullGCCollectionTime":14,"SpanYoungGCCollectionCount":1,"SpanFullGCCollectionCount":0,"YoungGCCollectionCount":3,"FullGCCollectionCount":1,"SpanYoungGCCollectionTime":14,"YoungGCCollectionTime":53,"SpanFullGCCollectionTime":0},"memoryMap":{"HeapMemoryMax":3817865216,"SurvivorUsed":2341800,"OldGenCommitted":86507520,"PermGenUsed":0,"NonHeapMemoryUsed":33150888,"OldGenMax":2863661056,"SurvivorInit":11010048,"PermGenCommitted":0,"PermGenMax":0,"OldGenUsed":7205448,"EdenSpaceUsed":20897976,"NonHeapMemoryCommitted":34275328,"HeapMemoryInit":268435456,"HeapMemoryCommitted":231735296,"SurvivorMax":11010048,"EdenSpaceCommitted":134217728,"OldGenInit":179306496,"EdenSpaceMax":1409286144,"SurvivorCommitted":11010048,"NonHeapMemoryMax":-1,"NonHeapMemoryInit":2555904,"HeapMemoryUsed":30445224,"EdenSpaceInit":67108864,"PermGenInit":0},"threadMap":{"ThreadCount":196,"TotalStartedThreadCount":262,"DeadLockedThreadCount":0,"ProcessCpuTimeRate":6.438,"DaemonThreadCount":192}},"pushJobNum":0,"receiveJobNum":0,"timestamp":1778724240000}], lts version: 1.7.3-SNAPSHOT, current host: 192.168.64.1
[lts] 2026-05-14 10:05:00,437 DEBUG [pool-1-thread-4] com.github.ltsopensource.core.logger.slf4j.Slf4jLogger.debug(32) | 
    INSERT 
    INTO
        `
        lts_admin_task_tracker_monitor_data`(
            `gmt_created`, `node_group`, `identity`, `timestamp`, `exe_success_num`, `exe_failed_num`, `exe_later_num`, `exe_exception_num`, `total_running_time`
        ) 
    VALUES
        (?,?,?,?,?,?,?,?,?), lts version: 1.7.3-SNAPSHOT, current host: 192.168.64.1
[lts] 2026-05-14 10:05:00,449 DEBUG [pool-1-thread-4] com.github.ltsopensource.core.logger.slf4j.Slf4jLogger.debug(32) | 
    INSERT 
    INTO
        `
        lts_admin_jvm_gc`(
            `gmt_created`, `identity`, `timestamp`, `node_type`, `node_group`, `young_gc_collection_count`, `young_gc_collection_time`, `full_gc_collection_count`, `full_gc_collection_time`, `span_young_gc_collection_count`, `span_young_gc_collection_time`, `span_full_gc_collection_count`, `span_full_gc_collection_time`
        ) 
    VALUES
        (?,?,?,?,?,?,?,?,?,?,?,?,?), lts version: 1.7.3-SNAPSHOT, current host: 192.168.64.1
[lts] 2026-05-14 10:05:00,457 DEBUG [pool-1-thread-4] com.github.ltsopensource.core.logger.slf4j.Slf4jLogger.debug(32) | 
    INSERT 
    INTO
        `
        lts_admin_jvm_memory`(
            `gmt_created`, `identity`, `timestamp`, `node_type`, `node_group`, `heap_memory_committed`, `heap_memory_init`, `heap_memory_max`, `heap_memory_used`, `non_heap_memory_committed`, `non_heap_memory_init`, `non_heap_memory_max`, `non_heap_memory_used`, `perm_gen_committed`, `perm_gen_init`, `perm_gen_max`, `perm_gen_used`, `old_gen_committed`, `old_gen_init`, `old_gen_max`, `old_gen_used`, `eden_space_committed`, `eden_space_init`, `eden_space_max`, `eden_space_used`, `survivor_committed`, `survivor_init`, `survivor_max`, `survivor_used`
        ) 
    VALUES
        (?,?,?,?,?,?,?,?,?,?,?,?,?,?,?,?,?,?,?,?,?,?,?,?,?,?,?,?,?), lts version: 1.7.3-SNAPSHOT, current host: 192.168.64.1
[lts] 2026-05-14 10:05:00,462 DEBUG [pool-1-thread-4] com.github.ltsopensource.core.logger.slf4j.Slf4jLogger.debug(32) | 
    INSERT 
    INTO
        `
        lts_admin_jvm_thread`(
            `gmt_created`, `identity`, `timestamp`, `node_type`, `node_group`, `daemon_thread_count`, `thread_count`, `total_started_thread_count`, `dead_locked_thread_count`, `process_cpu_time_rate`
        ) 
    VALUES
        (?,?,?,?,?,?,?,?,?,?), lts version: 1.7.3-SNAPSHOT, current host: 192.168.64.1
[lts] 2026-05-14 10:05:00,470 DEBUG [pool-1-thread-4] com.github.ltsopensource.core.logger.slf4j.Slf4jLogger.debug(32) | Add Monitor Data success, mNode={"identity":"TT_192.168.64.1_19784_10-03-55.606_1","nodeGroup":"test_trade_taskTracker","nodeType":"TASK_TRACKER"}, mData=[{"exeExceptionNum":0,"exeFailedNum":0,"exeLaterNum":0,"exeSuccessNum":0,"jvmMData":{"gcMap":{"FullGCCollectionTime":0,"SpanYoungGCCollectionCount":0,"SpanFullGCCollectionCount":0,"YoungGCCollectionCount":1,"FullGCCollectionCount":0,"SpanYoungGCCollectionTime":0,"YoungGCCollectionTime":18,"SpanFullGCCollectionTime":0},"memoryMap":{"HeapMemoryMax":3817865216,"SurvivorUsed":7829944,"OldGenCommitted":179306496,"PermGenUsed":0,"NonHeapMemoryUsed":20431784,"OldGenMax":2863661056,"SurvivorInit":11010048,"PermGenCommitted":0,"PermGenMax":0,"OldGenUsed":8192,"EdenSpaceUsed":6688136,"NonHeapMemoryCommitted":21168128,"HeapMemoryInit":268435456,"HeapMemoryCommitted":257425408,"SurvivorMax":11010048,"EdenSpaceCommitted":67108864,"OldGenInit":179306496,"EdenSpaceMax":1409286144,"SurvivorCommitted":11010048,"NonHeapMemoryMax":-1,"NonHeapMemoryInit":2555904,"HeapMemoryUsed":14526272,"EdenSpaceInit":67108864,"PermGenInit":0},"threadMap":{"ThreadCount":25,"TotalStartedThreadCount":28,"DeadLockedThreadCount":0,"ProcessCpuTimeRate":12.10,"DaemonThreadCount":22}},"timestamp":1778724180000,"totalRunningTime":0},{"exeExceptionNum":0,"exeFailedNum":0,"exeLaterNum":0,"exeSuccessNum":0,"jvmMData":{"gcMap":{"FullGCCollectionTime":0,"SpanYoungGCCollectionCount":0,"SpanFullGCCollectionCount":0,"YoungGCCollectionCount":1,"FullGCCollectionCount":0,"SpanYoungGCCollectionTime":0,"YoungGCCollectionTime":18,"SpanFullGCCollectionTime":0},"memoryMap":{"HeapMemoryMax":3817865216,"SurvivorUsed":7829944,"OldGenCommitted":179306496,"PermGenUsed":0,"NonHeapMemoryUsed":21548768,"OldGenMax":2863661056,"SurvivorInit":11010048,"PermGenCommitted":0,"PermGenMax":0,"OldGenUsed":8192,"EdenSpaceUsed":14087256,"NonHeapMemoryCommitted":22413312,"HeapMemoryInit":268435456,"HeapMemoryCommitted":257425408,"SurvivorMax":11010048,"EdenSpaceCommitted":67108864,"OldGenInit":179306496,"EdenSpaceMax":1409286144,"SurvivorCommitted":11010048,"NonHeapMemoryMax":-1,"NonHeapMemoryInit":2555904,"HeapMemoryUsed":21925392,"EdenSpaceInit":67108864,"PermGenInit":0},"threadMap":{"ThreadCount":24,"TotalStartedThreadCount":28,"DeadLockedThreadCount":0,"ProcessCpuTimeRate":3.338,"DaemonThreadCount":21}},"timestamp":1778724240000,"totalRunningTime":0}], lts version: 1.7.3-SNAPSHOT, current host: 192.168.64.1
[lts] 2026-05-14 10:06:00,288 DEBUG [pool-1-thread-5] com.github.ltsopensource.core.logger.slf4j.Slf4jLogger.debug(32) | 
    INSERT 
    INTO
        `
        lts_admin_job_tracker_monitor_data`(
            `gmt_created`, `identity`, `timestamp`, `receive_job_num`, `push_job_num`, `exe_success_num`, `exe_failed_num`, `exe_later_num`, `exe_exception_num`, `fix_executing_job_num`
        ) 
    VALUES
        (?,?,?,?,?,?,?,?,?,?), lts version: 1.7.3-SNAPSHOT, current host: 192.168.64.1
[lts] 2026-05-14 10:06:00,336 DEBUG [pool-1-thread-5] com.github.ltsopensource.core.logger.slf4j.Slf4jLogger.debug(32) | 
    INSERT 
    INTO
        `
        lts_admin_jvm_gc`(
            `gmt_created`, `identity`, `timestamp`, `node_type`, `node_group`, `young_gc_collection_count`, `young_gc_collection_time`, `full_gc_collection_count`, `full_gc_collection_time`, `span_young_gc_collection_count`, `span_young_gc_collection_time`, `span_full_gc_collection_count`, `span_full_gc_collection_time`
        ) 
    VALUES
        (?,?,?,?,?,?,?,?,?,?,?,?,?), lts version: 1.7.3-SNAPSHOT, current host: 192.168.64.1
[lts] 2026-05-14 10:06:00,350 DEBUG [pool-1-thread-5] com.github.ltsopensource.core.logger.slf4j.Slf4jLogger.debug(32) | 
    INSERT 
    INTO
        `
        lts_admin_jvm_memory`(
            `gmt_created`, `identity`, `timestamp`, `node_type`, `node_group`, `heap_memory_committed`, `heap_memory_init`, `heap_memory_max`, `heap_memory_used`, `non_heap_memory_committed`, `non_heap_memory_init`, `non_heap_memory_max`, `non_heap_memory_used`, `perm_gen_committed`, `perm_gen_init`, `perm_gen_max`, `perm_gen_used`, `old_gen_committed`, `old_gen_init`, `old_gen_max`, `old_gen_used`, `eden_space_committed`, `eden_space_init`, `eden_space_max`, `eden_space_used`, `survivor_committed`, `survivor_init`, `survivor_max`, `survivor_used`
        ) 
    VALUES
        (?,?,?,?,?,?,?,?,?,?,?,?,?,?,?,?,?,?,?,?,?,?,?,?,?,?,?,?,?), lts version: 1.7.3-SNAPSHOT, current host: 192.168.64.1
[lts] 2026-05-14 10:06:00,373 DEBUG [pool-1-thread-5] com.github.ltsopensource.core.logger.slf4j.Slf4jLogger.debug(32) | 
    INSERT 
    INTO
        `
        lts_admin_jvm_thread`(
            `gmt_created`, `identity`, `timestamp`, `node_type`, `node_group`, `daemon_thread_count`, `thread_count`, `total_started_thread_count`, `dead_locked_thread_count`, `process_cpu_time_rate`
        ) 
    VALUES
        (?,?,?,?,?,?,?,?,?,?), lts version: 1.7.3-SNAPSHOT, current host: 192.168.64.1
[lts] 2026-05-14 10:06:00,384 DEBUG [pool-1-thread-5] com.github.ltsopensource.core.logger.slf4j.Slf4jLogger.debug(32) | Add Monitor Data success, mNode={"identity":"JT_192.168.64.1_19709_10-02-49.861_1","nodeGroup":"lts","nodeType":"JOB_TRACKER"}, mData=[{"exeExceptionNum":0,"exeFailedNum":0,"exeLaterNum":0,"exeSuccessNum":0,"fixExecutingJobNum":0,"jvmMData":{"gcMap":{"FullGCCollectionTime":14,"SpanYoungGCCollectionCount":0,"SpanFullGCCollectionCount":0,"YoungGCCollectionCount":2,"FullGCCollectionCount":1,"SpanYoungGCCollectionTime":0,"YoungGCCollectionTime":39,"SpanFullGCCollectionTime":0},"memoryMap":{"HeapMemoryMax":3817865216,"SurvivorUsed":0,"OldGenCommitted":86507520,"PermGenUsed":0,"NonHeapMemoryUsed":30571448,"OldGenMax":2863661056,"SurvivorInit":11010048,"PermGenCommitted":0,"PermGenMax":0,"OldGenUsed":7197256,"EdenSpaceUsed":27307064,"NonHeapMemoryCommitted":31637504,"HeapMemoryInit":268435456,"HeapMemoryCommitted":231735296,"SurvivorMax":11010048,"EdenSpaceCommitted":134217728,"OldGenInit":179306496,"EdenSpaceMax":1409286144,"SurvivorCommitted":11010048,"NonHeapMemoryMax":-1,"NonHeapMemoryInit":2555904,"HeapMemoryUsed":34504320,"EdenSpaceInit":67108864,"PermGenInit":0},"threadMap":{"ThreadCount":30,"TotalStartedThreadCount":34,"DeadLockedThreadCount":0,"ProcessCpuTimeRate":5.441,"DaemonThreadCount":27}},"pushJobNum":0,"receiveJobNum":0,"timestamp":1778724120000},{"exeExceptionNum":0,"exeFailedNum":0,"exeLaterNum":0,"exeSuccessNum":0,"fixExecutingJobNum":0,"jvmMData":{"gcMap":{"FullGCCollectionTime":14,"SpanYoungGCCollectionCount":0,"SpanFullGCCollectionCount":0,"YoungGCCollectionCount":2,"FullGCCollectionCount":1,"SpanYoungGCCollectionTime":0,"YoungGCCollectionTime":39,"SpanFullGCCollectionTime":0},"memoryMap":{"HeapMemoryMax":3817865216,"SurvivorUsed":0,"OldGenCommitted":86507520,"PermGenUsed":0,"NonHeapMemoryUsed":31927272,"OldGenMax":2863661056,"SurvivorInit":11010048,"PermGenCommitted":0,"PermGenMax":0,"OldGenUsed":7197256,"EdenSpaceUsed":41404560,"NonHeapMemoryCommitted":32899072,"HeapMemoryInit":268435456,"HeapMemoryCommitted":231735296,"SurvivorMax":11010048,"EdenSpaceCommitted":134217728,"OldGenInit":179306496,"EdenSpaceMax":1409286144,"SurvivorCommitted":11010048,"NonHeapMemoryMax":-1,"NonHeapMemoryInit":2555904,"HeapMemoryUsed":48601816,"EdenSpaceInit":67108864,"PermGenInit":0},"threadMap":{"ThreadCount":41,"TotalStartedThreadCount":49,"DeadLockedThreadCount":0,"ProcessCpuTimeRate":3.235,"DaemonThreadCount":37}},"pushJobNum":0,"receiveJobNum":0,"timestamp":1778724180000},{"exeExceptionNum":0,"exeFailedNum":0,"exeLaterNum":0,"exeSuccessNum":0,"fixExecutingJobNum":0,"jvmMData":{"gcMap":{"FullGCCollectionTime":14,"SpanYoungGCCollectionCount":1,"SpanFullGCCollectionCount":0,"YoungGCCollectionCount":3,"FullGCCollectionCount":1,"SpanYoungGCCollectionTime":14,"YoungGCCollectionTime":53,"SpanFullGCCollectionTime":0},"memoryMap":{"HeapMemoryMax":3817865216,"SurvivorUsed":2341800,"OldGenCommitted":86507520,"PermGenUsed":0,"NonHeapMemoryUsed":33150888,"OldGenMax":2863661056,"SurvivorInit":11010048,"PermGenCommitted":0,"PermGenMax":0,"OldGenUsed":7205448,"EdenSpaceUsed":20897976,"NonHeapMemoryCommitted":34275328,"HeapMemoryInit":268435456,"HeapMemoryCommitted":231735296,"SurvivorMax":11010048,"EdenSpaceCommitted":134217728,"OldGenInit":179306496,"EdenSpaceMax":1409286144,"SurvivorCommitted":11010048,"NonHeapMemoryMax":-1,"NonHeapMemoryInit":2555904,"HeapMemoryUsed":30445224,"EdenSpaceInit":67108864,"PermGenInit":0},"threadMap":{"ThreadCount":196,"TotalStartedThreadCount":262,"DeadLockedThreadCount":0,"ProcessCpuTimeRate":6.438,"DaemonThreadCount":192}},"pushJobNum":0,"receiveJobNum":0,"timestamp":1778724240000},{"exeExceptionNum":0,"exeFailedNum":0,"exeLaterNum":0,"exeSuccessNum":0,"fixExecutingJobNum":0,"jvmMData":{"gcMap":{"FullGCCollectionTime":14,"SpanYoungGCCollectionCount":0,"SpanFullGCCollectionCount":0,"YoungGCCollectionCount":3,"FullGCCollectionCount":1,"SpanYoungGCCollectionTime":0,"YoungGCCollectionTime":53,"SpanFullGCCollectionTime":0},"memoryMap":{"HeapMemoryMax":3817865216,"SurvivorUsed":2341800,"OldGenCommitted":86507520,"PermGenUsed":0,"NonHeapMemoryUsed":34708688,"OldGenMax":2863661056,"SurvivorInit":11010048,"PermGenCommitted":0,"PermGenMax":0,"OldGenUsed":7205448,"EdenSpaceUsed":60142632,"NonHeapMemoryCommitted":35782656,"HeapMemoryInit":268435456,"HeapMemoryCommitted":231735296,"SurvivorMax":11010048,"EdenSpaceCommitted":134217728,"OldGenInit":179306496,"EdenSpaceMax":1409286144,"SurvivorCommitted":11010048,"NonHeapMemoryMax":-1,"NonHeapMemoryInit":2555904,"HeapMemoryUsed":69689880,"EdenSpaceInit":67108864,"PermGenInit":0},"threadMap":{"ThreadCount":215,"TotalStartedThreadCount":340,"DeadLockedThreadCount":0,"ProcessCpuTimeRate":4.987,"DaemonThreadCount":211}},"pushJobNum":0,"receiveJobNum":0,"timestamp":1778724300000}], lts version: 1.7.3-SNAPSHOT, current host: 192.168.64.1
[lts] 2026-05-14 10:06:00,595 DEBUG [pool-1-thread-6] com.github.ltsopensource.core.logger.slf4j.Slf4jLogger.debug(32) | 
    INSERT 
    INTO
        `
        lts_admin_task_tracker_monitor_data`(
            `gmt_created`, `node_group`, `identity`, `timestamp`, `exe_success_num`, `exe_failed_num`, `exe_later_num`, `exe_exception_num`, `total_running_time`
        ) 
    VALUES
        (?,?,?,?,?,?,?,?,?), lts version: 1.7.3-SNAPSHOT, current host: 192.168.64.1
[lts] 2026-05-14 10:06:00,611 DEBUG [pool-1-thread-6] com.github.ltsopensource.core.logger.slf4j.Slf4jLogger.debug(32) | 
    INSERT 
    INTO
        `
        lts_admin_jvm_gc`(
            `gmt_created`, `identity`, `timestamp`, `node_type`, `node_group`, `young_gc_collection_count`, `young_gc_collection_time`, `full_gc_collection_count`, `full_gc_collection_time`, `span_young_gc_collection_count`, `span_young_gc_collection_time`, `span_full_gc_collection_count`, `span_full_gc_collection_time`
        ) 
    VALUES
        (?,?,?,?,?,?,?,?,?,?,?,?,?), lts version: 1.7.3-SNAPSHOT, current host: 192.168.64.1
[lts] 2026-05-14 10:06:00,624 DEBUG [pool-1-thread-6] com.github.ltsopensource.core.logger.slf4j.Slf4jLogger.debug(32) | 
    INSERT 
    INTO
        `
        lts_admin_jvm_memory`(
            `gmt_created`, `identity`, `timestamp`, `node_type`, `node_group`, `heap_memory_committed`, `heap_memory_init`, `heap_memory_max`, `heap_memory_used`, `non_heap_memory_committed`, `non_heap_memory_init`, `non_heap_memory_max`, `non_heap_memory_used`, `perm_gen_committed`, `perm_gen_init`, `perm_gen_max`, `perm_gen_used`, `old_gen_committed`, `old_gen_init`, `old_gen_max`, `old_gen_used`, `eden_space_committed`, `eden_space_init`, `eden_space_max`, `eden_space_used`, `survivor_committed`, `survivor_init`, `survivor_max`, `survivor_used`
        ) 
    VALUES
        (?,?,?,?,?,?,?,?,?,?,?,?,?,?,?,?,?,?,?,?,?,?,?,?,?,?,?,?,?), lts version: 1.7.3-SNAPSHOT, current host: 192.168.64.1
[lts] 2026-05-14 10:06:00,633 DEBUG [pool-1-thread-6] com.github.ltsopensource.core.logger.slf4j.Slf4jLogger.debug(32) | 
    INSERT 
    INTO
        `
        lts_admin_jvm_thread`(
            `gmt_created`, `identity`, `timestamp`, `node_type`, `node_group`, `daemon_thread_count`, `thread_count`, `total_started_thread_count`, `dead_locked_thread_count`, `process_cpu_time_rate`
        ) 
    VALUES
        (?,?,?,?,?,?,?,?,?,?), lts version: 1.7.3-SNAPSHOT, current host: 192.168.64.1
[lts] 2026-05-14 10:06:00,643 DEBUG [pool-1-thread-6] com.github.ltsopensource.core.logger.slf4j.Slf4jLogger.debug(32) | Add Monitor Data success, mNode={"identity":"TT_192.168.64.1_19784_10-03-55.606_1","nodeGroup":"test_trade_taskTracker","nodeType":"TASK_TRACKER"}, mData=[{"exeExceptionNum":0,"exeFailedNum":0,"exeLaterNum":0,"exeSuccessNum":0,"jvmMData":{"gcMap":{"FullGCCollectionTime":0,"SpanYoungGCCollectionCount":0,"SpanFullGCCollectionCount":0,"YoungGCCollectionCount":1,"FullGCCollectionCount":0,"SpanYoungGCCollectionTime":0,"YoungGCCollectionTime":18,"SpanFullGCCollectionTime":0},"memoryMap":{"HeapMemoryMax":3817865216,"SurvivorUsed":7829944,"OldGenCommitted":179306496,"PermGenUsed":0,"NonHeapMemoryUsed":20431784,"OldGenMax":2863661056,"SurvivorInit":11010048,"PermGenCommitted":0,"PermGenMax":0,"OldGenUsed":8192,"EdenSpaceUsed":6688136,"NonHeapMemoryCommitted":21168128,"HeapMemoryInit":268435456,"HeapMemoryCommitted":257425408,"SurvivorMax":11010048,"EdenSpaceCommitted":67108864,"OldGenInit":179306496,"EdenSpaceMax":1409286144,"SurvivorCommitted":11010048,"NonHeapMemoryMax":-1,"NonHeapMemoryInit":2555904,"HeapMemoryUsed":14526272,"EdenSpaceInit":67108864,"PermGenInit":0},"threadMap":{"ThreadCount":25,"TotalStartedThreadCount":28,"DeadLockedThreadCount":0,"ProcessCpuTimeRate":12.10,"DaemonThreadCount":22}},"timestamp":1778724180000,"totalRunningTime":0},{"exeExceptionNum":0,"exeFailedNum":0,"exeLaterNum":0,"exeSuccessNum":0,"jvmMData":{"gcMap":{"FullGCCollectionTime":0,"SpanYoungGCCollectionCount":0,"SpanFullGCCollectionCount":0,"YoungGCCollectionCount":1,"FullGCCollectionCount":0,"SpanYoungGCCollectionTime":0,"YoungGCCollectionTime":18,"SpanFullGCCollectionTime":0},"memoryMap":{"HeapMemoryMax":3817865216,"SurvivorUsed":7829944,"OldGenCommitted":179306496,"PermGenUsed":0,"NonHeapMemoryUsed":21548768,"OldGenMax":2863661056,"SurvivorInit":11010048,"PermGenCommitted":0,"PermGenMax":0,"OldGenUsed":8192,"EdenSpaceUsed":14087256,"NonHeapMemoryCommitted":22413312,"HeapMemoryInit":268435456,"HeapMemoryCommitted":257425408,"SurvivorMax":11010048,"EdenSpaceCommitted":67108864,"OldGenInit":179306496,"EdenSpaceMax":1409286144,"SurvivorCommitted":11010048,"NonHeapMemoryMax":-1,"NonHeapMemoryInit":2555904,"HeapMemoryUsed":21925392,"EdenSpaceInit":67108864,"PermGenInit":0},"threadMap":{"ThreadCount":24,"TotalStartedThreadCount":28,"DeadLockedThreadCount":0,"ProcessCpuTimeRate":3.338,"DaemonThreadCount":21}},"timestamp":1778724240000,"totalRunningTime":0},{"exeExceptionNum":0,"exeFailedNum":0,"exeLaterNum":0,"exeSuccessNum":0,"jvmMData":{"gcMap":{"FullGCCollectionTime":0,"SpanYoungGCCollectionCount":0,"SpanFullGCCollectionCount":0,"YoungGCCollectionCount":1,"FullGCCollectionCount":0,"SpanYoungGCCollectionTime":0,"YoungGCCollectionTime":18,"SpanFullGCCollectionTime":0},"memoryMap":{"HeapMemoryMax":3817865216,"SurvivorUsed":7829944,"OldGenCommitted":179306496,"PermGenUsed":0,"NonHeapMemoryUsed":21989680,"OldGenMax":2863661056,"SurvivorInit":11010048,"PermGenCommitted":0,"PermGenMax":0,"OldGenUsed":8192,"EdenSpaceUsed":16791488,"NonHeapMemoryCommitted":22806528,"HeapMemoryInit":268435456,"HeapMemoryCommitted":257425408,"SurvivorMax":11010048,"EdenSpaceCommitted":67108864,"OldGenInit":179306496,"EdenSpaceMax":1409286144,"SurvivorCommitted":11010048,"NonHeapMemoryMax":-1,"NonHeapMemoryInit":2555904,"HeapMemoryUsed":24629624,"EdenSpaceInit":67108864,"PermGenInit":0},"threadMap":{"ThreadCount":24,"TotalStartedThreadCount":28,"DeadLockedThreadCount":0,"ProcessCpuTimeRate":2.289,"DaemonThreadCount":21}},"timestamp":1778724300000,"totalRunningTime":0}], lts version: 1.7.3-SNAPSHOT, current host: 192.168.64.1
[lts] 2026-05-14 10:07:00,579 DEBUG [pool-1-thread-7] com.github.ltsopensource.core.logger.slf4j.Slf4jLogger.debug(32) | 
    INSERT 
    INTO
        `
        lts_admin_job_tracker_monitor_data`(
            `gmt_created`, `identity`, `timestamp`, `receive_job_num`, `push_job_num`, `exe_success_num`, `exe_failed_num`, `exe_later_num`, `exe_exception_num`, `fix_executing_job_num`
        ) 
    VALUES
        (?,?,?,?,?,?,?,?,?,?), lts version: 1.7.3-SNAPSHOT, current host: 192.168.64.1
[lts] 2026-05-14 10:07:00,657 DEBUG [pool-1-thread-7] com.github.ltsopensource.core.logger.slf4j.Slf4jLogger.debug(32) | 
    INSERT 
    INTO
        `
        lts_admin_jvm_gc`(
            `gmt_created`, `identity`, `timestamp`, `node_type`, `node_group`, `young_gc_collection_count`, `young_gc_collection_time`, `full_gc_collection_count`, `full_gc_collection_time`, `span_young_gc_collection_count`, `span_young_gc_collection_time`, `span_full_gc_collection_count`, `span_full_gc_collection_time`
        ) 
    VALUES
        (?,?,?,?,?,?,?,?,?,?,?,?,?), lts version: 1.7.3-SNAPSHOT, current host: 192.168.64.1
[lts] 2026-05-14 10:07:00,672 DEBUG [pool-1-thread-7] com.github.ltsopensource.core.logger.slf4j.Slf4jLogger.debug(32) | 
    INSERT 
    INTO
        `
        lts_admin_jvm_memory`(
            `gmt_created`, `identity`, `timestamp`, `node_type`, `node_group`, `heap_memory_committed`, `heap_memory_init`, `heap_memory_max`, `heap_memory_used`, `non_heap_memory_committed`, `non_heap_memory_init`, `non_heap_memory_max`, `non_heap_memory_used`, `perm_gen_committed`, `perm_gen_init`, `perm_gen_max`, `perm_gen_used`, `old_gen_committed`, `old_gen_init`, `old_gen_max`, `old_gen_used`, `eden_space_committed`, `eden_space_init`, `eden_space_max`, `eden_space_used`, `survivor_committed`, `survivor_init`, `survivor_max`, `survivor_used`
        ) 
    VALUES
        (?,?,?,?,?,?,?,?,?,?,?,?,?,?,?,?,?,?,?,?,?,?,?,?,?,?,?,?,?), lts version: 1.7.3-SNAPSHOT, current host: 192.168.64.1
[lts] 2026-05-14 10:07:00,680 DEBUG [pool-1-thread-7] com.github.ltsopensource.core.logger.slf4j.Slf4jLogger.debug(32) | 
    INSERT 
    INTO
        `
        lts_admin_jvm_thread`(
            `gmt_created`, `identity`, `timestamp`, `node_type`, `node_group`, `daemon_thread_count`, `thread_count`, `total_started_thread_count`, `dead_locked_thread_count`, `process_cpu_time_rate`
        ) 
    VALUES
        (?,?,?,?,?,?,?,?,?,?), lts version: 1.7.3-SNAPSHOT, current host: 192.168.64.1
[lts] 2026-05-14 10:07:00,688 DEBUG [pool-1-thread-7] com.github.ltsopensource.core.logger.slf4j.Slf4jLogger.debug(32) | Add Monitor Data success, mNode={"identity":"JT_192.168.64.1_19709_10-02-49.861_1","nodeGroup":"lts","nodeType":"JOB_TRACKER"}, mData=[{"exeExceptionNum":0,"exeFailedNum":0,"exeLaterNum":0,"exeSuccessNum":0,"fixExecutingJobNum":0,"jvmMData":{"gcMap":{"FullGCCollectionTime":14,"SpanYoungGCCollectionCount":0,"SpanFullGCCollectionCount":0,"YoungGCCollectionCount":2,"FullGCCollectionCount":1,"SpanYoungGCCollectionTime":0,"YoungGCCollectionTime":39,"SpanFullGCCollectionTime":0},"memoryMap":{"HeapMemoryMax":3817865216,"SurvivorUsed":0,"OldGenCommitted":86507520,"PermGenUsed":0,"NonHeapMemoryUsed":30571448,"OldGenMax":2863661056,"SurvivorInit":11010048,"PermGenCommitted":0,"PermGenMax":0,"OldGenUsed":7197256,"EdenSpaceUsed":27307064,"NonHeapMemoryCommitted":31637504,"HeapMemoryInit":268435456,"HeapMemoryCommitted":231735296,"SurvivorMax":11010048,"EdenSpaceCommitted":134217728,"OldGenInit":179306496,"EdenSpaceMax":1409286144,"SurvivorCommitted":11010048,"NonHeapMemoryMax":-1,"NonHeapMemoryInit":2555904,"HeapMemoryUsed":34504320,"EdenSpaceInit":67108864,"PermGenInit":0},"threadMap":{"ThreadCount":30,"TotalStartedThreadCount":34,"DeadLockedThreadCount":0,"ProcessCpuTimeRate":5.441,"DaemonThreadCount":27}},"pushJobNum":0,"receiveJobNum":0,"timestamp":1778724120000},{"exeExceptionNum":0,"exeFailedNum":0,"exeLaterNum":0,"exeSuccessNum":0,"fixExecutingJobNum":0,"jvmMData":{"gcMap":{"FullGCCollectionTime":14,"SpanYoungGCCollectionCount":0,"SpanFullGCCollectionCount":0,"YoungGCCollectionCount":2,"FullGCCollectionCount":1,"SpanYoungGCCollectionTime":0,"YoungGCCollectionTime":39,"SpanFullGCCollectionTime":0},"memoryMap":{"HeapMemoryMax":3817865216,"SurvivorUsed":0,"OldGenCommitted":86507520,"PermGenUsed":0,"NonHeapMemoryUsed":31927272,"OldGenMax":2863661056,"SurvivorInit":11010048,"PermGenCommitted":0,"PermGenMax":0,"OldGenUsed":7197256,"EdenSpaceUsed":41404560,"NonHeapMemoryCommitted":32899072,"HeapMemoryInit":268435456,"HeapMemoryCommitted":231735296,"SurvivorMax":11010048,"EdenSpaceCommitted":134217728,"OldGenInit":179306496,"EdenSpaceMax":1409286144,"SurvivorCommitted":11010048,"NonHeapMemoryMax":-1,"NonHeapMemoryInit":2555904,"HeapMemoryUsed":48601816,"EdenSpaceInit":67108864,"PermGenInit":0},"threadMap":{"ThreadCount":41,"TotalStartedThreadCount":49,"DeadLockedThreadCount":0,"ProcessCpuTimeRate":3.235,"DaemonThreadCount":37}},"pushJobNum":0,"receiveJobNum":0,"timestamp":1778724180000},{"exeExceptionNum":0,"exeFailedNum":0,"exeLaterNum":0,"exeSuccessNum":0,"fixExecutingJobNum":0,"jvmMData":{"gcMap":{"FullGCCollectionTime":14,"SpanYoungGCCollectionCount":1,"SpanFullGCCollectionCount":0,"YoungGCCollectionCount":3,"FullGCCollectionCount":1,"SpanYoungGCCollectionTime":14,"YoungGCCollectionTime":53,"SpanFullGCCollectionTime":0},"memoryMap":{"HeapMemoryMax":3817865216,"SurvivorUsed":2341800,"OldGenCommitted":86507520,"PermGenUsed":0,"NonHeapMemoryUsed":33150888,"OldGenMax":2863661056,"SurvivorInit":11010048,"PermGenCommitted":0,"PermGenMax":0,"OldGenUsed":7205448,"EdenSpaceUsed":20897976,"NonHeapMemoryCommitted":34275328,"HeapMemoryInit":268435456,"HeapMemoryCommitted":231735296,"SurvivorMax":11010048,"EdenSpaceCommitted":134217728,"OldGenInit":179306496,"EdenSpaceMax":1409286144,"SurvivorCommitted":11010048,"NonHeapMemoryMax":-1,"NonHeapMemoryInit":2555904,"HeapMemoryUsed":30445224,"EdenSpaceInit":67108864,"PermGenInit":0},"threadMap":{"ThreadCount":196,"TotalStartedThreadCount":262,"DeadLockedThreadCount":0,"ProcessCpuTimeRate":6.438,"DaemonThreadCount":192}},"pushJobNum":0,"receiveJobNum":0,"timestamp":1778724240000},{"exeExceptionNum":0,"exeFailedNum":0,"exeLaterNum":0,"exeSuccessNum":0,"fixExecutingJobNum":0,"jvmMData":{"gcMap":{"FullGCCollectionTime":14,"SpanYoungGCCollectionCount":0,"SpanFullGCCollectionCount":0,"YoungGCCollectionCount":3,"FullGCCollectionCount":1,"SpanYoungGCCollectionTime":0,"YoungGCCollectionTime":53,"SpanFullGCCollectionTime":0},"memoryMap":{"HeapMemoryMax":3817865216,"SurvivorUsed":2341800,"OldGenCommitted":86507520,"PermGenUsed":0,"NonHeapMemoryUsed":34708688,"OldGenMax":2863661056,"SurvivorInit":11010048,"PermGenCommitted":0,"PermGenMax":0,"OldGenUsed":7205448,"EdenSpaceUsed":60142632,"NonHeapMemoryCommitted":35782656,"HeapMemoryInit":268435456,"HeapMemoryCommitted":231735296,"SurvivorMax":11010048,"EdenSpaceCommitted":134217728,"OldGenInit":179306496,"EdenSpaceMax":1409286144,"SurvivorCommitted":11010048,"NonHeapMemoryMax":-1,"NonHeapMemoryInit":2555904,"HeapMemoryUsed":69689880,"EdenSpaceInit":67108864,"PermGenInit":0},"threadMap":{"ThreadCount":215,"TotalStartedThreadCount":340,"DeadLockedThreadCount":0,"ProcessCpuTimeRate":4.987,"DaemonThreadCount":211}},"pushJobNum":0,"receiveJobNum":0,"timestamp":1778724300000},{"exeExceptionNum":0,"exeFailedNum":0,"exeLaterNum":0,"exeSuccessNum":0,"fixExecutingJobNum":0,"jvmMData":{"gcMap":{"FullGCCollectionTime":14,"SpanYoungGCCollectionCount":0,"SpanFullGCCollectionCount":0,"YoungGCCollectionCount":3,"FullGCCollectionCount":1,"SpanYoungGCCollectionTime":0,"YoungGCCollectionTime":53,"SpanFullGCCollectionTime":0},"memoryMap":{"HeapMemoryMax":3817865216,"SurvivorUsed":2341800,"OldGenCommitted":86507520,"PermGenUsed":0,"NonHeapMemoryUsed":35370336,"OldGenMax":2863661056,"SurvivorInit":11010048,"PermGenCommitted":0,"PermGenMax":0,"OldGenUsed":7205448,"EdenSpaceUsed":69433392,"NonHeapMemoryCommitted":36372480,"HeapMemoryInit":268435456,"HeapMemoryCommitted":231735296,"SurvivorMax":11010048,"EdenSpaceCommitted":134217728,"OldGenInit":179306496,"EdenSpaceMax":1409286144,"SurvivorCommitted":11010048,"NonHeapMemoryMax":-1,"NonHeapMemoryInit":2555904,"HeapMemoryUsed":78980640,"EdenSpaceInit":67108864,"PermGenInit":0},"threadMap":{"ThreadCount":215,"TotalStartedThreadCount":400,"DeadLockedThreadCount":0,"ProcessCpuTimeRate":4.004,"DaemonThreadCount":211}},"pushJobNum":0,"receiveJobNum":0,"timestamp":1778724360000}], lts version: 1.7.3-SNAPSHOT, current host: 192.168.64.1
[lts] 2026-05-14 10:07:00,790 DEBUG [pool-1-thread-8] com.github.ltsopensource.core.logger.slf4j.Slf4jLogger.debug(32) | 
    INSERT 
    INTO
        `
        lts_admin_task_tracker_monitor_data`(
            `gmt_created`, `node_group`, `identity`, `timestamp`, `exe_success_num`, `exe_failed_num`, `exe_later_num`, `exe_exception_num`, `total_running_time`
        ) 
    VALUES
        (?,?,?,?,?,?,?,?,?), lts version: 1.7.3-SNAPSHOT, current host: 192.168.64.1
[lts] 2026-05-14 10:07:00,803 DEBUG [pool-1-thread-8] com.github.ltsopensource.core.logger.slf4j.Slf4jLogger.debug(32) | 
    INSERT 
    INTO
        `
        lts_admin_jvm_gc`(
            `gmt_created`, `identity`, `timestamp`, `node_type`, `node_group`, `young_gc_collection_count`, `young_gc_collection_time`, `full_gc_collection_count`, `full_gc_collection_time`, `span_young_gc_collection_count`, `span_young_gc_collection_time`, `span_full_gc_collection_count`, `span_full_gc_collection_time`
        ) 
    VALUES
        (?,?,?,?,?,?,?,?,?,?,?,?,?), lts version: 1.7.3-SNAPSHOT, current host: 192.168.64.1
[lts] 2026-05-14 10:07:00,813 DEBUG [pool-1-thread-8] com.github.ltsopensource.core.logger.slf4j.Slf4jLogger.debug(32) | 
    INSERT 
    INTO
        `
        lts_admin_jvm_memory`(
            `gmt_created`, `identity`, `timestamp`, `node_type`, `node_group`, `heap_memory_committed`, `heap_memory_init`, `heap_memory_max`, `heap_memory_used`, `non_heap_memory_committed`, `non_heap_memory_init`, `non_heap_memory_max`, `non_heap_memory_used`, `perm_gen_committed`, `perm_gen_init`, `perm_gen_max`, `perm_gen_used`, `old_gen_committed`, `old_gen_init`, `old_gen_max`, `old_gen_used`, `eden_space_committed`, `eden_space_init`, `eden_space_max`, `eden_space_used`, `survivor_committed`, `survivor_init`, `survivor_max`, `survivor_used`
        ) 
    VALUES
        (?,?,?,?,?,?,?,?,?,?,?,?,?,?,?,?,?,?,?,?,?,?,?,?,?,?,?,?,?), lts version: 1.7.3-SNAPSHOT, current host: 192.168.64.1
[lts] 2026-05-14 10:07:00,820 DEBUG [pool-1-thread-8] com.github.ltsopensource.core.logger.slf4j.Slf4jLogger.debug(32) | 
    INSERT 
    INTO
        `
        lts_admin_jvm_thread`(
            `gmt_created`, `identity`, `timestamp`, `node_type`, `node_group`, `daemon_thread_count`, `thread_count`, `total_started_thread_count`, `dead_locked_thread_count`, `process_cpu_time_rate`
        ) 
    VALUES
        (?,?,?,?,?,?,?,?,?,?), lts version: 1.7.3-SNAPSHOT, current host: 192.168.64.1
[lts] 2026-05-14 10:07:00,827 DEBUG [pool-1-thread-8] com.github.ltsopensource.core.logger.slf4j.Slf4jLogger.debug(32) | Add Monitor Data success, mNode={"identity":"TT_192.168.64.1_19784_10-03-55.606_1","nodeGroup":"test_trade_taskTracker","nodeType":"TASK_TRACKER"}, mData=[{"exeExceptionNum":0,"exeFailedNum":0,"exeLaterNum":0,"exeSuccessNum":0,"jvmMData":{"gcMap":{"FullGCCollectionTime":0,"SpanYoungGCCollectionCount":0,"SpanFullGCCollectionCount":0,"YoungGCCollectionCount":1,"FullGCCollectionCount":0,"SpanYoungGCCollectionTime":0,"YoungGCCollectionTime":18,"SpanFullGCCollectionTime":0},"memoryMap":{"HeapMemoryMax":3817865216,"SurvivorUsed":7829944,"OldGenCommitted":179306496,"PermGenUsed":0,"NonHeapMemoryUsed":20431784,"OldGenMax":2863661056,"SurvivorInit":11010048,"PermGenCommitted":0,"PermGenMax":0,"OldGenUsed":8192,"EdenSpaceUsed":6688136,"NonHeapMemoryCommitted":21168128,"HeapMemoryInit":268435456,"HeapMemoryCommitted":257425408,"SurvivorMax":11010048,"EdenSpaceCommitted":67108864,"OldGenInit":179306496,"EdenSpaceMax":1409286144,"SurvivorCommitted":11010048,"NonHeapMemoryMax":-1,"NonHeapMemoryInit":2555904,"HeapMemoryUsed":14526272,"EdenSpaceInit":67108864,"PermGenInit":0},"threadMap":{"ThreadCount":25,"TotalStartedThreadCount":28,"DeadLockedThreadCount":0,"ProcessCpuTimeRate":12.10,"DaemonThreadCount":22}},"timestamp":1778724180000,"totalRunningTime":0},{"exeExceptionNum":0,"exeFailedNum":0,"exeLaterNum":0,"exeSuccessNum":0,"jvmMData":{"gcMap":{"FullGCCollectionTime":0,"SpanYoungGCCollectionCount":0,"SpanFullGCCollectionCount":0,"YoungGCCollectionCount":1,"FullGCCollectionCount":0,"SpanYoungGCCollectionTime":0,"YoungGCCollectionTime":18,"SpanFullGCCollectionTime":0},"memoryMap":{"HeapMemoryMax":3817865216,"SurvivorUsed":7829944,"OldGenCommitted":179306496,"PermGenUsed":0,"NonHeapMemoryUsed":21548768,"OldGenMax":2863661056,"SurvivorInit":11010048,"PermGenCommitted":0,"PermGenMax":0,"OldGenUsed":8192,"EdenSpaceUsed":14087256,"NonHeapMemoryCommitted":22413312,"HeapMemoryInit":268435456,"HeapMemoryCommitted":257425408,"SurvivorMax":11010048,"EdenSpaceCommitted":67108864,"OldGenInit":179306496,"EdenSpaceMax":1409286144,"SurvivorCommitted":11010048,"NonHeapMemoryMax":-1,"NonHeapMemoryInit":2555904,"HeapMemoryUsed":21925392,"EdenSpaceInit":67108864,"PermGenInit":0},"threadMap":{"ThreadCount":24,"TotalStartedThreadCount":28,"DeadLockedThreadCount":0,"ProcessCpuTimeRate":3.338,"DaemonThreadCount":21}},"timestamp":1778724240000,"totalRunningTime":0},{"exeExceptionNum":0,"exeFailedNum":0,"exeLaterNum":0,"exeSuccessNum":0,"jvmMData":{"gcMap":{"FullGCCollectionTime":0,"SpanYoungGCCollectionCount":0,"SpanFullGCCollectionCount":0,"YoungGCCollectionCount":1,"FullGCCollectionCount":0,"SpanYoungGCCollectionTime":0,"YoungGCCollectionTime":18,"SpanFullGCCollectionTime":0},"memoryMap":{"HeapMemoryMax":3817865216,"SurvivorUsed":7829944,"OldGenCommitted":179306496,"PermGenUsed":0,"NonHeapMemoryUsed":21989680,"OldGenMax":2863661056,"SurvivorInit":11010048,"PermGenCommitted":0,"PermGenMax":0,"OldGenUsed":8192,"EdenSpaceUsed":16791488,"NonHeapMemoryCommitted":22806528,"HeapMemoryInit":268435456,"HeapMemoryCommitted":257425408,"SurvivorMax":11010048,"EdenSpaceCommitted":67108864,"OldGenInit":179306496,"EdenSpaceMax":1409286144,"SurvivorCommitted":11010048,"NonHeapMemoryMax":-1,"NonHeapMemoryInit":2555904,"HeapMemoryUsed":24629624,"EdenSpaceInit":67108864,"PermGenInit":0},"threadMap":{"ThreadCount":24,"TotalStartedThreadCount":28,"DeadLockedThreadCount":0,"ProcessCpuTimeRate":2.289,"DaemonThreadCount":21}},"timestamp":1778724300000,"totalRunningTime":0},{"exeExceptionNum":0,"exeFailedNum":0,"exeLaterNum":0,"exeSuccessNum":0,"jvmMData":{"gcMap":{"FullGCCollectionTime":0,"SpanYoungGCCollectionCount":0,"SpanFullGCCollectionCount":0,"YoungGCCollectionCount":1,"FullGCCollectionCount":0,"SpanYoungGCCollectionTime":0,"YoungGCCollectionTime":18,"SpanFullGCCollectionTime":0},"memoryMap":{"HeapMemoryMax":3817865216,"SurvivorUsed":7829944,"OldGenCommitted":179306496,"PermGenUsed":0,"NonHeapMemoryUsed":21988632,"OldGenMax":2863661056,"SurvivorInit":11010048,"PermGenCommitted":0,"PermGenMax":0,"OldGenUsed":8192,"EdenSpaceUsed":18808208,"NonHeapMemoryCommitted":23003136,"HeapMemoryInit":268435456,"HeapMemoryCommitted":257425408,"SurvivorMax":11010048,"EdenSpaceCommitted":67108864,"OldGenInit":179306496,"EdenSpaceMax":1409286144,"SurvivorCommitted":11010048,"NonHeapMemoryMax":-1,"NonHeapMemoryInit":2555904,"HeapMemoryUsed":26646344,"EdenSpaceInit":67108864,"PermGenInit":0},"threadMap":{"ThreadCount":24,"TotalStartedThreadCount":28,"DeadLockedThreadCount":0,"ProcessCpuTimeRate":2.171,"DaemonThreadCount":21}},"timestamp":1778724360000,"totalRunningTime":0}], lts version: 1.7.3-SNAPSHOT, current host: 192.168.64.1
[lts] 2026-05-14 10:08:00,853 DEBUG [pool-1-thread-1] com.github.ltsopensource.core.logger.slf4j.Slf4jLogger.debug(32) | 
    INSERT 
    INTO
        `
        lts_admin_job_tracker_monitor_data`(
            `gmt_created`, `identity`, `timestamp`, `receive_job_num`, `push_job_num`, `exe_success_num`, `exe_failed_num`, `exe_later_num`, `exe_exception_num`, `fix_executing_job_num`
        ) 
    VALUES
        (?,?,?,?,?,?,?,?,?,?), lts version: 1.7.3-SNAPSHOT, current host: 192.168.64.1
[lts] 2026-05-14 10:08:00,890 DEBUG [pool-1-thread-1] com.github.ltsopensource.core.logger.slf4j.Slf4jLogger.debug(32) | 
    INSERT 
    INTO
        `
        lts_admin_jvm_gc`(
            `gmt_created`, `identity`, `timestamp`, `node_type`, `node_group`, `young_gc_collection_count`, `young_gc_collection_time`, `full_gc_collection_count`, `full_gc_collection_time`, `span_young_gc_collection_count`, `span_young_gc_collection_time`, `span_full_gc_collection_count`, `span_full_gc_collection_time`
        ) 
    VALUES
        (?,?,?,?,?,?,?,?,?,?,?,?,?), lts version: 1.7.3-SNAPSHOT, current host: 192.168.64.1
[lts] 2026-05-14 10:08:00,910 DEBUG [pool-1-thread-1] com.github.ltsopensource.core.logger.slf4j.Slf4jLogger.debug(32) | 
    INSERT 
    INTO
        `
        lts_admin_jvm_memory`(
            `gmt_created`, `identity`, `timestamp`, `node_type`, `node_group`, `heap_memory_committed`, `heap_memory_init`, `heap_memory_max`, `heap_memory_used`, `non_heap_memory_committed`, `non_heap_memory_init`, `non_heap_memory_max`, `non_heap_memory_used`, `perm_gen_committed`, `perm_gen_init`, `perm_gen_max`, `perm_gen_used`, `old_gen_committed`, `old_gen_init`, `old_gen_max`, `old_gen_used`, `eden_space_committed`, `eden_space_init`, `eden_space_max`, `eden_space_used`, `survivor_committed`, `survivor_init`, `survivor_max`, `survivor_used`
        ) 
    VALUES
        (?,?,?,?,?,?,?,?,?,?,?,?,?,?,?,?,?,?,?,?,?,?,?,?,?,?,?,?,?), lts version: 1.7.3-SNAPSHOT, current host: 192.168.64.1
[lts] 2026-05-14 10:08:00,920 DEBUG [pool-1-thread-1] com.github.ltsopensource.core.logger.slf4j.Slf4jLogger.debug(32) | 
    INSERT 
    INTO
        `
        lts_admin_jvm_thread`(
            `gmt_created`, `identity`, `timestamp`, `node_type`, `node_group`, `daemon_thread_count`, `thread_count`, `total_started_thread_count`, `dead_locked_thread_count`, `process_cpu_time_rate`
        ) 
    VALUES
        (?,?,?,?,?,?,?,?,?,?), lts version: 1.7.3-SNAPSHOT, current host: 192.168.64.1
[lts] 2026-05-14 10:08:00,934 DEBUG [pool-1-thread-1] com.github.ltsopensource.core.logger.slf4j.Slf4jLogger.debug(32) | Add Monitor Data success, mNode={"identity":"JT_192.168.64.1_19709_10-02-49.861_1","nodeGroup":"lts","nodeType":"JOB_TRACKER"}, mData=[{"exeExceptionNum":0,"exeFailedNum":0,"exeLaterNum":0,"exeSuccessNum":0,"fixExecutingJobNum":0,"jvmMData":{"gcMap":{"FullGCCollectionTime":14,"SpanYoungGCCollectionCount":0,"SpanFullGCCollectionCount":0,"YoungGCCollectionCount":2,"FullGCCollectionCount":1,"SpanYoungGCCollectionTime":0,"YoungGCCollectionTime":39,"SpanFullGCCollectionTime":0},"memoryMap":{"HeapMemoryMax":3817865216,"SurvivorUsed":0,"OldGenCommitted":86507520,"PermGenUsed":0,"NonHeapMemoryUsed":30571448,"OldGenMax":2863661056,"SurvivorInit":11010048,"PermGenCommitted":0,"PermGenMax":0,"OldGenUsed":7197256,"EdenSpaceUsed":27307064,"NonHeapMemoryCommitted":31637504,"HeapMemoryInit":268435456,"HeapMemoryCommitted":231735296,"SurvivorMax":11010048,"EdenSpaceCommitted":134217728,"OldGenInit":179306496,"EdenSpaceMax":1409286144,"SurvivorCommitted":11010048,"NonHeapMemoryMax":-1,"NonHeapMemoryInit":2555904,"HeapMemoryUsed":34504320,"EdenSpaceInit":67108864,"PermGenInit":0},"threadMap":{"ThreadCount":30,"TotalStartedThreadCount":34,"DeadLockedThreadCount":0,"ProcessCpuTimeRate":5.441,"DaemonThreadCount":27}},"pushJobNum":0,"receiveJobNum":0,"timestamp":1778724120000},{"exeExceptionNum":0,"exeFailedNum":0,"exeLaterNum":0,"exeSuccessNum":0,"fixExecutingJobNum":0,"jvmMData":{"gcMap":{"FullGCCollectionTime":14,"SpanYoungGCCollectionCount":0,"SpanFullGCCollectionCount":0,"YoungGCCollectionCount":2,"FullGCCollectionCount":1,"SpanYoungGCCollectionTime":0,"YoungGCCollectionTime":39,"SpanFullGCCollectionTime":0},"memoryMap":{"HeapMemoryMax":3817865216,"SurvivorUsed":0,"OldGenCommitted":86507520,"PermGenUsed":0,"NonHeapMemoryUsed":31927272,"OldGenMax":2863661056,"SurvivorInit":11010048,"PermGenCommitted":0,"PermGenMax":0,"OldGenUsed":7197256,"EdenSpaceUsed":41404560,"NonHeapMemoryCommitted":32899072,"HeapMemoryInit":268435456,"HeapMemoryCommitted":231735296,"SurvivorMax":11010048,"EdenSpaceCommitted":134217728,"OldGenInit":179306496,"EdenSpaceMax":1409286144,"SurvivorCommitted":11010048,"NonHeapMemoryMax":-1,"NonHeapMemoryInit":2555904,"HeapMemoryUsed":48601816,"EdenSpaceInit":67108864,"PermGenInit":0},"threadMap":{"ThreadCount":41,"TotalStartedThreadCount":49,"DeadLockedThreadCount":0,"ProcessCpuTimeRate":3.235,"DaemonThreadCount":37}},"pushJobNum":0,"receiveJobNum":0,"timestamp":1778724180000},{"exeExceptionNum":0,"exeFailedNum":0,"exeLaterNum":0,"exeSuccessNum":0,"fixExecutingJobNum":0,"jvmMData":{"gcMap":{"FullGCCollectionTime":14,"SpanYoungGCCollectionCount":1,"SpanFullGCCollectionCount":0,"YoungGCCollectionCount":3,"FullGCCollectionCount":1,"SpanYoungGCCollectionTime":14,"YoungGCCollectionTime":53,"SpanFullGCCollectionTime":0},"memoryMap":{"HeapMemoryMax":3817865216,"SurvivorUsed":2341800,"OldGenCommitted":86507520,"PermGenUsed":0,"NonHeapMemoryUsed":33150888,"OldGenMax":2863661056,"SurvivorInit":11010048,"PermGenCommitted":0,"PermGenMax":0,"OldGenUsed":7205448,"EdenSpaceUsed":20897976,"NonHeapMemoryCommitted":34275328,"HeapMemoryInit":268435456,"HeapMemoryCommitted":231735296,"SurvivorMax":11010048,"EdenSpaceCommitted":134217728,"OldGenInit":179306496,"EdenSpaceMax":1409286144,"SurvivorCommitted":11010048,"NonHeapMemoryMax":-1,"NonHeapMemoryInit":2555904,"HeapMemoryUsed":30445224,"EdenSpaceInit":67108864,"PermGenInit":0},"threadMap":{"ThreadCount":196,"TotalStartedThreadCount":262,"DeadLockedThreadCount":0,"ProcessCpuTimeRate":6.438,"DaemonThreadCount":192}},"pushJobNum":0,"receiveJobNum":0,"timestamp":1778724240000},{"exeExceptionNum":0,"exeFailedNum":0,"exeLaterNum":0,"exeSuccessNum":0,"fixExecutingJobNum":0,"jvmMData":{"gcMap":{"FullGCCollectionTime":14,"SpanYoungGCCollectionCount":0,"SpanFullGCCollectionCount":0,"YoungGCCollectionCount":3,"FullGCCollectionCount":1,"SpanYoungGCCollectionTime":0,"YoungGCCollectionTime":53,"SpanFullGCCollectionTime":0},"memoryMap":{"HeapMemoryMax":3817865216,"SurvivorUsed":2341800,"OldGenCommitted":86507520,"PermGenUsed":0,"NonHeapMemoryUsed":34708688,"OldGenMax":2863661056,"SurvivorInit":11010048,"PermGenCommitted":0,"PermGenMax":0,"OldGenUsed":7205448,"EdenSpaceUsed":60142632,"NonHeapMemoryCommitted":35782656,"HeapMemoryInit":268435456,"HeapMemoryCommitted":231735296,"SurvivorMax":11010048,"EdenSpaceCommitted":134217728,"OldGenInit":179306496,"EdenSpaceMax":1409286144,"SurvivorCommitted":11010048,"NonHeapMemoryMax":-1,"NonHeapMemoryInit":2555904,"HeapMemoryUsed":69689880,"EdenSpaceInit":67108864,"PermGenInit":0},"threadMap":{"ThreadCount":215,"TotalStartedThreadCount":340,"DeadLockedThreadCount":0,"ProcessCpuTimeRate":4.987,"DaemonThreadCount":211}},"pushJobNum":0,"receiveJobNum":0,"timestamp":1778724300000},{"exeExceptionNum":0,"exeFailedNum":0,"exeLaterNum":0,"exeSuccessNum":0,"fixExecutingJobNum":0,"jvmMData":{"gcMap":{"FullGCCollectionTime":14,"SpanYoungGCCollectionCount":0,"SpanFullGCCollectionCount":0,"YoungGCCollectionCount":3,"FullGCCollectionCount":1,"SpanYoungGCCollectionTime":0,"YoungGCCollectionTime":53,"SpanFullGCCollectionTime":0},"memoryMap":{"HeapMemoryMax":3817865216,"SurvivorUsed":2341800,"OldGenCommitted":86507520,"PermGenUsed":0,"NonHeapMemoryUsed":35370336,"OldGenMax":2863661056,"SurvivorInit":11010048,"PermGenCommitted":0,"PermGenMax":0,"OldGenUsed":7205448,"EdenSpaceUsed":69433392,"NonHeapMemoryCommitted":36372480,"HeapMemoryInit":268435456,"HeapMemoryCommitted":231735296,"SurvivorMax":11010048,"EdenSpaceCommitted":134217728,"OldGenInit":179306496,"EdenSpaceMax":1409286144,"SurvivorCommitted":11010048,"NonHeapMemoryMax":-1,"NonHeapMemoryInit":2555904,"HeapMemoryUsed":78980640,"EdenSpaceInit":67108864,"PermGenInit":0},"threadMap":{"ThreadCount":215,"TotalStartedThreadCount":400,"DeadLockedThreadCount":0,"ProcessCpuTimeRate":4.004,"DaemonThreadCount":211}},"pushJobNum":0,"receiveJobNum":0,"timestamp":1778724360000},{"exeExceptionNum":0,"exeFailedNum":0,"exeLaterNum":0,"exeSuccessNum":0,"fixExecutingJobNum":0,"jvmMData":{"gcMap":{"FullGCCollectionTime":14,"SpanYoungGCCollectionCount":0,"SpanFullGCCollectionCount":0,"YoungGCCollectionCount":3,"FullGCCollectionCount":1,"SpanYoungGCCollectionTime":0,"YoungGCCollectionTime":53,"SpanFullGCCollectionTime":0},"memoryMap":{"HeapMemoryMax":3817865216,"SurvivorUsed":2341800,"OldGenCommitted":86507520,"PermGenUsed":0,"NonHeapMemoryUsed":36527472,"OldGenMax":2863661056,"SurvivorInit":11010048,"PermGenCommitted":0,"PermGenMax":0,"OldGenUsed":7205448,"EdenSpaceUsed":75563112,"NonHeapMemoryCommitted":37552128,"HeapMemoryInit":268435456,"HeapMemoryCommitted":231735296,"SurvivorMax":11010048,"EdenSpaceCommitted":134217728,"OldGenInit":179306496,"EdenSpaceMax":1409286144,"SurvivorCommitted":11010048,"NonHeapMemoryMax":-1,"NonHeapMemoryInit":2555904,"HeapMemoryUsed":85110360,"EdenSpaceInit":67108864,"PermGenInit":0},"threadMap":{"ThreadCount":215,"TotalStartedThreadCount":460,"DeadLockedThreadCount":0,"ProcessCpuTimeRate":5.054,"DaemonThreadCount":211}},"pushJobNum":0,"receiveJobNum":0,"timestamp":1778724420000}], lts version: 1.7.3-SNAPSHOT, current host: 192.168.64.1
[lts] 2026-05-14 10:08:00,951 DEBUG [pool-1-thread-2] com.github.ltsopensource.core.logger.slf4j.Slf4jLogger.debug(32) | 
    INSERT 
    INTO
        `
        lts_admin_task_tracker_monitor_data`(
            `gmt_created`, `node_group`, `identity`, `timestamp`, `exe_success_num`, `exe_failed_num`, `exe_later_num`, `exe_exception_num`, `total_running_time`
        ) 
    VALUES
        (?,?,?,?,?,?,?,?,?), lts version: 1.7.3-SNAPSHOT, current host: 192.168.64.1
[lts] 2026-05-14 10:08:00,963 DEBUG [pool-1-thread-2] com.github.ltsopensource.core.logger.slf4j.Slf4jLogger.debug(32) | 
    INSERT 
    INTO
        `
        lts_admin_jvm_gc`(
            `gmt_created`, `identity`, `timestamp`, `node_type`, `node_group`, `young_gc_collection_count`, `young_gc_collection_time`, `full_gc_collection_count`, `full_gc_collection_time`, `span_young_gc_collection_count`, `span_young_gc_collection_time`, `span_full_gc_collection_count`, `span_full_gc_collection_time`
        ) 
    VALUES
        (?,?,?,?,?,?,?,?,?,?,?,?,?), lts version: 1.7.3-SNAPSHOT, current host: 192.168.64.1
[lts] 2026-05-14 10:08:00,973 DEBUG [pool-1-thread-2] com.github.ltsopensource.core.logger.slf4j.Slf4jLogger.debug(32) | 
    INSERT 
    INTO
        `
        lts_admin_jvm_memory`(
            `gmt_created`, `identity`, `timestamp`, `node_type`, `node_group`, `heap_memory_committed`, `heap_memory_init`, `heap_memory_max`, `heap_memory_used`, `non_heap_memory_committed`, `non_heap_memory_init`, `non_heap_memory_max`, `non_heap_memory_used`, `perm_gen_committed`, `perm_gen_init`, `perm_gen_max`, `perm_gen_used`, `old_gen_committed`, `old_gen_init`, `old_gen_max`, `old_gen_used`, `eden_space_committed`, `eden_space_init`, `eden_space_max`, `eden_space_used`, `survivor_committed`, `survivor_init`, `survivor_max`, `survivor_used`
        ) 
    VALUES
        (?,?,?,?,?,?,?,?,?,?,?,?,?,?,?,?,?,?,?,?,?,?,?,?,?,?,?,?,?), lts version: 1.7.3-SNAPSHOT, current host: 192.168.64.1
[lts] 2026-05-14 10:08:00,982 DEBUG [pool-1-thread-2] com.github.ltsopensource.core.logger.slf4j.Slf4jLogger.debug(32) | 
    INSERT 
    INTO
        `
        lts_admin_jvm_thread`(
            `gmt_created`, `identity`, `timestamp`, `node_type`, `node_group`, `daemon_thread_count`, `thread_count`, `total_started_thread_count`, `dead_locked_thread_count`, `process_cpu_time_rate`
        ) 
    VALUES
        (?,?,?,?,?,?,?,?,?,?), lts version: 1.7.3-SNAPSHOT, current host: 192.168.64.1
[lts] 2026-05-14 10:08:00,990 DEBUG [pool-1-thread-2] com.github.ltsopensource.core.logger.slf4j.Slf4jLogger.debug(32) | Add Monitor Data success, mNode={"identity":"TT_192.168.64.1_19784_10-03-55.606_1","nodeGroup":"test_trade_taskTracker","nodeType":"TASK_TRACKER"}, mData=[{"exeExceptionNum":0,"exeFailedNum":0,"exeLaterNum":0,"exeSuccessNum":0,"jvmMData":{"gcMap":{"FullGCCollectionTime":0,"SpanYoungGCCollectionCount":0,"SpanFullGCCollectionCount":0,"YoungGCCollectionCount":1,"FullGCCollectionCount":0,"SpanYoungGCCollectionTime":0,"YoungGCCollectionTime":18,"SpanFullGCCollectionTime":0},"memoryMap":{"HeapMemoryMax":3817865216,"SurvivorUsed":7829944,"OldGenCommitted":179306496,"PermGenUsed":0,"NonHeapMemoryUsed":20431784,"OldGenMax":2863661056,"SurvivorInit":11010048,"PermGenCommitted":0,"PermGenMax":0,"OldGenUsed":8192,"EdenSpaceUsed":6688136,"NonHeapMemoryCommitted":21168128,"HeapMemoryInit":268435456,"HeapMemoryCommitted":257425408,"SurvivorMax":11010048,"EdenSpaceCommitted":67108864,"OldGenInit":179306496,"EdenSpaceMax":1409286144,"SurvivorCommitted":11010048,"NonHeapMemoryMax":-1,"NonHeapMemoryInit":2555904,"HeapMemoryUsed":14526272,"EdenSpaceInit":67108864,"PermGenInit":0},"threadMap":{"ThreadCount":25,"TotalStartedThreadCount":28,"DeadLockedThreadCount":0,"ProcessCpuTimeRate":12.10,"DaemonThreadCount":22}},"timestamp":1778724180000,"totalRunningTime":0},{"exeExceptionNum":0,"exeFailedNum":0,"exeLaterNum":0,"exeSuccessNum":0,"jvmMData":{"gcMap":{"FullGCCollectionTime":0,"SpanYoungGCCollectionCount":0,"SpanFullGCCollectionCount":0,"YoungGCCollectionCount":1,"FullGCCollectionCount":0,"SpanYoungGCCollectionTime":0,"YoungGCCollectionTime":18,"SpanFullGCCollectionTime":0},"memoryMap":{"HeapMemoryMax":3817865216,"SurvivorUsed":7829944,"OldGenCommitted":179306496,"PermGenUsed":0,"NonHeapMemoryUsed":21548768,"OldGenMax":2863661056,"SurvivorInit":11010048,"PermGenCommitted":0,"PermGenMax":0,"OldGenUsed":8192,"EdenSpaceUsed":14087256,"NonHeapMemoryCommitted":22413312,"HeapMemoryInit":268435456,"HeapMemoryCommitted":257425408,"SurvivorMax":11010048,"EdenSpaceCommitted":67108864,"OldGenInit":179306496,"EdenSpaceMax":1409286144,"SurvivorCommitted":11010048,"NonHeapMemoryMax":-1,"NonHeapMemoryInit":2555904,"HeapMemoryUsed":21925392,"EdenSpaceInit":67108864,"PermGenInit":0},"threadMap":{"ThreadCount":24,"TotalStartedThreadCount":28,"DeadLockedThreadCount":0,"ProcessCpuTimeRate":3.338,"DaemonThreadCount":21}},"timestamp":1778724240000,"totalRunningTime":0},{"exeExceptionNum":0,"exeFailedNum":0,"exeLaterNum":0,"exeSuccessNum":0,"jvmMData":{"gcMap":{"FullGCCollectionTime":0,"SpanYoungGCCollectionCount":0,"SpanFullGCCollectionCount":0,"YoungGCCollectionCount":1,"FullGCCollectionCount":0,"SpanYoungGCCollectionTime":0,"YoungGCCollectionTime":18,"SpanFullGCCollectionTime":0},"memoryMap":{"HeapMemoryMax":3817865216,"SurvivorUsed":7829944,"OldGenCommitted":179306496,"PermGenUsed":0,"NonHeapMemoryUsed":21989680,"OldGenMax":2863661056,"SurvivorInit":11010048,"PermGenCommitted":0,"PermGenMax":0,"OldGenUsed":8192,"EdenSpaceUsed":16791488,"NonHeapMemoryCommitted":22806528,"HeapMemoryInit":268435456,"HeapMemoryCommitted":257425408,"SurvivorMax":11010048,"EdenSpaceCommitted":67108864,"OldGenInit":179306496,"EdenSpaceMax":1409286144,"SurvivorCommitted":11010048,"NonHeapMemoryMax":-1,"NonHeapMemoryInit":2555904,"HeapMemoryUsed":24629624,"EdenSpaceInit":67108864,"PermGenInit":0},"threadMap":{"ThreadCount":24,"TotalStartedThreadCount":28,"DeadLockedThreadCount":0,"ProcessCpuTimeRate":2.289,"DaemonThreadCount":21}},"timestamp":1778724300000,"totalRunningTime":0},{"exeExceptionNum":0,"exeFailedNum":0,"exeLaterNum":0,"exeSuccessNum":0,"jvmMData":{"gcMap":{"FullGCCollectionTime":0,"SpanYoungGCCollectionCount":0,"SpanFullGCCollectionCount":0,"YoungGCCollectionCount":1,"FullGCCollectionCount":0,"SpanYoungGCCollectionTime":0,"YoungGCCollectionTime":18,"SpanFullGCCollectionTime":0},"memoryMap":{"HeapMemoryMax":3817865216,"SurvivorUsed":7829944,"OldGenCommitted":179306496,"PermGenUsed":0,"NonHeapMemoryUsed":21988632,"OldGenMax":2863661056,"SurvivorInit":11010048,"PermGenCommitted":0,"PermGenMax":0,"OldGenUsed":8192,"EdenSpaceUsed":18808208,"NonHeapMemoryCommitted":23003136,"HeapMemoryInit":268435456,"HeapMemoryCommitted":257425408,"SurvivorMax":11010048,"EdenSpaceCommitted":67108864,"OldGenInit":179306496,"EdenSpaceMax":1409286144,"SurvivorCommitted":11010048,"NonHeapMemoryMax":-1,"NonHeapMemoryInit":2555904,"HeapMemoryUsed":26646344,"EdenSpaceInit":67108864,"PermGenInit":0},"threadMap":{"ThreadCount":24,"TotalStartedThreadCount":28,"DeadLockedThreadCount":0,"ProcessCpuTimeRate":2.171,"DaemonThreadCount":21}},"timestamp":1778724360000,"totalRunningTime":0},{"exeExceptionNum":0,"exeFailedNum":0,"exeLaterNum":0,"exeSuccessNum":0,"jvmMData":{"gcMap":{"FullGCCollectionTime":0,"SpanYoungGCCollectionCount":0,"SpanFullGCCollectionCount":0,"YoungGCCollectionCount":1,"FullGCCollectionCount":0,"SpanYoungGCCollectionTime":0,"YoungGCCollectionTime":18,"SpanFullGCCollectionTime":0},"memoryMap":{"HeapMemoryMax":3817865216,"SurvivorUsed":7829944,"OldGenCommitted":179306496,"PermGenUsed":0,"NonHeapMemoryUsed":22197712,"OldGenMax":2863661056,"SurvivorInit":11010048,"PermGenCommitted":0,"PermGenMax":0,"OldGenUsed":8192,"EdenSpaceUsed":23538952,"NonHeapMemoryCommitted":23003136,"HeapMemoryInit":268435456,"HeapMemoryCommitted":257425408,"SurvivorMax":11010048,"EdenSpaceCommitted":67108864,"OldGenInit":179306496,"EdenSpaceMax":1409286144,"SurvivorCommitted":11010048,"NonHeapMemoryMax":-1,"NonHeapMemoryInit":2555904,"HeapMemoryUsed":31377088,"EdenSpaceInit":67108864,"PermGenInit":0},"threadMap":{"ThreadCount":24,"TotalStartedThreadCount":28,"DeadLockedThreadCount":0,"ProcessCpuTimeRate":2.075,"DaemonThreadCount":21}},"timestamp":1778724420000,"totalRunningTime":0}], lts version: 1.7.3-SNAPSHOT, current host: 192.168.64.1
[lts] 2026-05-14 10:09:00,077 DEBUG [pool-1-thread-3] com.github.ltsopensource.core.logger.slf4j.Slf4jLogger.debug(32) | 
    INSERT 
    INTO
        `
        lts_admin_job_tracker_monitor_data`(
            `gmt_created`, `identity`, `timestamp`, `receive_job_num`, `push_job_num`, `exe_success_num`, `exe_failed_num`, `exe_later_num`, `exe_exception_num`, `fix_executing_job_num`
        ) 
    VALUES
        (?,?,?,?,?,?,?,?,?,?), lts version: 1.7.3-SNAPSHOT, current host: 192.168.64.1
[lts] 2026-05-14 10:09:00,124 DEBUG [pool-1-thread-4] com.github.ltsopensource.core.logger.slf4j.Slf4jLogger.debug(32) | 
    INSERT 
    INTO
        `
        lts_admin_task_tracker_monitor_data`(
            `gmt_created`, `node_group`, `identity`, `timestamp`, `exe_success_num`, `exe_failed_num`, `exe_later_num`, `exe_exception_num`, `total_running_time`
        ) 
    VALUES
        (?,?,?,?,?,?,?,?,?), lts version: 1.7.3-SNAPSHOT, current host: 192.168.64.1
[lts] 2026-05-14 10:09:00,128 DEBUG [pool-1-thread-3] com.github.ltsopensource.core.logger.slf4j.Slf4jLogger.debug(32) | 
    INSERT 
    INTO
        `
        lts_admin_jvm_gc`(
            `gmt_created`, `identity`, `timestamp`, `node_type`, `node_group`, `young_gc_collection_count`, `young_gc_collection_time`, `full_gc_collection_count`, `full_gc_collection_time`, `span_young_gc_collection_count`, `span_young_gc_collection_time`, `span_full_gc_collection_count`, `span_full_gc_collection_time`
        ) 
    VALUES
        (?,?,?,?,?,?,?,?,?,?,?,?,?), lts version: 1.7.3-SNAPSHOT, current host: 192.168.64.1
[lts] 2026-05-14 10:09:00,157 DEBUG [pool-1-thread-4] com.github.ltsopensource.core.logger.slf4j.Slf4jLogger.debug(32) | 
    INSERT 
    INTO
        `
        lts_admin_jvm_gc`(
            `gmt_created`, `identity`, `timestamp`, `node_type`, `node_group`, `young_gc_collection_count`, `young_gc_collection_time`, `full_gc_collection_count`, `full_gc_collection_time`, `span_young_gc_collection_count`, `span_young_gc_collection_time`, `span_full_gc_collection_count`, `span_full_gc_collection_time`
        ) 
    VALUES
        (?,?,?,?,?,?,?,?,?,?,?,?,?), lts version: 1.7.3-SNAPSHOT, current host: 192.168.64.1
[lts] 2026-05-14 10:09:00,181 DEBUG [pool-1-thread-3] com.github.ltsopensource.core.logger.slf4j.Slf4jLogger.debug(32) | 
    INSERT 
    INTO
        `
        lts_admin_jvm_memory`(
            `gmt_created`, `identity`, `timestamp`, `node_type`, `node_group`, `heap_memory_committed`, `heap_memory_init`, `heap_memory_max`, `heap_memory_used`, `non_heap_memory_committed`, `non_heap_memory_init`, `non_heap_memory_max`, `non_heap_memory_used`, `perm_gen_committed`, `perm_gen_init`, `perm_gen_max`, `perm_gen_used`, `old_gen_committed`, `old_gen_init`, `old_gen_max`, `old_gen_used`, `eden_space_committed`, `eden_space_init`, `eden_space_max`, `eden_space_used`, `survivor_committed`, `survivor_init`, `survivor_max`, `survivor_used`
        ) 
    VALUES
        (?,?,?,?,?,?,?,?,?,?,?,?,?,?,?,?,?,?,?,?,?,?,?,?,?,?,?,?,?), lts version: 1.7.3-SNAPSHOT, current host: 192.168.64.1
[lts] 2026-05-14 10:09:00,211 DEBUG [pool-1-thread-4] com.github.ltsopensource.core.logger.slf4j.Slf4jLogger.debug(32) | 
    INSERT 
    INTO
        `
        lts_admin_jvm_memory`(
            `gmt_created`, `identity`, `timestamp`, `node_type`, `node_group`, `heap_memory_committed`, `heap_memory_init`, `heap_memory_max`, `heap_memory_used`, `non_heap_memory_committed`, `non_heap_memory_init`, `non_heap_memory_max`, `non_heap_memory_used`, `perm_gen_committed`, `perm_gen_init`, `perm_gen_max`, `perm_gen_used`, `old_gen_committed`, `old_gen_init`, `old_gen_max`, `old_gen_used`, `eden_space_committed`, `eden_space_init`, `eden_space_max`, `eden_space_used`, `survivor_committed`, `survivor_init`, `survivor_max`, `survivor_used`
        ) 
    VALUES
        (?,?,?,?,?,?,?,?,?,?,?,?,?,?,?,?,?,?,?,?,?,?,?,?,?,?,?,?,?), lts version: 1.7.3-SNAPSHOT, current host: 192.168.64.1
[lts] 2026-05-14 10:09:00,237 DEBUG [pool-1-thread-3] com.github.ltsopensource.core.logger.slf4j.Slf4jLogger.debug(32) | 
    INSERT 
    INTO
        `
        lts_admin_jvm_thread`(
            `gmt_created`, `identity`, `timestamp`, `node_type`, `node_group`, `daemon_thread_count`, `thread_count`, `total_started_thread_count`, `dead_locked_thread_count`, `process_cpu_time_rate`
        ) 
    VALUES
        (?,?,?,?,?,?,?,?,?,?), lts version: 1.7.3-SNAPSHOT, current host: 192.168.64.1
[lts] 2026-05-14 10:09:00,243 DEBUG [pool-1-thread-4] com.github.ltsopensource.core.logger.slf4j.Slf4jLogger.debug(32) | 
    INSERT 
    INTO
        `
        lts_admin_jvm_thread`(
            `gmt_created`, `identity`, `timestamp`, `node_type`, `node_group`, `daemon_thread_count`, `thread_count`, `total_started_thread_count`, `dead_locked_thread_count`, `process_cpu_time_rate`
        ) 
    VALUES
        (?,?,?,?,?,?,?,?,?,?), lts version: 1.7.3-SNAPSHOT, current host: 192.168.64.1
[lts] 2026-05-14 10:09:00,320 DEBUG [pool-1-thread-4] com.github.ltsopensource.core.logger.slf4j.Slf4jLogger.debug(32) | Add Monitor Data success, mNode={"identity":"TT_192.168.64.1_19784_10-03-55.606_1","nodeGroup":"test_trade_taskTracker","nodeType":"TASK_TRACKER"}, mData=[{"exeExceptionNum":0,"exeFailedNum":0,"exeLaterNum":0,"exeSuccessNum":0,"jvmMData":{"gcMap":{"FullGCCollectionTime":0,"SpanYoungGCCollectionCount":0,"SpanFullGCCollectionCount":0,"YoungGCCollectionCount":1,"FullGCCollectionCount":0,"SpanYoungGCCollectionTime":0,"YoungGCCollectionTime":18,"SpanFullGCCollectionTime":0},"memoryMap":{"HeapMemoryMax":3817865216,"SurvivorUsed":7829944,"OldGenCommitted":179306496,"PermGenUsed":0,"NonHeapMemoryUsed":20431784,"OldGenMax":2863661056,"SurvivorInit":11010048,"PermGenCommitted":0,"PermGenMax":0,"OldGenUsed":8192,"EdenSpaceUsed":6688136,"NonHeapMemoryCommitted":21168128,"HeapMemoryInit":268435456,"HeapMemoryCommitted":257425408,"SurvivorMax":11010048,"EdenSpaceCommitted":67108864,"OldGenInit":179306496,"EdenSpaceMax":1409286144,"SurvivorCommitted":11010048,"NonHeapMemoryMax":-1,"NonHeapMemoryInit":2555904,"HeapMemoryUsed":14526272,"EdenSpaceInit":67108864,"PermGenInit":0},"threadMap":{"ThreadCount":25,"TotalStartedThreadCount":28,"DeadLockedThreadCount":0,"ProcessCpuTimeRate":12.10,"DaemonThreadCount":22}},"timestamp":1778724180000,"totalRunningTime":0},{"exeExceptionNum":0,"exeFailedNum":0,"exeLaterNum":0,"exeSuccessNum":0,"jvmMData":{"gcMap":{"FullGCCollectionTime":0,"SpanYoungGCCollectionCount":0,"SpanFullGCCollectionCount":0,"YoungGCCollectionCount":1,"FullGCCollectionCount":0,"SpanYoungGCCollectionTime":0,"YoungGCCollectionTime":18,"SpanFullGCCollectionTime":0},"memoryMap":{"HeapMemoryMax":3817865216,"SurvivorUsed":7829944,"OldGenCommitted":179306496,"PermGenUsed":0,"NonHeapMemoryUsed":21548768,"OldGenMax":2863661056,"SurvivorInit":11010048,"PermGenCommitted":0,"PermGenMax":0,"OldGenUsed":8192,"EdenSpaceUsed":14087256,"NonHeapMemoryCommitted":22413312,"HeapMemoryInit":268435456,"HeapMemoryCommitted":257425408,"SurvivorMax":11010048,"EdenSpaceCommitted":67108864,"OldGenInit":179306496,"EdenSpaceMax":1409286144,"SurvivorCommitted":11010048,"NonHeapMemoryMax":-1,"NonHeapMemoryInit":2555904,"HeapMemoryUsed":21925392,"EdenSpaceInit":67108864,"PermGenInit":0},"threadMap":{"ThreadCount":24,"TotalStartedThreadCount":28,"DeadLockedThreadCount":0,"ProcessCpuTimeRate":3.338,"DaemonThreadCount":21}},"timestamp":1778724240000,"totalRunningTime":0},{"exeExceptionNum":0,"exeFailedNum":0,"exeLaterNum":0,"exeSuccessNum":0,"jvmMData":{"gcMap":{"FullGCCollectionTime":0,"SpanYoungGCCollectionCount":0,"SpanFullGCCollectionCount":0,"YoungGCCollectionCount":1,"FullGCCollectionCount":0,"SpanYoungGCCollectionTime":0,"YoungGCCollectionTime":18,"SpanFullGCCollectionTime":0},"memoryMap":{"HeapMemoryMax":3817865216,"SurvivorUsed":7829944,"OldGenCommitted":179306496,"PermGenUsed":0,"NonHeapMemoryUsed":21989680,"OldGenMax":2863661056,"SurvivorInit":11010048,"PermGenCommitted":0,"PermGenMax":0,"OldGenUsed":8192,"EdenSpaceUsed":16791488,"NonHeapMemoryCommitted":22806528,"HeapMemoryInit":268435456,"HeapMemoryCommitted":257425408,"SurvivorMax":11010048,"EdenSpaceCommitted":67108864,"OldGenInit":179306496,"EdenSpaceMax":1409286144,"SurvivorCommitted":11010048,"NonHeapMemoryMax":-1,"NonHeapMemoryInit":2555904,"HeapMemoryUsed":24629624,"EdenSpaceInit":67108864,"PermGenInit":0},"threadMap":{"ThreadCount":24,"TotalStartedThreadCount":28,"DeadLockedThreadCount":0,"ProcessCpuTimeRate":2.289,"DaemonThreadCount":21}},"timestamp":1778724300000,"totalRunningTime":0},{"exeExceptionNum":0,"exeFailedNum":0,"exeLaterNum":0,"exeSuccessNum":0,"jvmMData":{"gcMap":{"FullGCCollectionTime":0,"SpanYoungGCCollectionCount":0,"SpanFullGCCollectionCount":0,"YoungGCCollectionCount":1,"FullGCCollectionCount":0,"SpanYoungGCCollectionTime":0,"YoungGCCollectionTime":18,"SpanFullGCCollectionTime":0},"memoryMap":{"HeapMemoryMax":3817865216,"SurvivorUsed":7829944,"OldGenCommitted":179306496,"PermGenUsed":0,"NonHeapMemoryUsed":21988632,"OldGenMax":2863661056,"SurvivorInit":11010048,"PermGenCommitted":0,"PermGenMax":0,"OldGenUsed":8192,"EdenSpaceUsed":18808208,"NonHeapMemoryCommitted":23003136,"HeapMemoryInit":268435456,"HeapMemoryCommitted":257425408,"SurvivorMax":11010048,"EdenSpaceCommitted":67108864,"OldGenInit":179306496,"EdenSpaceMax":1409286144,"SurvivorCommitted":11010048,"NonHeapMemoryMax":-1,"NonHeapMemoryInit":2555904,"HeapMemoryUsed":26646344,"EdenSpaceInit":67108864,"PermGenInit":0},"threadMap":{"ThreadCount":24,"TotalStartedThreadCount":28,"DeadLockedThreadCount":0,"ProcessCpuTimeRate":2.171,"DaemonThreadCount":21}},"timestamp":1778724360000,"totalRunningTime":0},{"exeExceptionNum":0,"exeFailedNum":0,"exeLaterNum":0,"exeSuccessNum":0,"jvmMData":{"gcMap":{"FullGCCollectionTime":0,"SpanYoungGCCollectionCount":0,"SpanFullGCCollectionCount":0,"YoungGCCollectionCount":1,"FullGCCollectionCount":0,"SpanYoungGCCollectionTime":0,"YoungGCCollectionTime":18,"SpanFullGCCollectionTime":0},"memoryMap":{"HeapMemoryMax":3817865216,"SurvivorUsed":7829944,"OldGenCommitted":179306496,"PermGenUsed":0,"NonHeapMemoryUsed":22197712,"OldGenMax":2863661056,"SurvivorInit":11010048,"PermGenCommitted":0,"PermGenMax":0,"OldGenUsed":8192,"EdenSpaceUsed":23538952,"NonHeapMemoryCommitted":23003136,"HeapMemoryInit":268435456,"HeapMemoryCommitted":257425408,"SurvivorMax":11010048,"EdenSpaceCommitted":67108864,"OldGenInit":179306496,"EdenSpaceMax":1409286144,"SurvivorCommitted":11010048,"NonHeapMemoryMax":-1,"NonHeapMemoryInit":2555904,"HeapMemoryUsed":31377088,"EdenSpaceInit":67108864,"PermGenInit":0},"threadMap":{"ThreadCount":24,"TotalStartedThreadCount":28,"DeadLockedThreadCount":0,"ProcessCpuTimeRate":2.075,"DaemonThreadCount":21}},"timestamp":1778724420000,"totalRunningTime":0},{"exeExceptionNum":0,"exeFailedNum":0,"exeLaterNum":0,"exeSuccessNum":0,"jvmMData":{"gcMap":{"FullGCCollectionTime":0,"SpanYoungGCCollectionCount":0,"SpanFullGCCollectionCount":0,"YoungGCCollectionCount":1,"FullGCCollectionCount":0,"SpanYoungGCCollectionTime":0,"YoungGCCollectionTime":18,"SpanFullGCCollectionTime":0},"memoryMap":{"HeapMemoryMax":3817865216,"SurvivorUsed":7829944,"OldGenCommitted":179306496,"PermGenUsed":0,"NonHeapMemoryUsed":22475176,"OldGenMax":2863661056,"SurvivorInit":11010048,"PermGenCommitted":0,"PermGenMax":0,"OldGenUsed":8192,"EdenSpaceUsed":25552312,"NonHeapMemoryCommitted":23396352,"HeapMemoryInit":268435456,"HeapMemoryCommitted":257425408,"SurvivorMax":11010048,"EdenSpaceCommitted":67108864,"OldGenInit":179306496,"EdenSpaceMax":1409286144,"SurvivorCommitted":11010048,"NonHeapMemoryMax":-1,"NonHeapMemoryInit":2555904,"HeapMemoryUsed":33390448,"EdenSpaceInit":67108864,"PermGenInit":0},"threadMap":{"ThreadCount":24,"TotalStartedThreadCount":28,"DeadLockedThreadCount":0,"ProcessCpuTimeRate":2.404,"DaemonThreadCount":21}},"timestamp":1778724480000,"totalRunningTime":0}], lts version: 1.7.3-SNAPSHOT, current host: 192.168.64.1
[lts] 2026-05-14 10:09:00,320 DEBUG [pool-1-thread-3] com.github.ltsopensource.core.logger.slf4j.Slf4jLogger.debug(32) | Add Monitor Data success, mNode={"identity":"JT_192.168.64.1_19709_10-02-49.861_1","nodeGroup":"lts","nodeType":"JOB_TRACKER"}, mData=[{"exeExceptionNum":0,"exeFailedNum":0,"exeLaterNum":0,"exeSuccessNum":0,"fixExecutingJobNum":0,"jvmMData":{"gcMap":{"FullGCCollectionTime":14,"SpanYoungGCCollectionCount":0,"SpanFullGCCollectionCount":0,"YoungGCCollectionCount":2,"FullGCCollectionCount":1,"SpanYoungGCCollectionTime":0,"YoungGCCollectionTime":39,"SpanFullGCCollectionTime":0},"memoryMap":{"HeapMemoryMax":3817865216,"SurvivorUsed":0,"OldGenCommitted":86507520,"PermGenUsed":0,"NonHeapMemoryUsed":30571448,"OldGenMax":2863661056,"SurvivorInit":11010048,"PermGenCommitted":0,"PermGenMax":0,"OldGenUsed":7197256,"EdenSpaceUsed":27307064,"NonHeapMemoryCommitted":31637504,"HeapMemoryInit":268435456,"HeapMemoryCommitted":231735296,"SurvivorMax":11010048,"EdenSpaceCommitted":134217728,"OldGenInit":179306496,"EdenSpaceMax":1409286144,"SurvivorCommitted":11010048,"NonHeapMemoryMax":-1,"NonHeapMemoryInit":2555904,"HeapMemoryUsed":34504320,"EdenSpaceInit":67108864,"PermGenInit":0},"threadMap":{"ThreadCount":30,"TotalStartedThreadCount":34,"DeadLockedThreadCount":0,"ProcessCpuTimeRate":5.441,"DaemonThreadCount":27}},"pushJobNum":0,"receiveJobNum":0,"timestamp":1778724120000},{"exeExceptionNum":0,"exeFailedNum":0,"exeLaterNum":0,"exeSuccessNum":0,"fixExecutingJobNum":0,"jvmMData":{"gcMap":{"FullGCCollectionTime":14,"SpanYoungGCCollectionCount":0,"SpanFullGCCollectionCount":0,"YoungGCCollectionCount":2,"FullGCCollectionCount":1,"SpanYoungGCCollectionTime":0,"YoungGCCollectionTime":39,"SpanFullGCCollectionTime":0},"memoryMap":{"HeapMemoryMax":3817865216,"SurvivorUsed":0,"OldGenCommitted":86507520,"PermGenUsed":0,"NonHeapMemoryUsed":31927272,"OldGenMax":2863661056,"SurvivorInit":11010048,"PermGenCommitted":0,"PermGenMax":0,"OldGenUsed":7197256,"EdenSpaceUsed":41404560,"NonHeapMemoryCommitted":32899072,"HeapMemoryInit":268435456,"HeapMemoryCommitted":231735296,"SurvivorMax":11010048,"EdenSpaceCommitted":134217728,"OldGenInit":179306496,"EdenSpaceMax":1409286144,"SurvivorCommitted":11010048,"NonHeapMemoryMax":-1,"NonHeapMemoryInit":2555904,"HeapMemoryUsed":48601816,"EdenSpaceInit":67108864,"PermGenInit":0},"threadMap":{"ThreadCount":41,"TotalStartedThreadCount":49,"DeadLockedThreadCount":0,"ProcessCpuTimeRate":3.235,"DaemonThreadCount":37}},"pushJobNum":0,"receiveJobNum":0,"timestamp":1778724180000},{"exeExceptionNum":0,"exeFailedNum":0,"exeLaterNum":0,"exeSuccessNum":0,"fixExecutingJobNum":0,"jvmMData":{"gcMap":{"FullGCCollectionTime":14,"SpanYoungGCCollectionCount":1,"SpanFullGCCollectionCount":0,"YoungGCCollectionCount":3,"FullGCCollectionCount":1,"SpanYoungGCCollectionTime":14,"YoungGCCollectionTime":53,"SpanFullGCCollectionTime":0},"memoryMap":{"HeapMemoryMax":3817865216,"SurvivorUsed":2341800,"OldGenCommitted":86507520,"PermGenUsed":0,"NonHeapMemoryUsed":33150888,"OldGenMax":2863661056,"SurvivorInit":11010048,"PermGenCommitted":0,"PermGenMax":0,"OldGenUsed":7205448,"EdenSpaceUsed":20897976,"NonHeapMemoryCommitted":34275328,"HeapMemoryInit":268435456,"HeapMemoryCommitted":231735296,"SurvivorMax":11010048,"EdenSpaceCommitted":134217728,"OldGenInit":179306496,"EdenSpaceMax":1409286144,"SurvivorCommitted":11010048,"NonHeapMemoryMax":-1,"NonHeapMemoryInit":2555904,"HeapMemoryUsed":30445224,"EdenSpaceInit":67108864,"PermGenInit":0},"threadMap":{"ThreadCount":196,"TotalStartedThreadCount":262,"DeadLockedThreadCount":0,"ProcessCpuTimeRate":6.438,"DaemonThreadCount":192}},"pushJobNum":0,"receiveJobNum":0,"timestamp":1778724240000},{"exeExceptionNum":0,"exeFailedNum":0,"exeLaterNum":0,"exeSuccessNum":0,"fixExecutingJobNum":0,"jvmMData":{"gcMap":{"FullGCCollectionTime":14,"SpanYoungGCCollectionCount":0,"SpanFullGCCollectionCount":0,"YoungGCCollectionCount":3,"FullGCCollectionCount":1,"SpanYoungGCCollectionTime":0,"YoungGCCollectionTime":53,"SpanFullGCCollectionTime":0},"memoryMap":{"HeapMemoryMax":3817865216,"SurvivorUsed":2341800,"OldGenCommitted":86507520,"PermGenUsed":0,"NonHeapMemoryUsed":34708688,"OldGenMax":2863661056,"SurvivorInit":11010048,"PermGenCommitted":0,"PermGenMax":0,"OldGenUsed":7205448,"EdenSpaceUsed":60142632,"NonHeapMemoryCommitted":35782656,"HeapMemoryInit":268435456,"HeapMemoryCommitted":231735296,"SurvivorMax":11010048,"EdenSpaceCommitted":134217728,"OldGenInit":179306496,"EdenSpaceMax":1409286144,"SurvivorCommitted":11010048,"NonHeapMemoryMax":-1,"NonHeapMemoryInit":2555904,"HeapMemoryUsed":69689880,"EdenSpaceInit":67108864,"PermGenInit":0},"threadMap":{"ThreadCount":215,"TotalStartedThreadCount":340,"DeadLockedThreadCount":0,"ProcessCpuTimeRate":4.987,"DaemonThreadCount":211}},"pushJobNum":0,"receiveJobNum":0,"timestamp":1778724300000},{"exeExceptionNum":0,"exeFailedNum":0,"exeLaterNum":0,"exeSuccessNum":0,"fixExecutingJobNum":0,"jvmMData":{"gcMap":{"FullGCCollectionTime":14,"SpanYoungGCCollectionCount":0,"SpanFullGCCollectionCount":0,"YoungGCCollectionCount":3,"FullGCCollectionCount":1,"SpanYoungGCCollectionTime":0,"YoungGCCollectionTime":53,"SpanFullGCCollectionTime":0},"memoryMap":{"HeapMemoryMax":3817865216,"SurvivorUsed":2341800,"OldGenCommitted":86507520,"PermGenUsed":0,"NonHeapMemoryUsed":35370336,"OldGenMax":2863661056,"SurvivorInit":11010048,"PermGenCommitted":0,"PermGenMax":0,"OldGenUsed":7205448,"EdenSpaceUsed":69433392,"NonHeapMemoryCommitted":36372480,"HeapMemoryInit":268435456,"HeapMemoryCommitted":231735296,"SurvivorMax":11010048,"EdenSpaceCommitted":134217728,"OldGenInit":179306496,"EdenSpaceMax":1409286144,"SurvivorCommitted":11010048,"NonHeapMemoryMax":-1,"NonHeapMemoryInit":2555904,"HeapMemoryUsed":78980640,"EdenSpaceInit":67108864,"PermGenInit":0},"threadMap":{"ThreadCount":215,"TotalStartedThreadCount":400,"DeadLockedThreadCount":0,"ProcessCpuTimeRate":4.004,"DaemonThreadCount":211}},"pushJobNum":0,"receiveJobNum":0,"timestamp":1778724360000},{"exeExceptionNum":0,"exeFailedNum":0,"exeLaterNum":0,"exeSuccessNum":0,"fixExecutingJobNum":0,"jvmMData":{"gcMap":{"FullGCCollectionTime":14,"SpanYoungGCCollectionCount":0,"SpanFullGCCollectionCount":0,"YoungGCCollectionCount":3,"FullGCCollectionCount":1,"SpanYoungGCCollectionTime":0,"YoungGCCollectionTime":53,"SpanFullGCCollectionTime":0},"memoryMap":{"HeapMemoryMax":3817865216,"SurvivorUsed":2341800,"OldGenCommitted":86507520,"PermGenUsed":0,"NonHeapMemoryUsed":36527472,"OldGenMax":2863661056,"SurvivorInit":11010048,"PermGenCommitted":0,"PermGenMax":0,"OldGenUsed":7205448,"EdenSpaceUsed":75563112,"NonHeapMemoryCommitted":37552128,"HeapMemoryInit":268435456,"HeapMemoryCommitted":231735296,"SurvivorMax":11010048,"EdenSpaceCommitted":134217728,"OldGenInit":179306496,"EdenSpaceMax":1409286144,"SurvivorCommitted":11010048,"NonHeapMemoryMax":-1,"NonHeapMemoryInit":2555904,"HeapMemoryUsed":85110360,"EdenSpaceInit":67108864,"PermGenInit":0},"threadMap":{"ThreadCount":215,"TotalStartedThreadCount":460,"DeadLockedThreadCount":0,"ProcessCpuTimeRate":5.054,"DaemonThreadCount":211}},"pushJobNum":0,"receiveJobNum":0,"timestamp":1778724420000},{"exeExceptionNum":0,"exeFailedNum":0,"exeLaterNum":0,"exeSuccessNum":0,"fixExecutingJobNum":0,"jvmMData":{"gcMap":{"FullGCCollectionTime":14,"SpanYoungGCCollectionCount":0,"SpanFullGCCollectionCount":0,"YoungGCCollectionCount":3,"FullGCCollectionCount":1,"SpanYoungGCCollectionTime":0,"YoungGCCollectionTime":53,"SpanFullGCCollectionTime":0},"memoryMap":{"HeapMemoryMax":3817865216,"SurvivorUsed":2341800,"OldGenCommitted":86507520,"PermGenUsed":0,"NonHeapMemoryUsed":37098240,"OldGenMax":2863661056,"SurvivorInit":11010048,"PermGenCommitted":0,"PermGenMax":0,"OldGenUsed":7205448,"EdenSpaceUsed":81165552,"NonHeapMemoryCommitted":38010880,"HeapMemoryInit":268435456,"HeapMemoryCommitted":231735296,"SurvivorMax":11010048,"EdenSpaceCommitted":134217728,"OldGenInit":179306496,"EdenSpaceMax":1409286144,"SurvivorCommitted":11010048,"NonHeapMemoryMax":-1,"NonHeapMemoryInit":2555904,"HeapMemoryUsed":90712800,"EdenSpaceInit":67108864,"PermGenInit":0},"threadMap":{"ThreadCount":215,"TotalStartedThreadCount":518,"DeadLockedThreadCount":0,"ProcessCpuTimeRate":4.220,"DaemonThreadCount":211}},"pushJobNum":0,"receiveJobNum":0,"timestamp":1778724480000}], lts version: 1.7.3-SNAPSHOT, current host: 192.168.64.1
[lts] 2026-05-14 10:10:00,487 DEBUG [pool-1-thread-6] com.github.ltsopensource.core.logger.slf4j.Slf4jLogger.debug(32) | 
    INSERT 
    INTO
        `
        lts_admin_task_tracker_monitor_data`(
            `gmt_created`, `node_group`, `identity`, `timestamp`, `exe_success_num`, `exe_failed_num`, `exe_later_num`, `exe_exception_num`, `total_running_time`
        ) 
    VALUES
        (?,?,?,?,?,?,?,?,?), lts version: 1.7.3-SNAPSHOT, current host: 192.168.64.1
[lts] 2026-05-14 10:10:00,487 DEBUG [pool-1-thread-5] com.github.ltsopensource.core.logger.slf4j.Slf4jLogger.debug(32) | 
    INSERT 
    INTO
        `
        lts_admin_job_tracker_monitor_data`(
            `gmt_created`, `identity`, `timestamp`, `receive_job_num`, `push_job_num`, `exe_success_num`, `exe_failed_num`, `exe_later_num`, `exe_exception_num`, `fix_executing_job_num`
        ) 
    VALUES
        (?,?,?,?,?,?,?,?,?,?), lts version: 1.7.3-SNAPSHOT, current host: 192.168.64.1
[lts] 2026-05-14 10:10:00,547 DEBUG [pool-1-thread-6] com.github.ltsopensource.core.logger.slf4j.Slf4jLogger.debug(32) | 
    INSERT 
    INTO
        `
        lts_admin_jvm_gc`(
            `gmt_created`, `identity`, `timestamp`, `node_type`, `node_group`, `young_gc_collection_count`, `young_gc_collection_time`, `full_gc_collection_count`, `full_gc_collection_time`, `span_young_gc_collection_count`, `span_young_gc_collection_time`, `span_full_gc_collection_count`, `span_full_gc_collection_time`
        ) 
    VALUES
        (?,?,?,?,?,?,?,?,?,?,?,?,?), lts version: 1.7.3-SNAPSHOT, current host: 192.168.64.1
[lts] 2026-05-14 10:10:00,548 DEBUG [pool-1-thread-5] com.github.ltsopensource.core.logger.slf4j.Slf4jLogger.debug(32) | 
    INSERT 
    INTO
        `
        lts_admin_jvm_gc`(
            `gmt_created`, `identity`, `timestamp`, `node_type`, `node_group`, `young_gc_collection_count`, `young_gc_collection_time`, `full_gc_collection_count`, `full_gc_collection_time`, `span_young_gc_collection_count`, `span_young_gc_collection_time`, `span_full_gc_collection_count`, `span_full_gc_collection_time`
        ) 
    VALUES
        (?,?,?,?,?,?,?,?,?,?,?,?,?), lts version: 1.7.3-SNAPSHOT, current host: 192.168.64.1
[lts] 2026-05-14 10:10:00,568 DEBUG [pool-1-thread-6] com.github.ltsopensource.core.logger.slf4j.Slf4jLogger.debug(32) | 
    INSERT 
    INTO
        `
        lts_admin_jvm_memory`(
            `gmt_created`, `identity`, `timestamp`, `node_type`, `node_group`, `heap_memory_committed`, `heap_memory_init`, `heap_memory_max`, `heap_memory_used`, `non_heap_memory_committed`, `non_heap_memory_init`, `non_heap_memory_max`, `non_heap_memory_used`, `perm_gen_committed`, `perm_gen_init`, `perm_gen_max`, `perm_gen_used`, `old_gen_committed`, `old_gen_init`, `old_gen_max`, `old_gen_used`, `eden_space_committed`, `eden_space_init`, `eden_space_max`, `eden_space_used`, `survivor_committed`, `survivor_init`, `survivor_max`, `survivor_used`
        ) 
    VALUES
        (?,?,?,?,?,?,?,?,?,?,?,?,?,?,?,?,?,?,?,?,?,?,?,?,?,?,?,?,?), lts version: 1.7.3-SNAPSHOT, current host: 192.168.64.1
[lts] 2026-05-14 10:10:00,572 DEBUG [pool-1-thread-5] com.github.ltsopensource.core.logger.slf4j.Slf4jLogger.debug(32) | 
    INSERT 
    INTO
        `
        lts_admin_jvm_memory`(
            `gmt_created`, `identity`, `timestamp`, `node_type`, `node_group`, `heap_memory_committed`, `heap_memory_init`, `heap_memory_max`, `heap_memory_used`, `non_heap_memory_committed`, `non_heap_memory_init`, `non_heap_memory_max`, `non_heap_memory_used`, `perm_gen_committed`, `perm_gen_init`, `perm_gen_max`, `perm_gen_used`, `old_gen_committed`, `old_gen_init`, `old_gen_max`, `old_gen_used`, `eden_space_committed`, `eden_space_init`, `eden_space_max`, `eden_space_used`, `survivor_committed`, `survivor_init`, `survivor_max`, `survivor_used`
        ) 
    VALUES
        (?,?,?,?,?,?,?,?,?,?,?,?,?,?,?,?,?,?,?,?,?,?,?,?,?,?,?,?,?), lts version: 1.7.3-SNAPSHOT, current host: 192.168.64.1
[lts] 2026-05-14 10:10:00,591 DEBUG [pool-1-thread-5] com.github.ltsopensource.core.logger.slf4j.Slf4jLogger.debug(32) | 
    INSERT 
    INTO
        `
        lts_admin_jvm_thread`(
            `gmt_created`, `identity`, `timestamp`, `node_type`, `node_group`, `daemon_thread_count`, `thread_count`, `total_started_thread_count`, `dead_locked_thread_count`, `process_cpu_time_rate`
        ) 
    VALUES
        (?,?,?,?,?,?,?,?,?,?), lts version: 1.7.3-SNAPSHOT, current host: 192.168.64.1
[lts] 2026-05-14 10:10:00,591 DEBUG [pool-1-thread-6] com.github.ltsopensource.core.logger.slf4j.Slf4jLogger.debug(32) | 
    INSERT 
    INTO
        `
        lts_admin_jvm_thread`(
            `gmt_created`, `identity`, `timestamp`, `node_type`, `node_group`, `daemon_thread_count`, `thread_count`, `total_started_thread_count`, `dead_locked_thread_count`, `process_cpu_time_rate`
        ) 
    VALUES
        (?,?,?,?,?,?,?,?,?,?), lts version: 1.7.3-SNAPSHOT, current host: 192.168.64.1
[lts] 2026-05-14 10:10:00,610 DEBUG [pool-1-thread-6] com.github.ltsopensource.core.logger.slf4j.Slf4jLogger.debug(32) | Add Monitor Data success, mNode={"identity":"TT_192.168.64.1_19784_10-03-55.606_1","nodeGroup":"test_trade_taskTracker","nodeType":"TASK_TRACKER"}, mData=[{"exeExceptionNum":0,"exeFailedNum":0,"exeLaterNum":0,"exeSuccessNum":0,"jvmMData":{"gcMap":{"FullGCCollectionTime":0,"SpanYoungGCCollectionCount":0,"SpanFullGCCollectionCount":0,"YoungGCCollectionCount":1,"FullGCCollectionCount":0,"SpanYoungGCCollectionTime":0,"YoungGCCollectionTime":18,"SpanFullGCCollectionTime":0},"memoryMap":{"HeapMemoryMax":3817865216,"SurvivorUsed":7829944,"OldGenCommitted":179306496,"PermGenUsed":0,"NonHeapMemoryUsed":20431784,"OldGenMax":2863661056,"SurvivorInit":11010048,"PermGenCommitted":0,"PermGenMax":0,"OldGenUsed":8192,"EdenSpaceUsed":6688136,"NonHeapMemoryCommitted":21168128,"HeapMemoryInit":268435456,"HeapMemoryCommitted":257425408,"SurvivorMax":11010048,"EdenSpaceCommitted":67108864,"OldGenInit":179306496,"EdenSpaceMax":1409286144,"SurvivorCommitted":11010048,"NonHeapMemoryMax":-1,"NonHeapMemoryInit":2555904,"HeapMemoryUsed":14526272,"EdenSpaceInit":67108864,"PermGenInit":0},"threadMap":{"ThreadCount":25,"TotalStartedThreadCount":28,"DeadLockedThreadCount":0,"ProcessCpuTimeRate":12.10,"DaemonThreadCount":22}},"timestamp":1778724180000,"totalRunningTime":0},{"exeExceptionNum":0,"exeFailedNum":0,"exeLaterNum":0,"exeSuccessNum":0,"jvmMData":{"gcMap":{"FullGCCollectionTime":0,"SpanYoungGCCollectionCount":0,"SpanFullGCCollectionCount":0,"YoungGCCollectionCount":1,"FullGCCollectionCount":0,"SpanYoungGCCollectionTime":0,"YoungGCCollectionTime":18,"SpanFullGCCollectionTime":0},"memoryMap":{"HeapMemoryMax":3817865216,"SurvivorUsed":7829944,"OldGenCommitted":179306496,"PermGenUsed":0,"NonHeapMemoryUsed":21548768,"OldGenMax":2863661056,"SurvivorInit":11010048,"PermGenCommitted":0,"PermGenMax":0,"OldGenUsed":8192,"EdenSpaceUsed":14087256,"NonHeapMemoryCommitted":22413312,"HeapMemoryInit":268435456,"HeapMemoryCommitted":257425408,"SurvivorMax":11010048,"EdenSpaceCommitted":67108864,"OldGenInit":179306496,"EdenSpaceMax":1409286144,"SurvivorCommitted":11010048,"NonHeapMemoryMax":-1,"NonHeapMemoryInit":2555904,"HeapMemoryUsed":21925392,"EdenSpaceInit":67108864,"PermGenInit":0},"threadMap":{"ThreadCount":24,"TotalStartedThreadCount":28,"DeadLockedThreadCount":0,"ProcessCpuTimeRate":3.338,"DaemonThreadCount":21}},"timestamp":1778724240000,"totalRunningTime":0},{"exeExceptionNum":0,"exeFailedNum":0,"exeLaterNum":0,"exeSuccessNum":0,"jvmMData":{"gcMap":{"FullGCCollectionTime":0,"SpanYoungGCCollectionCount":0,"SpanFullGCCollectionCount":0,"YoungGCCollectionCount":1,"FullGCCollectionCount":0,"SpanYoungGCCollectionTime":0,"YoungGCCollectionTime":18,"SpanFullGCCollectionTime":0},"memoryMap":{"HeapMemoryMax":3817865216,"SurvivorUsed":7829944,"OldGenCommitted":179306496,"PermGenUsed":0,"NonHeapMemoryUsed":21989680,"OldGenMax":2863661056,"SurvivorInit":11010048,"PermGenCommitted":0,"PermGenMax":0,"OldGenUsed":8192,"EdenSpaceUsed":16791488,"NonHeapMemoryCommitted":22806528,"HeapMemoryInit":268435456,"HeapMemoryCommitted":257425408,"SurvivorMax":11010048,"EdenSpaceCommitted":67108864,"OldGenInit":179306496,"EdenSpaceMax":1409286144,"SurvivorCommitted":11010048,"NonHeapMemoryMax":-1,"NonHeapMemoryInit":2555904,"HeapMemoryUsed":24629624,"EdenSpaceInit":67108864,"PermGenInit":0},"threadMap":{"ThreadCount":24,"TotalStartedThreadCount":28,"DeadLockedThreadCount":0,"ProcessCpuTimeRate":2.289,"DaemonThreadCount":21}},"timestamp":1778724300000,"totalRunningTime":0},{"exeExceptionNum":0,"exeFailedNum":0,"exeLaterNum":0,"exeSuccessNum":0,"jvmMData":{"gcMap":{"FullGCCollectionTime":0,"SpanYoungGCCollectionCount":0,"SpanFullGCCollectionCount":0,"YoungGCCollectionCount":1,"FullGCCollectionCount":0,"SpanYoungGCCollectionTime":0,"YoungGCCollectionTime":18,"SpanFullGCCollectionTime":0},"memoryMap":{"HeapMemoryMax":3817865216,"SurvivorUsed":7829944,"OldGenCommitted":179306496,"PermGenUsed":0,"NonHeapMemoryUsed":21988632,"OldGenMax":2863661056,"SurvivorInit":11010048,"PermGenCommitted":0,"PermGenMax":0,"OldGenUsed":8192,"EdenSpaceUsed":18808208,"NonHeapMemoryCommitted":23003136,"HeapMemoryInit":268435456,"HeapMemoryCommitted":257425408,"SurvivorMax":11010048,"EdenSpaceCommitted":67108864,"OldGenInit":179306496,"EdenSpaceMax":1409286144,"SurvivorCommitted":11010048,"NonHeapMemoryMax":-1,"NonHeapMemoryInit":2555904,"HeapMemoryUsed":26646344,"EdenSpaceInit":67108864,"PermGenInit":0},"threadMap":{"ThreadCount":24,"TotalStartedThreadCount":28,"DeadLockedThreadCount":0,"ProcessCpuTimeRate":2.171,"DaemonThreadCount":21}},"timestamp":1778724360000,"totalRunningTime":0},{"exeExceptionNum":0,"exeFailedNum":0,"exeLaterNum":0,"exeSuccessNum":0,"jvmMData":{"gcMap":{"FullGCCollectionTime":0,"SpanYoungGCCollectionCount":0,"SpanFullGCCollectionCount":0,"YoungGCCollectionCount":1,"FullGCCollectionCount":0,"SpanYoungGCCollectionTime":0,"YoungGCCollectionTime":18,"SpanFullGCCollectionTime":0},"memoryMap":{"HeapMemoryMax":3817865216,"SurvivorUsed":7829944,"OldGenCommitted":179306496,"PermGenUsed":0,"NonHeapMemoryUsed":22197712,"OldGenMax":2863661056,"SurvivorInit":11010048,"PermGenCommitted":0,"PermGenMax":0,"OldGenUsed":8192,"EdenSpaceUsed":23538952,"NonHeapMemoryCommitted":23003136,"HeapMemoryInit":268435456,"HeapMemoryCommitted":257425408,"SurvivorMax":11010048,"EdenSpaceCommitted":67108864,"OldGenInit":179306496,"EdenSpaceMax":1409286144,"SurvivorCommitted":11010048,"NonHeapMemoryMax":-1,"NonHeapMemoryInit":2555904,"HeapMemoryUsed":31377088,"EdenSpaceInit":67108864,"PermGenInit":0},"threadMap":{"ThreadCount":24,"TotalStartedThreadCount":28,"DeadLockedThreadCount":0,"ProcessCpuTimeRate":2.075,"DaemonThreadCount":21}},"timestamp":1778724420000,"totalRunningTime":0},{"exeExceptionNum":0,"exeFailedNum":0,"exeLaterNum":0,"exeSuccessNum":0,"jvmMData":{"gcMap":{"FullGCCollectionTime":0,"SpanYoungGCCollectionCount":0,"SpanFullGCCollectionCount":0,"YoungGCCollectionCount":1,"FullGCCollectionCount":0,"SpanYoungGCCollectionTime":0,"YoungGCCollectionTime":18,"SpanFullGCCollectionTime":0},"memoryMap":{"HeapMemoryMax":3817865216,"SurvivorUsed":7829944,"OldGenCommitted":179306496,"PermGenUsed":0,"NonHeapMemoryUsed":22475176,"OldGenMax":2863661056,"SurvivorInit":11010048,"PermGenCommitted":0,"PermGenMax":0,"OldGenUsed":8192,"EdenSpaceUsed":25552312,"NonHeapMemoryCommitted":23396352,"HeapMemoryInit":268435456,"HeapMemoryCommitted":257425408,"SurvivorMax":11010048,"EdenSpaceCommitted":67108864,"OldGenInit":179306496,"EdenSpaceMax":1409286144,"SurvivorCommitted":11010048,"NonHeapMemoryMax":-1,"NonHeapMemoryInit":2555904,"HeapMemoryUsed":33390448,"EdenSpaceInit":67108864,"PermGenInit":0},"threadMap":{"ThreadCount":24,"TotalStartedThreadCount":28,"DeadLockedThreadCount":0,"ProcessCpuTimeRate":2.404,"DaemonThreadCount":21}},"timestamp":1778724480000,"totalRunningTime":0},{"exeExceptionNum":0,"exeFailedNum":0,"exeLaterNum":0,"exeSuccessNum":0,"jvmMData":{"gcMap":{"FullGCCollectionTime":0,"SpanYoungGCCollectionCount":0,"SpanFullGCCollectionCount":0,"YoungGCCollectionCount":1,"FullGCCollectionCount":0,"SpanYoungGCCollectionTime":0,"YoungGCCollectionTime":18,"SpanFullGCCollectionTime":0},"memoryMap":{"HeapMemoryMax":3817865216,"SurvivorUsed":7829944,"OldGenCommitted":179306496,"PermGenUsed":0,"NonHeapMemoryUsed":22553792,"OldGenMax":2863661056,"SurvivorInit":11010048,"PermGenCommitted":0,"PermGenMax":0,"OldGenUsed":8192,"EdenSpaceUsed":28276760,"NonHeapMemoryCommitted":23461888,"HeapMemoryInit":268435456,"HeapMemoryCommitted":257425408,"SurvivorMax":11010048,"EdenSpaceCommitted":67108864,"OldGenInit":179306496,"EdenSpaceMax":1409286144,"SurvivorCommitted":11010048,"NonHeapMemoryMax":-1,"NonHeapMemoryInit":2555904,"HeapMemoryUsed":36114896,"EdenSpaceInit":67108864,"PermGenInit":0},"threadMap":{"ThreadCount":24,"TotalStartedThreadCount":28,"DeadLockedThreadCount":0,"ProcessCpuTimeRate":2.029,"DaemonThreadCount":21}},"timestamp":1778724540000,"totalRunningTime":0}], lts version: 1.7.3-SNAPSHOT, current host: 192.168.64.1
[lts] 2026-05-14 10:10:00,610 DEBUG [pool-1-thread-5] com.github.ltsopensource.core.logger.slf4j.Slf4jLogger.debug(32) | Add Monitor Data success, mNode={"identity":"JT_192.168.64.1_19709_10-02-49.861_1","nodeGroup":"lts","nodeType":"JOB_TRACKER"}, mData=[{"exeExceptionNum":0,"exeFailedNum":0,"exeLaterNum":0,"exeSuccessNum":0,"fixExecutingJobNum":0,"jvmMData":{"gcMap":{"FullGCCollectionTime":14,"SpanYoungGCCollectionCount":0,"SpanFullGCCollectionCount":0,"YoungGCCollectionCount":2,"FullGCCollectionCount":1,"SpanYoungGCCollectionTime":0,"YoungGCCollectionTime":39,"SpanFullGCCollectionTime":0},"memoryMap":{"HeapMemoryMax":3817865216,"SurvivorUsed":0,"OldGenCommitted":86507520,"PermGenUsed":0,"NonHeapMemoryUsed":30571448,"OldGenMax":2863661056,"SurvivorInit":11010048,"PermGenCommitted":0,"PermGenMax":0,"OldGenUsed":7197256,"EdenSpaceUsed":27307064,"NonHeapMemoryCommitted":31637504,"HeapMemoryInit":268435456,"HeapMemoryCommitted":231735296,"SurvivorMax":11010048,"EdenSpaceCommitted":134217728,"OldGenInit":179306496,"EdenSpaceMax":1409286144,"SurvivorCommitted":11010048,"NonHeapMemoryMax":-1,"NonHeapMemoryInit":2555904,"HeapMemoryUsed":34504320,"EdenSpaceInit":67108864,"PermGenInit":0},"threadMap":{"ThreadCount":30,"TotalStartedThreadCount":34,"DeadLockedThreadCount":0,"ProcessCpuTimeRate":5.441,"DaemonThreadCount":27}},"pushJobNum":0,"receiveJobNum":0,"timestamp":1778724120000},{"exeExceptionNum":0,"exeFailedNum":0,"exeLaterNum":0,"exeSuccessNum":0,"fixExecutingJobNum":0,"jvmMData":{"gcMap":{"FullGCCollectionTime":14,"SpanYoungGCCollectionCount":0,"SpanFullGCCollectionCount":0,"YoungGCCollectionCount":2,"FullGCCollectionCount":1,"SpanYoungGCCollectionTime":0,"YoungGCCollectionTime":39,"SpanFullGCCollectionTime":0},"memoryMap":{"HeapMemoryMax":3817865216,"SurvivorUsed":0,"OldGenCommitted":86507520,"PermGenUsed":0,"NonHeapMemoryUsed":31927272,"OldGenMax":2863661056,"SurvivorInit":11010048,"PermGenCommitted":0,"PermGenMax":0,"OldGenUsed":7197256,"EdenSpaceUsed":41404560,"NonHeapMemoryCommitted":32899072,"HeapMemoryInit":268435456,"HeapMemoryCommitted":231735296,"SurvivorMax":11010048,"EdenSpaceCommitted":134217728,"OldGenInit":179306496,"EdenSpaceMax":1409286144,"SurvivorCommitted":11010048,"NonHeapMemoryMax":-1,"NonHeapMemoryInit":2555904,"HeapMemoryUsed":48601816,"EdenSpaceInit":67108864,"PermGenInit":0},"threadMap":{"ThreadCount":41,"TotalStartedThreadCount":49,"DeadLockedThreadCount":0,"ProcessCpuTimeRate":3.235,"DaemonThreadCount":37}},"pushJobNum":0,"receiveJobNum":0,"timestamp":1778724180000},{"exeExceptionNum":0,"exeFailedNum":0,"exeLaterNum":0,"exeSuccessNum":0,"fixExecutingJobNum":0,"jvmMData":{"gcMap":{"FullGCCollectionTime":14,"SpanYoungGCCollectionCount":1,"SpanFullGCCollectionCount":0,"YoungGCCollectionCount":3,"FullGCCollectionCount":1,"SpanYoungGCCollectionTime":14,"YoungGCCollectionTime":53,"SpanFullGCCollectionTime":0},"memoryMap":{"HeapMemoryMax":3817865216,"SurvivorUsed":2341800,"OldGenCommitted":86507520,"PermGenUsed":0,"NonHeapMemoryUsed":33150888,"OldGenMax":2863661056,"SurvivorInit":11010048,"PermGenCommitted":0,"PermGenMax":0,"OldGenUsed":7205448,"EdenSpaceUsed":20897976,"NonHeapMemoryCommitted":34275328,"HeapMemoryInit":268435456,"HeapMemoryCommitted":231735296,"SurvivorMax":11010048,"EdenSpaceCommitted":134217728,"OldGenInit":179306496,"EdenSpaceMax":1409286144,"SurvivorCommitted":11010048,"NonHeapMemoryMax":-1,"NonHeapMemoryInit":2555904,"HeapMemoryUsed":30445224,"EdenSpaceInit":67108864,"PermGenInit":0},"threadMap":{"ThreadCount":196,"TotalStartedThreadCount":262,"DeadLockedThreadCount":0,"ProcessCpuTimeRate":6.438,"DaemonThreadCount":192}},"pushJobNum":0,"receiveJobNum":0,"timestamp":1778724240000},{"exeExceptionNum":0,"exeFailedNum":0,"exeLaterNum":0,"exeSuccessNum":0,"fixExecutingJobNum":0,"jvmMData":{"gcMap":{"FullGCCollectionTime":14,"SpanYoungGCCollectionCount":0,"SpanFullGCCollectionCount":0,"YoungGCCollectionCount":3,"FullGCCollectionCount":1,"SpanYoungGCCollectionTime":0,"YoungGCCollectionTime":53,"SpanFullGCCollectionTime":0},"memoryMap":{"HeapMemoryMax":3817865216,"SurvivorUsed":2341800,"OldGenCommitted":86507520,"PermGenUsed":0,"NonHeapMemoryUsed":34708688,"OldGenMax":2863661056,"SurvivorInit":11010048,"PermGenCommitted":0,"PermGenMax":0,"OldGenUsed":7205448,"EdenSpaceUsed":60142632,"NonHeapMemoryCommitted":35782656,"HeapMemoryInit":268435456,"HeapMemoryCommitted":231735296,"SurvivorMax":11010048,"EdenSpaceCommitted":134217728,"OldGenInit":179306496,"EdenSpaceMax":1409286144,"SurvivorCommitted":11010048,"NonHeapMemoryMax":-1,"NonHeapMemoryInit":2555904,"HeapMemoryUsed":69689880,"EdenSpaceInit":67108864,"PermGenInit":0},"threadMap":{"ThreadCount":215,"TotalStartedThreadCount":340,"DeadLockedThreadCount":0,"ProcessCpuTimeRate":4.987,"DaemonThreadCount":211}},"pushJobNum":0,"receiveJobNum":0,"timestamp":1778724300000},{"exeExceptionNum":0,"exeFailedNum":0,"exeLaterNum":0,"exeSuccessNum":0,"fixExecutingJobNum":0,"jvmMData":{"gcMap":{"FullGCCollectionTime":14,"SpanYoungGCCollectionCount":0,"SpanFullGCCollectionCount":0,"YoungGCCollectionCount":3,"FullGCCollectionCount":1,"SpanYoungGCCollectionTime":0,"YoungGCCollectionTime":53,"SpanFullGCCollectionTime":0},"memoryMap":{"HeapMemoryMax":3817865216,"SurvivorUsed":2341800,"OldGenCommitted":86507520,"PermGenUsed":0,"NonHeapMemoryUsed":35370336,"OldGenMax":2863661056,"SurvivorInit":11010048,"PermGenCommitted":0,"PermGenMax":0,"OldGenUsed":7205448,"EdenSpaceUsed":69433392,"NonHeapMemoryCommitted":36372480,"HeapMemoryInit":268435456,"HeapMemoryCommitted":231735296,"SurvivorMax":11010048,"EdenSpaceCommitted":134217728,"OldGenInit":179306496,"EdenSpaceMax":1409286144,"SurvivorCommitted":11010048,"NonHeapMemoryMax":-1,"NonHeapMemoryInit":2555904,"HeapMemoryUsed":78980640,"EdenSpaceInit":67108864,"PermGenInit":0},"threadMap":{"ThreadCount":215,"TotalStartedThreadCount":400,"DeadLockedThreadCount":0,"ProcessCpuTimeRate":4.004,"DaemonThreadCount":211}},"pushJobNum":0,"receiveJobNum":0,"timestamp":1778724360000},{"exeExceptionNum":0,"exeFailedNum":0,"exeLaterNum":0,"exeSuccessNum":0,"fixExecutingJobNum":0,"jvmMData":{"gcMap":{"FullGCCollectionTime":14,"SpanYoungGCCollectionCount":0,"SpanFullGCCollectionCount":0,"YoungGCCollectionCount":3,"FullGCCollectionCount":1,"SpanYoungGCCollectionTime":0,"YoungGCCollectionTime":53,"SpanFullGCCollectionTime":0},"memoryMap":{"HeapMemoryMax":3817865216,"SurvivorUsed":2341800,"OldGenCommitted":86507520,"PermGenUsed":0,"NonHeapMemoryUsed":36527472,"OldGenMax":2863661056,"SurvivorInit":11010048,"PermGenCommitted":0,"PermGenMax":0,"OldGenUsed":7205448,"EdenSpaceUsed":75563112,"NonHeapMemoryCommitted":37552128,"HeapMemoryInit":268435456,"HeapMemoryCommitted":231735296,"SurvivorMax":11010048,"EdenSpaceCommitted":134217728,"OldGenInit":179306496,"EdenSpaceMax":1409286144,"SurvivorCommitted":11010048,"NonHeapMemoryMax":-1,"NonHeapMemoryInit":2555904,"HeapMemoryUsed":85110360,"EdenSpaceInit":67108864,"PermGenInit":0},"threadMap":{"ThreadCount":215,"TotalStartedThreadCount":460,"DeadLockedThreadCount":0,"ProcessCpuTimeRate":5.054,"DaemonThreadCount":211}},"pushJobNum":0,"receiveJobNum":0,"timestamp":1778724420000},{"exeExceptionNum":0,"exeFailedNum":0,"exeLaterNum":0,"exeSuccessNum":0,"fixExecutingJobNum":0,"jvmMData":{"gcMap":{"FullGCCollectionTime":14,"SpanYoungGCCollectionCount":0,"SpanFullGCCollectionCount":0,"YoungGCCollectionCount":3,"FullGCCollectionCount":1,"SpanYoungGCCollectionTime":0,"YoungGCCollectionTime":53,"SpanFullGCCollectionTime":0},"memoryMap":{"HeapMemoryMax":3817865216,"SurvivorUsed":2341800,"OldGenCommitted":86507520,"PermGenUsed":0,"NonHeapMemoryUsed":37098240,"OldGenMax":2863661056,"SurvivorInit":11010048,"PermGenCommitted":0,"PermGenMax":0,"OldGenUsed":7205448,"EdenSpaceUsed":81165552,"NonHeapMemoryCommitted":38010880,"HeapMemoryInit":268435456,"HeapMemoryCommitted":231735296,"SurvivorMax":11010048,"EdenSpaceCommitted":134217728,"OldGenInit":179306496,"EdenSpaceMax":1409286144,"SurvivorCommitted":11010048,"NonHeapMemoryMax":-1,"NonHeapMemoryInit":2555904,"HeapMemoryUsed":90712800,"EdenSpaceInit":67108864,"PermGenInit":0},"threadMap":{"ThreadCount":215,"TotalStartedThreadCount":518,"DeadLockedThreadCount":0,"ProcessCpuTimeRate":4.220,"DaemonThreadCount":211}},"pushJobNum":0,"receiveJobNum":0,"timestamp":1778724480000},{"exeExceptionNum":0,"exeFailedNum":0,"exeLaterNum":0,"exeSuccessNum":0,"fixExecutingJobNum":0,"jvmMData":{"gcMap":{"FullGCCollectionTime":14,"SpanYoungGCCollectionCount":0,"SpanFullGCCollectionCount":0,"YoungGCCollectionCount":3,"FullGCCollectionCount":1,"SpanYoungGCCollectionTime":0,"YoungGCCollectionTime":53,"SpanFullGCCollectionTime":0},"memoryMap":{"HeapMemoryMax":3817865216,"SurvivorUsed":2341800,"OldGenCommitted":86507520,"PermGenUsed":0,"NonHeapMemoryUsed":37775888,"OldGenMax":2863661056,"SurvivorInit":11010048,"PermGenCommitted":0,"PermGenMax":0,"OldGenUsed":7205448,"EdenSpaceUsed":87675712,"NonHeapMemoryCommitted":38797312,"HeapMemoryInit":268435456,"HeapMemoryCommitted":231735296,"SurvivorMax":11010048,"EdenSpaceCommitted":134217728,"OldGenInit":179306496,"EdenSpaceMax":1409286144,"SurvivorCommitted":11010048,"NonHeapMemoryMax":-1,"NonHeapMemoryInit":2555904,"HeapMemoryUsed":97222960,"EdenSpaceInit":67108864,"PermGenInit":0},"threadMap":{"ThreadCount":215,"TotalStartedThreadCount":578,"DeadLockedThreadCount":0,"ProcessCpuTimeRate":3.795,"DaemonThreadCount":211}},"pushJobNum":0,"receiveJobNum":0,"timestamp":1778724540000}], lts version: 1.7.3-SNAPSHOT, current host: 192.168.64.1
[lts] 2026-05-14 10:11:00,769 DEBUG [pool-1-thread-7] com.github.ltsopensource.core.logger.slf4j.Slf4jLogger.debug(32) | 
    INSERT 
    INTO
        `
        lts_admin_task_tracker_monitor_data`(
            `gmt_created`, `node_group`, `identity`, `timestamp`, `exe_success_num`, `exe_failed_num`, `exe_later_num`, `exe_exception_num`, `total_running_time`
        ) 
    VALUES
        (?,?,?,?,?,?,?,?,?), lts version: 1.7.3-SNAPSHOT, current host: 192.168.64.1
[lts] 2026-05-14 10:11:00,804 DEBUG [pool-1-thread-8] com.github.ltsopensource.core.logger.slf4j.Slf4jLogger.debug(32) | 
    INSERT 
    INTO
        `
        lts_admin_job_tracker_monitor_data`(
            `gmt_created`, `identity`, `timestamp`, `receive_job_num`, `push_job_num`, `exe_success_num`, `exe_failed_num`, `exe_later_num`, `exe_exception_num`, `fix_executing_job_num`
        ) 
    VALUES
        (?,?,?,?,?,?,?,?,?,?), lts version: 1.7.3-SNAPSHOT, current host: 192.168.64.1
[lts] 2026-05-14 10:11:00,843 DEBUG [pool-1-thread-8] com.github.ltsopensource.core.logger.slf4j.Slf4jLogger.debug(32) | 
    INSERT 
    INTO
        `
        lts_admin_jvm_gc`(
            `gmt_created`, `identity`, `timestamp`, `node_type`, `node_group`, `young_gc_collection_count`, `young_gc_collection_time`, `full_gc_collection_count`, `full_gc_collection_time`, `span_young_gc_collection_count`, `span_young_gc_collection_time`, `span_full_gc_collection_count`, `span_full_gc_collection_time`
        ) 
    VALUES
        (?,?,?,?,?,?,?,?,?,?,?,?,?), lts version: 1.7.3-SNAPSHOT, current host: 192.168.64.1
[lts] 2026-05-14 10:11:00,843 DEBUG [pool-1-thread-7] com.github.ltsopensource.core.logger.slf4j.Slf4jLogger.debug(32) | 
    INSERT 
    INTO
        `
        lts_admin_jvm_gc`(
            `gmt_created`, `identity`, `timestamp`, `node_type`, `node_group`, `young_gc_collection_count`, `young_gc_collection_time`, `full_gc_collection_count`, `full_gc_collection_time`, `span_young_gc_collection_count`, `span_young_gc_collection_time`, `span_full_gc_collection_count`, `span_full_gc_collection_time`
        ) 
    VALUES
        (?,?,?,?,?,?,?,?,?,?,?,?,?), lts version: 1.7.3-SNAPSHOT, current host: 192.168.64.1
[lts] 2026-05-14 10:11:00,863 DEBUG [pool-1-thread-7] com.github.ltsopensource.core.logger.slf4j.Slf4jLogger.debug(32) | 
    INSERT 
    INTO
        `
        lts_admin_jvm_memory`(
            `gmt_created`, `identity`, `timestamp`, `node_type`, `node_group`, `heap_memory_committed`, `heap_memory_init`, `heap_memory_max`, `heap_memory_used`, `non_heap_memory_committed`, `non_heap_memory_init`, `non_heap_memory_max`, `non_heap_memory_used`, `perm_gen_committed`, `perm_gen_init`, `perm_gen_max`, `perm_gen_used`, `old_gen_committed`, `old_gen_init`, `old_gen_max`, `old_gen_used`, `eden_space_committed`, `eden_space_init`, `eden_space_max`, `eden_space_used`, `survivor_committed`, `survivor_init`, `survivor_max`, `survivor_used`
        ) 
    VALUES
        (?,?,?,?,?,?,?,?,?,?,?,?,?,?,?,?,?,?,?,?,?,?,?,?,?,?,?,?,?), lts version: 1.7.3-SNAPSHOT, current host: 192.168.64.1
[lts] 2026-05-14 10:11:00,863 DEBUG [pool-1-thread-8] com.github.ltsopensource.core.logger.slf4j.Slf4jLogger.debug(32) | 
    INSERT 
    INTO
        `
        lts_admin_jvm_memory`(
            `gmt_created`, `identity`, `timestamp`, `node_type`, `node_group`, `heap_memory_committed`, `heap_memory_init`, `heap_memory_max`, `heap_memory_used`, `non_heap_memory_committed`, `non_heap_memory_init`, `non_heap_memory_max`, `non_heap_memory_used`, `perm_gen_committed`, `perm_gen_init`, `perm_gen_max`, `perm_gen_used`, `old_gen_committed`, `old_gen_init`, `old_gen_max`, `old_gen_used`, `eden_space_committed`, `eden_space_init`, `eden_space_max`, `eden_space_used`, `survivor_committed`, `survivor_init`, `survivor_max`, `survivor_used`
        ) 
    VALUES
        (?,?,?,?,?,?,?,?,?,?,?,?,?,?,?,?,?,?,?,?,?,?,?,?,?,?,?,?,?), lts version: 1.7.3-SNAPSHOT, current host: 192.168.64.1
[lts] 2026-05-14 10:11:00,886 DEBUG [pool-1-thread-8] com.github.ltsopensource.core.logger.slf4j.Slf4jLogger.debug(32) | 
    INSERT 
    INTO
        `
        lts_admin_jvm_thread`(
            `gmt_created`, `identity`, `timestamp`, `node_type`, `node_group`, `daemon_thread_count`, `thread_count`, `total_started_thread_count`, `dead_locked_thread_count`, `process_cpu_time_rate`
        ) 
    VALUES
        (?,?,?,?,?,?,?,?,?,?), lts version: 1.7.3-SNAPSHOT, current host: 192.168.64.1
[lts] 2026-05-14 10:11:00,886 DEBUG [pool-1-thread-7] com.github.ltsopensource.core.logger.slf4j.Slf4jLogger.debug(32) | 
    INSERT 
    INTO
        `
        lts_admin_jvm_thread`(
            `gmt_created`, `identity`, `timestamp`, `node_type`, `node_group`, `daemon_thread_count`, `thread_count`, `total_started_thread_count`, `dead_locked_thread_count`, `process_cpu_time_rate`
        ) 
    VALUES
        (?,?,?,?,?,?,?,?,?,?), lts version: 1.7.3-SNAPSHOT, current host: 192.168.64.1
[lts] 2026-05-14 10:11:00,902 DEBUG [pool-1-thread-7] com.github.ltsopensource.core.logger.slf4j.Slf4jLogger.debug(32) | Add Monitor Data success, mNode={"identity":"TT_192.168.64.1_19784_10-03-55.606_1","nodeGroup":"test_trade_taskTracker","nodeType":"TASK_TRACKER"}, mData=[{"exeExceptionNum":0,"exeFailedNum":0,"exeLaterNum":0,"exeSuccessNum":0,"jvmMData":{"gcMap":{"FullGCCollectionTime":0,"SpanYoungGCCollectionCount":0,"SpanFullGCCollectionCount":0,"YoungGCCollectionCount":1,"FullGCCollectionCount":0,"SpanYoungGCCollectionTime":0,"YoungGCCollectionTime":18,"SpanFullGCCollectionTime":0},"memoryMap":{"HeapMemoryMax":3817865216,"SurvivorUsed":7829944,"OldGenCommitted":179306496,"PermGenUsed":0,"NonHeapMemoryUsed":20431784,"OldGenMax":2863661056,"SurvivorInit":11010048,"PermGenCommitted":0,"PermGenMax":0,"OldGenUsed":8192,"EdenSpaceUsed":6688136,"NonHeapMemoryCommitted":21168128,"HeapMemoryInit":268435456,"HeapMemoryCommitted":257425408,"SurvivorMax":11010048,"EdenSpaceCommitted":67108864,"OldGenInit":179306496,"EdenSpaceMax":1409286144,"SurvivorCommitted":11010048,"NonHeapMemoryMax":-1,"NonHeapMemoryInit":2555904,"HeapMemoryUsed":14526272,"EdenSpaceInit":67108864,"PermGenInit":0},"threadMap":{"ThreadCount":25,"TotalStartedThreadCount":28,"DeadLockedThreadCount":0,"ProcessCpuTimeRate":12.10,"DaemonThreadCount":22}},"timestamp":1778724180000,"totalRunningTime":0},{"exeExceptionNum":0,"exeFailedNum":0,"exeLaterNum":0,"exeSuccessNum":0,"jvmMData":{"gcMap":{"FullGCCollectionTime":0,"SpanYoungGCCollectionCount":0,"SpanFullGCCollectionCount":0,"YoungGCCollectionCount":1,"FullGCCollectionCount":0,"SpanYoungGCCollectionTime":0,"YoungGCCollectionTime":18,"SpanFullGCCollectionTime":0},"memoryMap":{"HeapMemoryMax":3817865216,"SurvivorUsed":7829944,"OldGenCommitted":179306496,"PermGenUsed":0,"NonHeapMemoryUsed":21548768,"OldGenMax":2863661056,"SurvivorInit":11010048,"PermGenCommitted":0,"PermGenMax":0,"OldGenUsed":8192,"EdenSpaceUsed":14087256,"NonHeapMemoryCommitted":22413312,"HeapMemoryInit":268435456,"HeapMemoryCommitted":257425408,"SurvivorMax":11010048,"EdenSpaceCommitted":67108864,"OldGenInit":179306496,"EdenSpaceMax":1409286144,"SurvivorCommitted":11010048,"NonHeapMemoryMax":-1,"NonHeapMemoryInit":2555904,"HeapMemoryUsed":21925392,"EdenSpaceInit":67108864,"PermGenInit":0},"threadMap":{"ThreadCount":24,"TotalStartedThreadCount":28,"DeadLockedThreadCount":0,"ProcessCpuTimeRate":3.338,"DaemonThreadCount":21}},"timestamp":1778724240000,"totalRunningTime":0},{"exeExceptionNum":0,"exeFailedNum":0,"exeLaterNum":0,"exeSuccessNum":0,"jvmMData":{"gcMap":{"FullGCCollectionTime":0,"SpanYoungGCCollectionCount":0,"SpanFullGCCollectionCount":0,"YoungGCCollectionCount":1,"FullGCCollectionCount":0,"SpanYoungGCCollectionTime":0,"YoungGCCollectionTime":18,"SpanFullGCCollectionTime":0},"memoryMap":{"HeapMemoryMax":3817865216,"SurvivorUsed":7829944,"OldGenCommitted":179306496,"PermGenUsed":0,"NonHeapMemoryUsed":21989680,"OldGenMax":2863661056,"SurvivorInit":11010048,"PermGenCommitted":0,"PermGenMax":0,"OldGenUsed":8192,"EdenSpaceUsed":16791488,"NonHeapMemoryCommitted":22806528,"HeapMemoryInit":268435456,"HeapMemoryCommitted":257425408,"SurvivorMax":11010048,"EdenSpaceCommitted":67108864,"OldGenInit":179306496,"EdenSpaceMax":1409286144,"SurvivorCommitted":11010048,"NonHeapMemoryMax":-1,"NonHeapMemoryInit":2555904,"HeapMemoryUsed":24629624,"EdenSpaceInit":67108864,"PermGenInit":0},"threadMap":{"ThreadCount":24,"TotalStartedThreadCount":28,"DeadLockedThreadCount":0,"ProcessCpuTimeRate":2.289,"DaemonThreadCount":21}},"timestamp":1778724300000,"totalRunningTime":0},{"exeExceptionNum":0,"exeFailedNum":0,"exeLaterNum":0,"exeSuccessNum":0,"jvmMData":{"gcMap":{"FullGCCollectionTime":0,"SpanYoungGCCollectionCount":0,"SpanFullGCCollectionCount":0,"YoungGCCollectionCount":1,"FullGCCollectionCount":0,"SpanYoungGCCollectionTime":0,"YoungGCCollectionTime":18,"SpanFullGCCollectionTime":0},"memoryMap":{"HeapMemoryMax":3817865216,"SurvivorUsed":7829944,"OldGenCommitted":179306496,"PermGenUsed":0,"NonHeapMemoryUsed":21988632,"OldGenMax":2863661056,"SurvivorInit":11010048,"PermGenCommitted":0,"PermGenMax":0,"OldGenUsed":8192,"EdenSpaceUsed":18808208,"NonHeapMemoryCommitted":23003136,"HeapMemoryInit":268435456,"HeapMemoryCommitted":257425408,"SurvivorMax":11010048,"EdenSpaceCommitted":67108864,"OldGenInit":179306496,"EdenSpaceMax":1409286144,"SurvivorCommitted":11010048,"NonHeapMemoryMax":-1,"NonHeapMemoryInit":2555904,"HeapMemoryUsed":26646344,"EdenSpaceInit":67108864,"PermGenInit":0},"threadMap":{"ThreadCount":24,"TotalStartedThreadCount":28,"DeadLockedThreadCount":0,"ProcessCpuTimeRate":2.171,"DaemonThreadCount":21}},"timestamp":1778724360000,"totalRunningTime":0},{"exeExceptionNum":0,"exeFailedNum":0,"exeLaterNum":0,"exeSuccessNum":0,"jvmMData":{"gcMap":{"FullGCCollectionTime":0,"SpanYoungGCCollectionCount":0,"SpanFullGCCollectionCount":0,"YoungGCCollectionCount":1,"FullGCCollectionCount":0,"SpanYoungGCCollectionTime":0,"YoungGCCollectionTime":18,"SpanFullGCCollectionTime":0},"memoryMap":{"HeapMemoryMax":3817865216,"SurvivorUsed":7829944,"OldGenCommitted":179306496,"PermGenUsed":0,"NonHeapMemoryUsed":22197712,"OldGenMax":2863661056,"SurvivorInit":11010048,"PermGenCommitted":0,"PermGenMax":0,"OldGenUsed":8192,"EdenSpaceUsed":23538952,"NonHeapMemoryCommitted":23003136,"HeapMemoryInit":268435456,"HeapMemoryCommitted":257425408,"SurvivorMax":11010048,"EdenSpaceCommitted":67108864,"OldGenInit":179306496,"EdenSpaceMax":1409286144,"SurvivorCommitted":11010048,"NonHeapMemoryMax":-1,"NonHeapMemoryInit":2555904,"HeapMemoryUsed":31377088,"EdenSpaceInit":67108864,"PermGenInit":0},"threadMap":{"ThreadCount":24,"TotalStartedThreadCount":28,"DeadLockedThreadCount":0,"ProcessCpuTimeRate":2.075,"DaemonThreadCount":21}},"timestamp":1778724420000,"totalRunningTime":0},{"exeExceptionNum":0,"exeFailedNum":0,"exeLaterNum":0,"exeSuccessNum":0,"jvmMData":{"gcMap":{"FullGCCollectionTime":0,"SpanYoungGCCollectionCount":0,"SpanFullGCCollectionCount":0,"YoungGCCollectionCount":1,"FullGCCollectionCount":0,"SpanYoungGCCollectionTime":0,"YoungGCCollectionTime":18,"SpanFullGCCollectionTime":0},"memoryMap":{"HeapMemoryMax":3817865216,"SurvivorUsed":7829944,"OldGenCommitted":179306496,"PermGenUsed":0,"NonHeapMemoryUsed":22475176,"OldGenMax":2863661056,"SurvivorInit":11010048,"PermGenCommitted":0,"PermGenMax":0,"OldGenUsed":8192,"EdenSpaceUsed":25552312,"NonHeapMemoryCommitted":23396352,"HeapMemoryInit":268435456,"HeapMemoryCommitted":257425408,"SurvivorMax":11010048,"EdenSpaceCommitted":67108864,"OldGenInit":179306496,"EdenSpaceMax":1409286144,"SurvivorCommitted":11010048,"NonHeapMemoryMax":-1,"NonHeapMemoryInit":2555904,"HeapMemoryUsed":33390448,"EdenSpaceInit":67108864,"PermGenInit":0},"threadMap":{"ThreadCount":24,"TotalStartedThreadCount":28,"DeadLockedThreadCount":0,"ProcessCpuTimeRate":2.404,"DaemonThreadCount":21}},"timestamp":1778724480000,"totalRunningTime":0},{"exeExceptionNum":0,"exeFailedNum":0,"exeLaterNum":0,"exeSuccessNum":0,"jvmMData":{"gcMap":{"FullGCCollectionTime":0,"SpanYoungGCCollectionCount":0,"SpanFullGCCollectionCount":0,"YoungGCCollectionCount":1,"FullGCCollectionCount":0,"SpanYoungGCCollectionTime":0,"YoungGCCollectionTime":18,"SpanFullGCCollectionTime":0},"memoryMap":{"HeapMemoryMax":3817865216,"SurvivorUsed":7829944,"OldGenCommitted":179306496,"PermGenUsed":0,"NonHeapMemoryUsed":22553792,"OldGenMax":2863661056,"SurvivorInit":11010048,"PermGenCommitted":0,"PermGenMax":0,"OldGenUsed":8192,"EdenSpaceUsed":28276760,"NonHeapMemoryCommitted":23461888,"HeapMemoryInit":268435456,"HeapMemoryCommitted":257425408,"SurvivorMax":11010048,"EdenSpaceCommitted":67108864,"OldGenInit":179306496,"EdenSpaceMax":1409286144,"SurvivorCommitted":11010048,"NonHeapMemoryMax":-1,"NonHeapMemoryInit":2555904,"HeapMemoryUsed":36114896,"EdenSpaceInit":67108864,"PermGenInit":0},"threadMap":{"ThreadCount":24,"TotalStartedThreadCount":28,"DeadLockedThreadCount":0,"ProcessCpuTimeRate":2.029,"DaemonThreadCount":21}},"timestamp":1778724540000,"totalRunningTime":0},{"exeExceptionNum":0,"exeFailedNum":0,"exeLaterNum":0,"exeSuccessNum":0,"jvmMData":{"gcMap":{"FullGCCollectionTime":0,"SpanYoungGCCollectionCount":0,"SpanFullGCCollectionCount":0,"YoungGCCollectionCount":1,"FullGCCollectionCount":0,"SpanYoungGCCollectionTime":0,"YoungGCCollectionTime":18,"SpanFullGCCollectionTime":0},"memoryMap":{"HeapMemoryMax":3817865216,"SurvivorUsed":7829944,"OldGenCommitted":179306496,"PermGenUsed":0,"NonHeapMemoryUsed":22749224,"OldGenMax":2863661056,"SurvivorInit":11010048,"PermGenCommitted":0,"PermGenMax":0,"OldGenUsed":8192,"EdenSpaceUsed":30993144,"NonHeapMemoryCommitted":23592960,"HeapMemoryInit":268435456,"HeapMemoryCommitted":257425408,"SurvivorMax":11010048,"EdenSpaceCommitted":67108864,"OldGenInit":179306496,"EdenSpaceMax":1409286144,"SurvivorCommitted":11010048,"NonHeapMemoryMax":-1,"NonHeapMemoryInit":2555904,"HeapMemoryUsed":38831280,"EdenSpaceInit":67108864,"PermGenInit":0},"threadMap":{"ThreadCount":24,"TotalStartedThreadCount":28,"DeadLockedThreadCount":0,"ProcessCpuTimeRate":1.943,"DaemonThreadCount":21}},"timestamp":1778724600000,"totalRunningTime":0}], lts version: 1.7.3-SNAPSHOT, current host: 192.168.64.1
[lts] 2026-05-14 10:11:00,903 DEBUG [pool-1-thread-8] com.github.ltsopensource.core.logger.slf4j.Slf4jLogger.debug(32) | Add Monitor Data success, mNode={"identity":"JT_192.168.64.1_19709_10-02-49.861_1","nodeGroup":"lts","nodeType":"JOB_TRACKER"}, mData=[{"exeExceptionNum":0,"exeFailedNum":0,"exeLaterNum":0,"exeSuccessNum":0,"fixExecutingJobNum":0,"jvmMData":{"gcMap":{"FullGCCollectionTime":14,"SpanYoungGCCollectionCount":0,"SpanFullGCCollectionCount":0,"YoungGCCollectionCount":2,"FullGCCollectionCount":1,"SpanYoungGCCollectionTime":0,"YoungGCCollectionTime":39,"SpanFullGCCollectionTime":0},"memoryMap":{"HeapMemoryMax":3817865216,"SurvivorUsed":0,"OldGenCommitted":86507520,"PermGenUsed":0,"NonHeapMemoryUsed":30571448,"OldGenMax":2863661056,"SurvivorInit":11010048,"PermGenCommitted":0,"PermGenMax":0,"OldGenUsed":7197256,"EdenSpaceUsed":27307064,"NonHeapMemoryCommitted":31637504,"HeapMemoryInit":268435456,"HeapMemoryCommitted":231735296,"SurvivorMax":11010048,"EdenSpaceCommitted":134217728,"OldGenInit":179306496,"EdenSpaceMax":1409286144,"SurvivorCommitted":11010048,"NonHeapMemoryMax":-1,"NonHeapMemoryInit":2555904,"HeapMemoryUsed":34504320,"EdenSpaceInit":67108864,"PermGenInit":0},"threadMap":{"ThreadCount":30,"TotalStartedThreadCount":34,"DeadLockedThreadCount":0,"ProcessCpuTimeRate":5.441,"DaemonThreadCount":27}},"pushJobNum":0,"receiveJobNum":0,"timestamp":1778724120000},{"exeExceptionNum":0,"exeFailedNum":0,"exeLaterNum":0,"exeSuccessNum":0,"fixExecutingJobNum":0,"jvmMData":{"gcMap":{"FullGCCollectionTime":14,"SpanYoungGCCollectionCount":0,"SpanFullGCCollectionCount":0,"YoungGCCollectionCount":2,"FullGCCollectionCount":1,"SpanYoungGCCollectionTime":0,"YoungGCCollectionTime":39,"SpanFullGCCollectionTime":0},"memoryMap":{"HeapMemoryMax":3817865216,"SurvivorUsed":0,"OldGenCommitted":86507520,"PermGenUsed":0,"NonHeapMemoryUsed":31927272,"OldGenMax":2863661056,"SurvivorInit":11010048,"PermGenCommitted":0,"PermGenMax":0,"OldGenUsed":7197256,"EdenSpaceUsed":41404560,"NonHeapMemoryCommitted":32899072,"HeapMemoryInit":268435456,"HeapMemoryCommitted":231735296,"SurvivorMax":11010048,"EdenSpaceCommitted":134217728,"OldGenInit":179306496,"EdenSpaceMax":1409286144,"SurvivorCommitted":11010048,"NonHeapMemoryMax":-1,"NonHeapMemoryInit":2555904,"HeapMemoryUsed":48601816,"EdenSpaceInit":67108864,"PermGenInit":0},"threadMap":{"ThreadCount":41,"TotalStartedThreadCount":49,"DeadLockedThreadCount":0,"ProcessCpuTimeRate":3.235,"DaemonThreadCount":37}},"pushJobNum":0,"receiveJobNum":0,"timestamp":1778724180000},{"exeExceptionNum":0,"exeFailedNum":0,"exeLaterNum":0,"exeSuccessNum":0,"fixExecutingJobNum":0,"jvmMData":{"gcMap":{"FullGCCollectionTime":14,"SpanYoungGCCollectionCount":1,"SpanFullGCCollectionCount":0,"YoungGCCollectionCount":3,"FullGCCollectionCount":1,"SpanYoungGCCollectionTime":14,"YoungGCCollectionTime":53,"SpanFullGCCollectionTime":0},"memoryMap":{"HeapMemoryMax":3817865216,"SurvivorUsed":2341800,"OldGenCommitted":86507520,"PermGenUsed":0,"NonHeapMemoryUsed":33150888,"OldGenMax":2863661056,"SurvivorInit":11010048,"PermGenCommitted":0,"PermGenMax":0,"OldGenUsed":7205448,"EdenSpaceUsed":20897976,"NonHeapMemoryCommitted":34275328,"HeapMemoryInit":268435456,"HeapMemoryCommitted":231735296,"SurvivorMax":11010048,"EdenSpaceCommitted":134217728,"OldGenInit":179306496,"EdenSpaceMax":1409286144,"SurvivorCommitted":11010048,"NonHeapMemoryMax":-1,"NonHeapMemoryInit":2555904,"HeapMemoryUsed":30445224,"EdenSpaceInit":67108864,"PermGenInit":0},"threadMap":{"ThreadCount":196,"TotalStartedThreadCount":262,"DeadLockedThreadCount":0,"ProcessCpuTimeRate":6.438,"DaemonThreadCount":192}},"pushJobNum":0,"receiveJobNum":0,"timestamp":1778724240000},{"exeExceptionNum":0,"exeFailedNum":0,"exeLaterNum":0,"exeSuccessNum":0,"fixExecutingJobNum":0,"jvmMData":{"gcMap":{"FullGCCollectionTime":14,"SpanYoungGCCollectionCount":0,"SpanFullGCCollectionCount":0,"YoungGCCollectionCount":3,"FullGCCollectionCount":1,"SpanYoungGCCollectionTime":0,"YoungGCCollectionTime":53,"SpanFullGCCollectionTime":0},"memoryMap":{"HeapMemoryMax":3817865216,"SurvivorUsed":2341800,"OldGenCommitted":86507520,"PermGenUsed":0,"NonHeapMemoryUsed":34708688,"OldGenMax":2863661056,"SurvivorInit":11010048,"PermGenCommitted":0,"PermGenMax":0,"OldGenUsed":7205448,"EdenSpaceUsed":60142632,"NonHeapMemoryCommitted":35782656,"HeapMemoryInit":268435456,"HeapMemoryCommitted":231735296,"SurvivorMax":11010048,"EdenSpaceCommitted":134217728,"OldGenInit":179306496,"EdenSpaceMax":1409286144,"SurvivorCommitted":11010048,"NonHeapMemoryMax":-1,"NonHeapMemoryInit":2555904,"HeapMemoryUsed":69689880,"EdenSpaceInit":67108864,"PermGenInit":0},"threadMap":{"ThreadCount":215,"TotalStartedThreadCount":340,"DeadLockedThreadCount":0,"ProcessCpuTimeRate":4.987,"DaemonThreadCount":211}},"pushJobNum":0,"receiveJobNum":0,"timestamp":1778724300000},{"exeExceptionNum":0,"exeFailedNum":0,"exeLaterNum":0,"exeSuccessNum":0,"fixExecutingJobNum":0,"jvmMData":{"gcMap":{"FullGCCollectionTime":14,"SpanYoungGCCollectionCount":0,"SpanFullGCCollectionCount":0,"YoungGCCollectionCount":3,"FullGCCollectionCount":1,"SpanYoungGCCollectionTime":0,"YoungGCCollectionTime":53,"SpanFullGCCollectionTime":0},"memoryMap":{"HeapMemoryMax":3817865216,"SurvivorUsed":2341800,"OldGenCommitted":86507520,"PermGenUsed":0,"NonHeapMemoryUsed":35370336,"OldGenMax":2863661056,"SurvivorInit":11010048,"PermGenCommitted":0,"PermGenMax":0,"OldGenUsed":7205448,"EdenSpaceUsed":69433392,"NonHeapMemoryCommitted":36372480,"HeapMemoryInit":268435456,"HeapMemoryCommitted":231735296,"SurvivorMax":11010048,"EdenSpaceCommitted":134217728,"OldGenInit":179306496,"EdenSpaceMax":1409286144,"SurvivorCommitted":11010048,"NonHeapMemoryMax":-1,"NonHeapMemoryInit":2555904,"HeapMemoryUsed":78980640,"EdenSpaceInit":67108864,"PermGenInit":0},"threadMap":{"ThreadCount":215,"TotalStartedThreadCount":400,"DeadLockedThreadCount":0,"ProcessCpuTimeRate":4.004,"DaemonThreadCount":211}},"pushJobNum":0,"receiveJobNum":0,"timestamp":1778724360000},{"exeExceptionNum":0,"exeFailedNum":0,"exeLaterNum":0,"exeSuccessNum":0,"fixExecutingJobNum":0,"jvmMData":{"gcMap":{"FullGCCollectionTime":14,"SpanYoungGCCollectionCount":0,"SpanFullGCCollectionCount":0,"YoungGCCollectionCount":3,"FullGCCollectionCount":1,"SpanYoungGCCollectionTime":0,"YoungGCCollectionTime":53,"SpanFullGCCollectionTime":0},"memoryMap":{"HeapMemoryMax":3817865216,"SurvivorUsed":2341800,"OldGenCommitted":86507520,"PermGenUsed":0,"NonHeapMemoryUsed":36527472,"OldGenMax":2863661056,"SurvivorInit":11010048,"PermGenCommitted":0,"PermGenMax":0,"OldGenUsed":7205448,"EdenSpaceUsed":75563112,"NonHeapMemoryCommitted":37552128,"HeapMemoryInit":268435456,"HeapMemoryCommitted":231735296,"SurvivorMax":11010048,"EdenSpaceCommitted":134217728,"OldGenInit":179306496,"EdenSpaceMax":1409286144,"SurvivorCommitted":11010048,"NonHeapMemoryMax":-1,"NonHeapMemoryInit":2555904,"HeapMemoryUsed":85110360,"EdenSpaceInit":67108864,"PermGenInit":0},"threadMap":{"ThreadCount":215,"TotalStartedThreadCount":460,"DeadLockedThreadCount":0,"ProcessCpuTimeRate":5.054,"DaemonThreadCount":211}},"pushJobNum":0,"receiveJobNum":0,"timestamp":1778724420000},{"exeExceptionNum":0,"exeFailedNum":0,"exeLaterNum":0,"exeSuccessNum":0,"fixExecutingJobNum":0,"jvmMData":{"gcMap":{"FullGCCollectionTime":14,"SpanYoungGCCollectionCount":0,"SpanFullGCCollectionCount":0,"YoungGCCollectionCount":3,"FullGCCollectionCount":1,"SpanYoungGCCollectionTime":0,"YoungGCCollectionTime":53,"SpanFullGCCollectionTime":0},"memoryMap":{"HeapMemoryMax":3817865216,"SurvivorUsed":2341800,"OldGenCommitted":86507520,"PermGenUsed":0,"NonHeapMemoryUsed":37098240,"OldGenMax":2863661056,"SurvivorInit":11010048,"PermGenCommitted":0,"PermGenMax":0,"OldGenUsed":7205448,"EdenSpaceUsed":81165552,"NonHeapMemoryCommitted":38010880,"HeapMemoryInit":268435456,"HeapMemoryCommitted":231735296,"SurvivorMax":11010048,"EdenSpaceCommitted":134217728,"OldGenInit":179306496,"EdenSpaceMax":1409286144,"SurvivorCommitted":11010048,"NonHeapMemoryMax":-1,"NonHeapMemoryInit":2555904,"HeapMemoryUsed":90712800,"EdenSpaceInit":67108864,"PermGenInit":0},"threadMap":{"ThreadCount":215,"TotalStartedThreadCount":518,"DeadLockedThreadCount":0,"ProcessCpuTimeRate":4.220,"DaemonThreadCount":211}},"pushJobNum":0,"receiveJobNum":0,"timestamp":1778724480000},{"exeExceptionNum":0,"exeFailedNum":0,"exeLaterNum":0,"exeSuccessNum":0,"fixExecutingJobNum":0,"jvmMData":{"gcMap":{"FullGCCollectionTime":14,"SpanYoungGCCollectionCount":0,"SpanFullGCCollectionCount":0,"YoungGCCollectionCount":3,"FullGCCollectionCount":1,"SpanYoungGCCollectionTime":0,"YoungGCCollectionTime":53,"SpanFullGCCollectionTime":0},"memoryMap":{"HeapMemoryMax":3817865216,"SurvivorUsed":2341800,"OldGenCommitted":86507520,"PermGenUsed":0,"NonHeapMemoryUsed":37775888,"OldGenMax":2863661056,"SurvivorInit":11010048,"PermGenCommitted":0,"PermGenMax":0,"OldGenUsed":7205448,"EdenSpaceUsed":87675712,"NonHeapMemoryCommitted":38797312,"HeapMemoryInit":268435456,"HeapMemoryCommitted":231735296,"SurvivorMax":11010048,"EdenSpaceCommitted":134217728,"OldGenInit":179306496,"EdenSpaceMax":1409286144,"SurvivorCommitted":11010048,"NonHeapMemoryMax":-1,"NonHeapMemoryInit":2555904,"HeapMemoryUsed":97222960,"EdenSpaceInit":67108864,"PermGenInit":0},"threadMap":{"ThreadCount":215,"TotalStartedThreadCount":578,"DeadLockedThreadCount":0,"ProcessCpuTimeRate":3.795,"DaemonThreadCount":211}},"pushJobNum":0,"receiveJobNum":0,"timestamp":1778724540000},{"exeExceptionNum":0,"exeFailedNum":0,"exeLaterNum":0,"exeSuccessNum":0,"fixExecutingJobNum":0,"jvmMData":{"gcMap":{"FullGCCollectionTime":14,"SpanYoungGCCollectionCount":0,"SpanFullGCCollectionCount":0,"YoungGCCollectionCount":3,"FullGCCollectionCount":1,"SpanYoungGCCollectionTime":0,"YoungGCCollectionTime":53,"SpanFullGCCollectionTime":0},"memoryMap":{"HeapMemoryMax":3817865216,"SurvivorUsed":2341800,"OldGenCommitted":86507520,"PermGenUsed":0,"NonHeapMemoryUsed":38210672,"OldGenMax":2863661056,"SurvivorInit":11010048,"PermGenCommitted":0,"PermGenMax":0,"OldGenUsed":7205448,"EdenSpaceUsed":94224568,"NonHeapMemoryCommitted":39190528,"HeapMemoryInit":268435456,"HeapMemoryCommitted":231735296,"SurvivorMax":11010048,"EdenSpaceCommitted":134217728,"OldGenInit":179306496,"EdenSpaceMax":1409286144,"SurvivorCommitted":11010048,"NonHeapMemoryMax":-1,"NonHeapMemoryInit":2555904,"HeapMemoryUsed":103771816,"EdenSpaceInit":67108864,"PermGenInit":0},"threadMap":{"ThreadCount":215,"TotalStartedThreadCount":638,"DeadLockedThreadCount":0,"ProcessCpuTimeRate":3.745,"DaemonThreadCount":211}},"pushJobNum":0,"receiveJobNum":0,"timestamp":1778724600000}], lts version: 1.7.3-SNAPSHOT, current host: 192.168.64.1
[lts] 2026-05-14 10:12:00,060 DEBUG [pool-1-thread-2] com.github.ltsopensource.core.logger.slf4j.Slf4jLogger.debug(32) | 
    INSERT 
    INTO
        `
        lts_admin_job_tracker_monitor_data`(
            `gmt_created`, `identity`, `timestamp`, `receive_job_num`, `push_job_num`, `exe_success_num`, `exe_failed_num`, `exe_later_num`, `exe_exception_num`, `fix_executing_job_num`
        ) 
    VALUES
        (?,?,?,?,?,?,?,?,?,?), lts version: 1.7.3-SNAPSHOT, current host: 192.168.64.1
[lts] 2026-05-14 10:12:00,072 DEBUG [pool-1-thread-1] com.github.ltsopensource.core.logger.slf4j.Slf4jLogger.debug(32) | 
    INSERT 
    INTO
        `
        lts_admin_task_tracker_monitor_data`(
            `gmt_created`, `node_group`, `identity`, `timestamp`, `exe_success_num`, `exe_failed_num`, `exe_later_num`, `exe_exception_num`, `total_running_time`
        ) 
    VALUES
        (?,?,?,?,?,?,?,?,?), lts version: 1.7.3-SNAPSHOT, current host: 192.168.64.1
[lts] 2026-05-14 10:12:00,125 DEBUG [pool-1-thread-2] com.github.ltsopensource.core.logger.slf4j.Slf4jLogger.debug(32) | 
    INSERT 
    INTO
        `
        lts_admin_jvm_gc`(
            `gmt_created`, `identity`, `timestamp`, `node_type`, `node_group`, `young_gc_collection_count`, `young_gc_collection_time`, `full_gc_collection_count`, `full_gc_collection_time`, `span_young_gc_collection_count`, `span_young_gc_collection_time`, `span_full_gc_collection_count`, `span_full_gc_collection_time`
        ) 
    VALUES
        (?,?,?,?,?,?,?,?,?,?,?,?,?), lts version: 1.7.3-SNAPSHOT, current host: 192.168.64.1
[lts] 2026-05-14 10:12:00,126 DEBUG [pool-1-thread-1] com.github.ltsopensource.core.logger.slf4j.Slf4jLogger.debug(32) | 
    INSERT 
    INTO
        `
        lts_admin_jvm_gc`(
            `gmt_created`, `identity`, `timestamp`, `node_type`, `node_group`, `young_gc_collection_count`, `young_gc_collection_time`, `full_gc_collection_count`, `full_gc_collection_time`, `span_young_gc_collection_count`, `span_young_gc_collection_time`, `span_full_gc_collection_count`, `span_full_gc_collection_time`
        ) 
    VALUES
        (?,?,?,?,?,?,?,?,?,?,?,?,?), lts version: 1.7.3-SNAPSHOT, current host: 192.168.64.1
[lts] 2026-05-14 10:12:00,147 DEBUG [pool-1-thread-1] com.github.ltsopensource.core.logger.slf4j.Slf4jLogger.debug(32) | 
    INSERT 
    INTO
        `
        lts_admin_jvm_memory`(
            `gmt_created`, `identity`, `timestamp`, `node_type`, `node_group`, `heap_memory_committed`, `heap_memory_init`, `heap_memory_max`, `heap_memory_used`, `non_heap_memory_committed`, `non_heap_memory_init`, `non_heap_memory_max`, `non_heap_memory_used`, `perm_gen_committed`, `perm_gen_init`, `perm_gen_max`, `perm_gen_used`, `old_gen_committed`, `old_gen_init`, `old_gen_max`, `old_gen_used`, `eden_space_committed`, `eden_space_init`, `eden_space_max`, `eden_space_used`, `survivor_committed`, `survivor_init`, `survivor_max`, `survivor_used`
        ) 
    VALUES
        (?,?,?,?,?,?,?,?,?,?,?,?,?,?,?,?,?,?,?,?,?,?,?,?,?,?,?,?,?), lts version: 1.7.3-SNAPSHOT, current host: 192.168.64.1
[lts] 2026-05-14 10:12:00,147 DEBUG [pool-1-thread-2] com.github.ltsopensource.core.logger.slf4j.Slf4jLogger.debug(32) | 
    INSERT 
    INTO
        `
        lts_admin_jvm_memory`(
            `gmt_created`, `identity`, `timestamp`, `node_type`, `node_group`, `heap_memory_committed`, `heap_memory_init`, `heap_memory_max`, `heap_memory_used`, `non_heap_memory_committed`, `non_heap_memory_init`, `non_heap_memory_max`, `non_heap_memory_used`, `perm_gen_committed`, `perm_gen_init`, `perm_gen_max`, `perm_gen_used`, `old_gen_committed`, `old_gen_init`, `old_gen_max`, `old_gen_used`, `eden_space_committed`, `eden_space_init`, `eden_space_max`, `eden_space_used`, `survivor_committed`, `survivor_init`, `survivor_max`, `survivor_used`
        ) 
    VALUES
        (?,?,?,?,?,?,?,?,?,?,?,?,?,?,?,?,?,?,?,?,?,?,?,?,?,?,?,?,?), lts version: 1.7.3-SNAPSHOT, current host: 192.168.64.1
[lts] 2026-05-14 10:12:00,171 DEBUG [pool-1-thread-1] com.github.ltsopensource.core.logger.slf4j.Slf4jLogger.debug(32) | 
    INSERT 
    INTO
        `
        lts_admin_jvm_thread`(
            `gmt_created`, `identity`, `timestamp`, `node_type`, `node_group`, `daemon_thread_count`, `thread_count`, `total_started_thread_count`, `dead_locked_thread_count`, `process_cpu_time_rate`
        ) 
    VALUES
        (?,?,?,?,?,?,?,?,?,?), lts version: 1.7.3-SNAPSHOT, current host: 192.168.64.1
[lts] 2026-05-14 10:12:00,175 DEBUG [pool-1-thread-2] com.github.ltsopensource.core.logger.slf4j.Slf4jLogger.debug(32) | 
    INSERT 
    INTO
        `
        lts_admin_jvm_thread`(
            `gmt_created`, `identity`, `timestamp`, `node_type`, `node_group`, `daemon_thread_count`, `thread_count`, `total_started_thread_count`, `dead_locked_thread_count`, `process_cpu_time_rate`
        ) 
    VALUES
        (?,?,?,?,?,?,?,?,?,?), lts version: 1.7.3-SNAPSHOT, current host: 192.168.64.1
[lts] 2026-05-14 10:12:00,216 DEBUG [pool-1-thread-2] com.github.ltsopensource.core.logger.slf4j.Slf4jLogger.debug(32) | Add Monitor Data success, mNode={"identity":"JT_192.168.64.1_19709_10-02-49.861_1","nodeGroup":"lts","nodeType":"JOB_TRACKER"}, mData=[{"exeExceptionNum":0,"exeFailedNum":0,"exeLaterNum":0,"exeSuccessNum":0,"fixExecutingJobNum":0,"jvmMData":{"gcMap":{"FullGCCollectionTime":14,"SpanYoungGCCollectionCount":0,"SpanFullGCCollectionCount":0,"YoungGCCollectionCount":2,"FullGCCollectionCount":1,"SpanYoungGCCollectionTime":0,"YoungGCCollectionTime":39,"SpanFullGCCollectionTime":0},"memoryMap":{"HeapMemoryMax":3817865216,"SurvivorUsed":0,"OldGenCommitted":86507520,"PermGenUsed":0,"NonHeapMemoryUsed":30571448,"OldGenMax":2863661056,"SurvivorInit":11010048,"PermGenCommitted":0,"PermGenMax":0,"OldGenUsed":7197256,"EdenSpaceUsed":27307064,"NonHeapMemoryCommitted":31637504,"HeapMemoryInit":268435456,"HeapMemoryCommitted":231735296,"SurvivorMax":11010048,"EdenSpaceCommitted":134217728,"OldGenInit":179306496,"EdenSpaceMax":1409286144,"SurvivorCommitted":11010048,"NonHeapMemoryMax":-1,"NonHeapMemoryInit":2555904,"HeapMemoryUsed":34504320,"EdenSpaceInit":67108864,"PermGenInit":0},"threadMap":{"ThreadCount":30,"TotalStartedThreadCount":34,"DeadLockedThreadCount":0,"ProcessCpuTimeRate":5.441,"DaemonThreadCount":27}},"pushJobNum":0,"receiveJobNum":0,"timestamp":1778724120000},{"exeExceptionNum":0,"exeFailedNum":0,"exeLaterNum":0,"exeSuccessNum":0,"fixExecutingJobNum":0,"jvmMData":{"gcMap":{"FullGCCollectionTime":14,"SpanYoungGCCollectionCount":0,"SpanFullGCCollectionCount":0,"YoungGCCollectionCount":2,"FullGCCollectionCount":1,"SpanYoungGCCollectionTime":0,"YoungGCCollectionTime":39,"SpanFullGCCollectionTime":0},"memoryMap":{"HeapMemoryMax":3817865216,"SurvivorUsed":0,"OldGenCommitted":86507520,"PermGenUsed":0,"NonHeapMemoryUsed":31927272,"OldGenMax":2863661056,"SurvivorInit":11010048,"PermGenCommitted":0,"PermGenMax":0,"OldGenUsed":7197256,"EdenSpaceUsed":41404560,"NonHeapMemoryCommitted":32899072,"HeapMemoryInit":268435456,"HeapMemoryCommitted":231735296,"SurvivorMax":11010048,"EdenSpaceCommitted":134217728,"OldGenInit":179306496,"EdenSpaceMax":1409286144,"SurvivorCommitted":11010048,"NonHeapMemoryMax":-1,"NonHeapMemoryInit":2555904,"HeapMemoryUsed":48601816,"EdenSpaceInit":67108864,"PermGenInit":0},"threadMap":{"ThreadCount":41,"TotalStartedThreadCount":49,"DeadLockedThreadCount":0,"ProcessCpuTimeRate":3.235,"DaemonThreadCount":37}},"pushJobNum":0,"receiveJobNum":0,"timestamp":1778724180000},{"exeExceptionNum":0,"exeFailedNum":0,"exeLaterNum":0,"exeSuccessNum":0,"fixExecutingJobNum":0,"jvmMData":{"gcMap":{"FullGCCollectionTime":14,"SpanYoungGCCollectionCount":1,"SpanFullGCCollectionCount":0,"YoungGCCollectionCount":3,"FullGCCollectionCount":1,"SpanYoungGCCollectionTime":14,"YoungGCCollectionTime":53,"SpanFullGCCollectionTime":0},"memoryMap":{"HeapMemoryMax":3817865216,"SurvivorUsed":2341800,"OldGenCommitted":86507520,"PermGenUsed":0,"NonHeapMemoryUsed":33150888,"OldGenMax":2863661056,"SurvivorInit":11010048,"PermGenCommitted":0,"PermGenMax":0,"OldGenUsed":7205448,"EdenSpaceUsed":20897976,"NonHeapMemoryCommitted":34275328,"HeapMemoryInit":268435456,"HeapMemoryCommitted":231735296,"SurvivorMax":11010048,"EdenSpaceCommitted":134217728,"OldGenInit":179306496,"EdenSpaceMax":1409286144,"SurvivorCommitted":11010048,"NonHeapMemoryMax":-1,"NonHeapMemoryInit":2555904,"HeapMemoryUsed":30445224,"EdenSpaceInit":67108864,"PermGenInit":0},"threadMap":{"ThreadCount":196,"TotalStartedThreadCount":262,"DeadLockedThreadCount":0,"ProcessCpuTimeRate":6.438,"DaemonThreadCount":192}},"pushJobNum":0,"receiveJobNum":0,"timestamp":1778724240000},{"exeExceptionNum":0,"exeFailedNum":0,"exeLaterNum":0,"exeSuccessNum":0,"fixExecutingJobNum":0,"jvmMData":{"gcMap":{"FullGCCollectionTime":14,"SpanYoungGCCollectionCount":0,"SpanFullGCCollectionCount":0,"YoungGCCollectionCount":3,"FullGCCollectionCount":1,"SpanYoungGCCollectionTime":0,"YoungGCCollectionTime":53,"SpanFullGCCollectionTime":0},"memoryMap":{"HeapMemoryMax":3817865216,"SurvivorUsed":2341800,"OldGenCommitted":86507520,"PermGenUsed":0,"NonHeapMemoryUsed":34708688,"OldGenMax":2863661056,"SurvivorInit":11010048,"PermGenCommitted":0,"PermGenMax":0,"OldGenUsed":7205448,"EdenSpaceUsed":60142632,"NonHeapMemoryCommitted":35782656,"HeapMemoryInit":268435456,"HeapMemoryCommitted":231735296,"SurvivorMax":11010048,"EdenSpaceCommitted":134217728,"OldGenInit":179306496,"EdenSpaceMax":1409286144,"SurvivorCommitted":11010048,"NonHeapMemoryMax":-1,"NonHeapMemoryInit":2555904,"HeapMemoryUsed":69689880,"EdenSpaceInit":67108864,"PermGenInit":0},"threadMap":{"ThreadCount":215,"TotalStartedThreadCount":340,"DeadLockedThreadCount":0,"ProcessCpuTimeRate":4.987,"DaemonThreadCount":211}},"pushJobNum":0,"receiveJobNum":0,"timestamp":1778724300000},{"exeExceptionNum":0,"exeFailedNum":0,"exeLaterNum":0,"exeSuccessNum":0,"fixExecutingJobNum":0,"jvmMData":{"gcMap":{"FullGCCollectionTime":14,"SpanYoungGCCollectionCount":0,"SpanFullGCCollectionCount":0,"YoungGCCollectionCount":3,"FullGCCollectionCount":1,"SpanYoungGCCollectionTime":0,"YoungGCCollectionTime":53,"SpanFullGCCollectionTime":0},"memoryMap":{"HeapMemoryMax":3817865216,"SurvivorUsed":2341800,"OldGenCommitted":86507520,"PermGenUsed":0,"NonHeapMemoryUsed":35370336,"OldGenMax":2863661056,"SurvivorInit":11010048,"PermGenCommitted":0,"PermGenMax":0,"OldGenUsed":7205448,"EdenSpaceUsed":69433392,"NonHeapMemoryCommitted":36372480,"HeapMemoryInit":268435456,"HeapMemoryCommitted":231735296,"SurvivorMax":11010048,"EdenSpaceCommitted":134217728,"OldGenInit":179306496,"EdenSpaceMax":1409286144,"SurvivorCommitted":11010048,"NonHeapMemoryMax":-1,"NonHeapMemoryInit":2555904,"HeapMemoryUsed":78980640,"EdenSpaceInit":67108864,"PermGenInit":0},"threadMap":{"ThreadCount":215,"TotalStartedThreadCount":400,"DeadLockedThreadCount":0,"ProcessCpuTimeRate":4.004,"DaemonThreadCount":211}},"pushJobNum":0,"receiveJobNum":0,"timestamp":1778724360000},{"exeExceptionNum":0,"exeFailedNum":0,"exeLaterNum":0,"exeSuccessNum":0,"fixExecutingJobNum":0,"jvmMData":{"gcMap":{"FullGCCollectionTime":14,"SpanYoungGCCollectionCount":0,"SpanFullGCCollectionCount":0,"YoungGCCollectionCount":3,"FullGCCollectionCount":1,"SpanYoungGCCollectionTime":0,"YoungGCCollectionTime":53,"SpanFullGCCollectionTime":0},"memoryMap":{"HeapMemoryMax":3817865216,"SurvivorUsed":2341800,"OldGenCommitted":86507520,"PermGenUsed":0,"NonHeapMemoryUsed":36527472,"OldGenMax":2863661056,"SurvivorInit":11010048,"PermGenCommitted":0,"PermGenMax":0,"OldGenUsed":7205448,"EdenSpaceUsed":75563112,"NonHeapMemoryCommitted":37552128,"HeapMemoryInit":268435456,"HeapMemoryCommitted":231735296,"SurvivorMax":11010048,"EdenSpaceCommitted":134217728,"OldGenInit":179306496,"EdenSpaceMax":1409286144,"SurvivorCommitted":11010048,"NonHeapMemoryMax":-1,"NonHeapMemoryInit":2555904,"HeapMemoryUsed":85110360,"EdenSpaceInit":67108864,"PermGenInit":0},"threadMap":{"ThreadCount":215,"TotalStartedThreadCount":460,"DeadLockedThreadCount":0,"ProcessCpuTimeRate":5.054,"DaemonThreadCount":211}},"pushJobNum":0,"receiveJobNum":0,"timestamp":1778724420000},{"exeExceptionNum":0,"exeFailedNum":0,"exeLaterNum":0,"exeSuccessNum":0,"fixExecutingJobNum":0,"jvmMData":{"gcMap":{"FullGCCollectionTime":14,"SpanYoungGCCollectionCount":0,"SpanFullGCCollectionCount":0,"YoungGCCollectionCount":3,"FullGCCollectionCount":1,"SpanYoungGCCollectionTime":0,"YoungGCCollectionTime":53,"SpanFullGCCollectionTime":0},"memoryMap":{"HeapMemoryMax":3817865216,"SurvivorUsed":2341800,"OldGenCommitted":86507520,"PermGenUsed":0,"NonHeapMemoryUsed":37098240,"OldGenMax":2863661056,"SurvivorInit":11010048,"PermGenCommitted":0,"PermGenMax":0,"OldGenUsed":7205448,"EdenSpaceUsed":81165552,"NonHeapMemoryCommitted":38010880,"HeapMemoryInit":268435456,"HeapMemoryCommitted":231735296,"SurvivorMax":11010048,"EdenSpaceCommitted":134217728,"OldGenInit":179306496,"EdenSpaceMax":1409286144,"SurvivorCommitted":11010048,"NonHeapMemoryMax":-1,"NonHeapMemoryInit":2555904,"HeapMemoryUsed":90712800,"EdenSpaceInit":67108864,"PermGenInit":0},"threadMap":{"ThreadCount":215,"TotalStartedThreadCount":518,"DeadLockedThreadCount":0,"ProcessCpuTimeRate":4.220,"DaemonThreadCount":211}},"pushJobNum":0,"receiveJobNum":0,"timestamp":1778724480000},{"exeExceptionNum":0,"exeFailedNum":0,"exeLaterNum":0,"exeSuccessNum":0,"fixExecutingJobNum":0,"jvmMData":{"gcMap":{"FullGCCollectionTime":14,"SpanYoungGCCollectionCount":0,"SpanFullGCCollectionCount":0,"YoungGCCollectionCount":3,"FullGCCollectionCount":1,"SpanYoungGCCollectionTime":0,"YoungGCCollectionTime":53,"SpanFullGCCollectionTime":0},"memoryMap":{"HeapMemoryMax":3817865216,"SurvivorUsed":2341800,"OldGenCommitted":86507520,"PermGenUsed":0,"NonHeapMemoryUsed":37775888,"OldGenMax":2863661056,"SurvivorInit":11010048,"PermGenCommitted":0,"PermGenMax":0,"OldGenUsed":7205448,"EdenSpaceUsed":87675712,"NonHeapMemoryCommitted":38797312,"HeapMemoryInit":268435456,"HeapMemoryCommitted":231735296,"SurvivorMax":11010048,"EdenSpaceCommitted":134217728,"OldGenInit":179306496,"EdenSpaceMax":1409286144,"SurvivorCommitted":11010048,"NonHeapMemoryMax":-1,"NonHeapMemoryInit":2555904,"HeapMemoryUsed":97222960,"EdenSpaceInit":67108864,"PermGenInit":0},"threadMap":{"ThreadCount":215,"TotalStartedThreadCount":578,"DeadLockedThreadCount":0,"ProcessCpuTimeRate":3.795,"DaemonThreadCount":211}},"pushJobNum":0,"receiveJobNum":0,"timestamp":1778724540000},{"exeExceptionNum":0,"exeFailedNum":0,"exeLaterNum":0,"exeSuccessNum":0,"fixExecutingJobNum":0,"jvmMData":{"gcMap":{"FullGCCollectionTime":14,"SpanYoungGCCollectionCount":0,"SpanFullGCCollectionCount":0,"YoungGCCollectionCount":3,"FullGCCollectionCount":1,"SpanYoungGCCollectionTime":0,"YoungGCCollectionTime":53,"SpanFullGCCollectionTime":0},"memoryMap":{"HeapMemoryMax":3817865216,"SurvivorUsed":2341800,"OldGenCommitted":86507520,"PermGenUsed":0,"NonHeapMemoryUsed":38210672,"OldGenMax":2863661056,"SurvivorInit":11010048,"PermGenCommitted":0,"PermGenMax":0,"OldGenUsed":7205448,"EdenSpaceUsed":94224568,"NonHeapMemoryCommitted":39190528,"HeapMemoryInit":268435456,"HeapMemoryCommitted":231735296,"SurvivorMax":11010048,"EdenSpaceCommitted":134217728,"OldGenInit":179306496,"EdenSpaceMax":1409286144,"SurvivorCommitted":11010048,"NonHeapMemoryMax":-1,"NonHeapMemoryInit":2555904,"HeapMemoryUsed":103771816,"EdenSpaceInit":67108864,"PermGenInit":0},"threadMap":{"ThreadCount":215,"TotalStartedThreadCount":638,"DeadLockedThreadCount":0,"ProcessCpuTimeRate":3.745,"DaemonThreadCount":211}},"pushJobNum":0,"receiveJobNum":0,"timestamp":1778724600000},{"exeExceptionNum":0,"exeFailedNum":0,"exeLaterNum":0,"exeSuccessNum":0,"fixExecutingJobNum":0,"jvmMData":{"gcMap":{"FullGCCollectionTime":14,"SpanYoungGCCollectionCount":0,"SpanFullGCCollectionCount":0,"YoungGCCollectionCount":3,"FullGCCollectionCount":1,"SpanYoungGCCollectionTime":0,"YoungGCCollectionTime":53,"SpanFullGCCollectionTime":0},"memoryMap":{"HeapMemoryMax":3817865216,"SurvivorUsed":2341800,"OldGenCommitted":86507520,"PermGenUsed":0,"NonHeapMemoryUsed":38465144,"OldGenMax":2863661056,"SurvivorInit":11010048,"PermGenCommitted":0,"PermGenMax":0,"OldGenUsed":7205448,"EdenSpaceUsed":101464760,"NonHeapMemoryCommitted":39649280,"HeapMemoryInit":268435456,"HeapMemoryCommitted":231735296,"SurvivorMax":11010048,"EdenSpaceCommitted":134217728,"OldGenInit":179306496,"EdenSpaceMax":1409286144,"SurvivorCommitted":11010048,"NonHeapMemoryMax":-1,"NonHeapMemoryInit":2555904,"HeapMemoryUsed":111012008,"EdenSpaceInit":67108864,"PermGenInit":0},"threadMap":{"ThreadCount":215,"TotalStartedThreadCount":696,"DeadLockedThreadCount":0,"ProcessCpuTimeRate":3.330,"DaemonThreadCount":211}},"pushJobNum":0,"receiveJobNum":0,"timestamp":1778724660000}], lts version: 1.7.3-SNAPSHOT, current host: 192.168.64.1
[lts] 2026-05-14 10:12:00,216 DEBUG [pool-1-thread-1] com.github.ltsopensource.core.logger.slf4j.Slf4jLogger.debug(32) | Add Monitor Data success, mNode={"identity":"TT_192.168.64.1_19784_10-03-55.606_1","nodeGroup":"test_trade_taskTracker","nodeType":"TASK_TRACKER"}, mData=[{"exeExceptionNum":0,"exeFailedNum":0,"exeLaterNum":0,"exeSuccessNum":0,"jvmMData":{"gcMap":{"FullGCCollectionTime":0,"SpanYoungGCCollectionCount":0,"SpanFullGCCollectionCount":0,"YoungGCCollectionCount":1,"FullGCCollectionCount":0,"SpanYoungGCCollectionTime":0,"YoungGCCollectionTime":18,"SpanFullGCCollectionTime":0},"memoryMap":{"HeapMemoryMax":3817865216,"SurvivorUsed":7829944,"OldGenCommitted":179306496,"PermGenUsed":0,"NonHeapMemoryUsed":20431784,"OldGenMax":2863661056,"SurvivorInit":11010048,"PermGenCommitted":0,"PermGenMax":0,"OldGenUsed":8192,"EdenSpaceUsed":6688136,"NonHeapMemoryCommitted":21168128,"HeapMemoryInit":268435456,"HeapMemoryCommitted":257425408,"SurvivorMax":11010048,"EdenSpaceCommitted":67108864,"OldGenInit":179306496,"EdenSpaceMax":1409286144,"SurvivorCommitted":11010048,"NonHeapMemoryMax":-1,"NonHeapMemoryInit":2555904,"HeapMemoryUsed":14526272,"EdenSpaceInit":67108864,"PermGenInit":0},"threadMap":{"ThreadCount":25,"TotalStartedThreadCount":28,"DeadLockedThreadCount":0,"ProcessCpuTimeRate":12.10,"DaemonThreadCount":22}},"timestamp":1778724180000,"totalRunningTime":0},{"exeExceptionNum":0,"exeFailedNum":0,"exeLaterNum":0,"exeSuccessNum":0,"jvmMData":{"gcMap":{"FullGCCollectionTime":0,"SpanYoungGCCollectionCount":0,"SpanFullGCCollectionCount":0,"YoungGCCollectionCount":1,"FullGCCollectionCount":0,"SpanYoungGCCollectionTime":0,"YoungGCCollectionTime":18,"SpanFullGCCollectionTime":0},"memoryMap":{"HeapMemoryMax":3817865216,"SurvivorUsed":7829944,"OldGenCommitted":179306496,"PermGenUsed":0,"NonHeapMemoryUsed":21548768,"OldGenMax":2863661056,"SurvivorInit":11010048,"PermGenCommitted":0,"PermGenMax":0,"OldGenUsed":8192,"EdenSpaceUsed":14087256,"NonHeapMemoryCommitted":22413312,"HeapMemoryInit":268435456,"HeapMemoryCommitted":257425408,"SurvivorMax":11010048,"EdenSpaceCommitted":67108864,"OldGenInit":179306496,"EdenSpaceMax":1409286144,"SurvivorCommitted":11010048,"NonHeapMemoryMax":-1,"NonHeapMemoryInit":2555904,"HeapMemoryUsed":21925392,"EdenSpaceInit":67108864,"PermGenInit":0},"threadMap":{"ThreadCount":24,"TotalStartedThreadCount":28,"DeadLockedThreadCount":0,"ProcessCpuTimeRate":3.338,"DaemonThreadCount":21}},"timestamp":1778724240000,"totalRunningTime":0},{"exeExceptionNum":0,"exeFailedNum":0,"exeLaterNum":0,"exeSuccessNum":0,"jvmMData":{"gcMap":{"FullGCCollectionTime":0,"SpanYoungGCCollectionCount":0,"SpanFullGCCollectionCount":0,"YoungGCCollectionCount":1,"FullGCCollectionCount":0,"SpanYoungGCCollectionTime":0,"YoungGCCollectionTime":18,"SpanFullGCCollectionTime":0},"memoryMap":{"HeapMemoryMax":3817865216,"SurvivorUsed":7829944,"OldGenCommitted":179306496,"PermGenUsed":0,"NonHeapMemoryUsed":21989680,"OldGenMax":2863661056,"SurvivorInit":11010048,"PermGenCommitted":0,"PermGenMax":0,"OldGenUsed":8192,"EdenSpaceUsed":16791488,"NonHeapMemoryCommitted":22806528,"HeapMemoryInit":268435456,"HeapMemoryCommitted":257425408,"SurvivorMax":11010048,"EdenSpaceCommitted":67108864,"OldGenInit":179306496,"EdenSpaceMax":1409286144,"SurvivorCommitted":11010048,"NonHeapMemoryMax":-1,"NonHeapMemoryInit":2555904,"HeapMemoryUsed":24629624,"EdenSpaceInit":67108864,"PermGenInit":0},"threadMap":{"ThreadCount":24,"TotalStartedThreadCount":28,"DeadLockedThreadCount":0,"ProcessCpuTimeRate":2.289,"DaemonThreadCount":21}},"timestamp":1778724300000,"totalRunningTime":0},{"exeExceptionNum":0,"exeFailedNum":0,"exeLaterNum":0,"exeSuccessNum":0,"jvmMData":{"gcMap":{"FullGCCollectionTime":0,"SpanYoungGCCollectionCount":0,"SpanFullGCCollectionCount":0,"YoungGCCollectionCount":1,"FullGCCollectionCount":0,"SpanYoungGCCollectionTime":0,"YoungGCCollectionTime":18,"SpanFullGCCollectionTime":0},"memoryMap":{"HeapMemoryMax":3817865216,"SurvivorUsed":7829944,"OldGenCommitted":179306496,"PermGenUsed":0,"NonHeapMemoryUsed":21988632,"OldGenMax":2863661056,"SurvivorInit":11010048,"PermGenCommitted":0,"PermGenMax":0,"OldGenUsed":8192,"EdenSpaceUsed":18808208,"NonHeapMemoryCommitted":23003136,"HeapMemoryInit":268435456,"HeapMemoryCommitted":257425408,"SurvivorMax":11010048,"EdenSpaceCommitted":67108864,"OldGenInit":179306496,"EdenSpaceMax":1409286144,"SurvivorCommitted":11010048,"NonHeapMemoryMax":-1,"NonHeapMemoryInit":2555904,"HeapMemoryUsed":26646344,"EdenSpaceInit":67108864,"PermGenInit":0},"threadMap":{"ThreadCount":24,"TotalStartedThreadCount":28,"DeadLockedThreadCount":0,"ProcessCpuTimeRate":2.171,"DaemonThreadCount":21}},"timestamp":1778724360000,"totalRunningTime":0},{"exeExceptionNum":0,"exeFailedNum":0,"exeLaterNum":0,"exeSuccessNum":0,"jvmMData":{"gcMap":{"FullGCCollectionTime":0,"SpanYoungGCCollectionCount":0,"SpanFullGCCollectionCount":0,"YoungGCCollectionCount":1,"FullGCCollectionCount":0,"SpanYoungGCCollectionTime":0,"YoungGCCollectionTime":18,"SpanFullGCCollectionTime":0},"memoryMap":{"HeapMemoryMax":3817865216,"SurvivorUsed":7829944,"OldGenCommitted":179306496,"PermGenUsed":0,"NonHeapMemoryUsed":22197712,"OldGenMax":2863661056,"SurvivorInit":11010048,"PermGenCommitted":0,"PermGenMax":0,"OldGenUsed":8192,"EdenSpaceUsed":23538952,"NonHeapMemoryCommitted":23003136,"HeapMemoryInit":268435456,"HeapMemoryCommitted":257425408,"SurvivorMax":11010048,"EdenSpaceCommitted":67108864,"OldGenInit":179306496,"EdenSpaceMax":1409286144,"SurvivorCommitted":11010048,"NonHeapMemoryMax":-1,"NonHeapMemoryInit":2555904,"HeapMemoryUsed":31377088,"EdenSpaceInit":67108864,"PermGenInit":0},"threadMap":{"ThreadCount":24,"TotalStartedThreadCount":28,"DeadLockedThreadCount":0,"ProcessCpuTimeRate":2.075,"DaemonThreadCount":21}},"timestamp":1778724420000,"totalRunningTime":0},{"exeExceptionNum":0,"exeFailedNum":0,"exeLaterNum":0,"exeSuccessNum":0,"jvmMData":{"gcMap":{"FullGCCollectionTime":0,"SpanYoungGCCollectionCount":0,"SpanFullGCCollectionCount":0,"YoungGCCollectionCount":1,"FullGCCollectionCount":0,"SpanYoungGCCollectionTime":0,"YoungGCCollectionTime":18,"SpanFullGCCollectionTime":0},"memoryMap":{"HeapMemoryMax":3817865216,"SurvivorUsed":7829944,"OldGenCommitted":179306496,"PermGenUsed":0,"NonHeapMemoryUsed":22475176,"OldGenMax":2863661056,"SurvivorInit":11010048,"PermGenCommitted":0,"PermGenMax":0,"OldGenUsed":8192,"EdenSpaceUsed":25552312,"NonHeapMemoryCommitted":23396352,"HeapMemoryInit":268435456,"HeapMemoryCommitted":257425408,"SurvivorMax":11010048,"EdenSpaceCommitted":67108864,"OldGenInit":179306496,"EdenSpaceMax":1409286144,"SurvivorCommitted":11010048,"NonHeapMemoryMax":-1,"NonHeapMemoryInit":2555904,"HeapMemoryUsed":33390448,"EdenSpaceInit":67108864,"PermGenInit":0},"threadMap":{"ThreadCount":24,"TotalStartedThreadCount":28,"DeadLockedThreadCount":0,"ProcessCpuTimeRate":2.404,"DaemonThreadCount":21}},"timestamp":1778724480000,"totalRunningTime":0},{"exeExceptionNum":0,"exeFailedNum":0,"exeLaterNum":0,"exeSuccessNum":0,"jvmMData":{"gcMap":{"FullGCCollectionTime":0,"SpanYoungGCCollectionCount":0,"SpanFullGCCollectionCount":0,"YoungGCCollectionCount":1,"FullGCCollectionCount":0,"SpanYoungGCCollectionTime":0,"YoungGCCollectionTime":18,"SpanFullGCCollectionTime":0},"memoryMap":{"HeapMemoryMax":3817865216,"SurvivorUsed":7829944,"OldGenCommitted":179306496,"PermGenUsed":0,"NonHeapMemoryUsed":22553792,"OldGenMax":2863661056,"SurvivorInit":11010048,"PermGenCommitted":0,"PermGenMax":0,"OldGenUsed":8192,"EdenSpaceUsed":28276760,"NonHeapMemoryCommitted":23461888,"HeapMemoryInit":268435456,"HeapMemoryCommitted":257425408,"SurvivorMax":11010048,"EdenSpaceCommitted":67108864,"OldGenInit":179306496,"EdenSpaceMax":1409286144,"SurvivorCommitted":11010048,"NonHeapMemoryMax":-1,"NonHeapMemoryInit":2555904,"HeapMemoryUsed":36114896,"EdenSpaceInit":67108864,"PermGenInit":0},"threadMap":{"ThreadCount":24,"TotalStartedThreadCount":28,"DeadLockedThreadCount":0,"ProcessCpuTimeRate":2.029,"DaemonThreadCount":21}},"timestamp":1778724540000,"totalRunningTime":0},{"exeExceptionNum":0,"exeFailedNum":0,"exeLaterNum":0,"exeSuccessNum":0,"jvmMData":{"gcMap":{"FullGCCollectionTime":0,"SpanYoungGCCollectionCount":0,"SpanFullGCCollectionCount":0,"YoungGCCollectionCount":1,"FullGCCollectionCount":0,"SpanYoungGCCollectionTime":0,"YoungGCCollectionTime":18,"SpanFullGCCollectionTime":0},"memoryMap":{"HeapMemoryMax":3817865216,"SurvivorUsed":7829944,"OldGenCommitted":179306496,"PermGenUsed":0,"NonHeapMemoryUsed":22749224,"OldGenMax":2863661056,"SurvivorInit":11010048,"PermGenCommitted":0,"PermGenMax":0,"OldGenUsed":8192,"EdenSpaceUsed":30993144,"NonHeapMemoryCommitted":23592960,"HeapMemoryInit":268435456,"HeapMemoryCommitted":257425408,"SurvivorMax":11010048,"EdenSpaceCommitted":67108864,"OldGenInit":179306496,"EdenSpaceMax":1409286144,"SurvivorCommitted":11010048,"NonHeapMemoryMax":-1,"NonHeapMemoryInit":2555904,"HeapMemoryUsed":38831280,"EdenSpaceInit":67108864,"PermGenInit":0},"threadMap":{"ThreadCount":24,"TotalStartedThreadCount":28,"DeadLockedThreadCount":0,"ProcessCpuTimeRate":1.943,"DaemonThreadCount":21}},"timestamp":1778724600000,"totalRunningTime":0},{"exeExceptionNum":0,"exeFailedNum":0,"exeLaterNum":0,"exeSuccessNum":0,"jvmMData":{"gcMap":{"FullGCCollectionTime":0,"SpanYoungGCCollectionCount":0,"SpanFullGCCollectionCount":0,"YoungGCCollectionCount":1,"FullGCCollectionCount":0,"SpanYoungGCCollectionTime":0,"YoungGCCollectionTime":18,"SpanFullGCCollectionTime":0},"memoryMap":{"HeapMemoryMax":3817865216,"SurvivorUsed":7829944,"OldGenCommitted":179306496,"PermGenUsed":0,"NonHeapMemoryUsed":22875216,"OldGenMax":2863661056,"SurvivorInit":11010048,"PermGenCommitted":0,"PermGenMax":0,"OldGenUsed":8192,"EdenSpaceUsed":34362312,"NonHeapMemoryCommitted":23724032,"HeapMemoryInit":268435456,"HeapMemoryCommitted":257425408,"SurvivorMax":11010048,"EdenSpaceCommitted":67108864,"OldGenInit":179306496,"EdenSpaceMax":1409286144,"SurvivorCommitted":11010048,"NonHeapMemoryMax":-1,"NonHeapMemoryInit":2555904,"HeapMemoryUsed":42200448,"EdenSpaceInit":67108864,"PermGenInit":0},"threadMap":{"ThreadCount":24,"TotalStartedThreadCount":28,"DeadLockedThreadCount":0,"ProcessCpuTimeRate":1.731,"DaemonThreadCount":21}},"timestamp":1778724660000,"totalRunningTime":0}], lts version: 1.7.3-SNAPSHOT, current host: 192.168.64.1
[lts] 2026-05-14 10:13:00,431 DEBUG [pool-1-thread-4] com.github.ltsopensource.core.logger.slf4j.Slf4jLogger.debug(32) | 
    INSERT 
    INTO
        `
        lts_admin_job_tracker_monitor_data`(
            `gmt_created`, `identity`, `timestamp`, `receive_job_num`, `push_job_num`, `exe_success_num`, `exe_failed_num`, `exe_later_num`, `exe_exception_num`, `fix_executing_job_num`
        ) 
    VALUES
        (?,?,?,?,?,?,?,?,?,?), lts version: 1.7.3-SNAPSHOT, current host: 192.168.64.1
[lts] 2026-05-14 10:13:00,456 DEBUG [pool-1-thread-3] com.github.ltsopensource.core.logger.slf4j.Slf4jLogger.debug(32) | 
    INSERT 
    INTO
        `
        lts_admin_task_tracker_monitor_data`(
            `gmt_created`, `node_group`, `identity`, `timestamp`, `exe_success_num`, `exe_failed_num`, `exe_later_num`, `exe_exception_num`, `total_running_time`
        ) 
    VALUES
        (?,?,?,?,?,?,?,?,?), lts version: 1.7.3-SNAPSHOT, current host: 192.168.64.1
[lts] 2026-05-14 10:13:00,487 DEBUG [pool-1-thread-3] com.github.ltsopensource.core.logger.slf4j.Slf4jLogger.debug(32) | 
    INSERT 
    INTO
        `
        lts_admin_jvm_gc`(
            `gmt_created`, `identity`, `timestamp`, `node_type`, `node_group`, `young_gc_collection_count`, `young_gc_collection_time`, `full_gc_collection_count`, `full_gc_collection_time`, `span_young_gc_collection_count`, `span_young_gc_collection_time`, `span_full_gc_collection_count`, `span_full_gc_collection_time`
        ) 
    VALUES
        (?,?,?,?,?,?,?,?,?,?,?,?,?), lts version: 1.7.3-SNAPSHOT, current host: 192.168.64.1
[lts] 2026-05-14 10:13:00,488 DEBUG [pool-1-thread-4] com.github.ltsopensource.core.logger.slf4j.Slf4jLogger.debug(32) | 
    INSERT 
    INTO
        `
        lts_admin_jvm_gc`(
            `gmt_created`, `identity`, `timestamp`, `node_type`, `node_group`, `young_gc_collection_count`, `young_gc_collection_time`, `full_gc_collection_count`, `full_gc_collection_time`, `span_young_gc_collection_count`, `span_young_gc_collection_time`, `span_full_gc_collection_count`, `span_full_gc_collection_time`
        ) 
    VALUES
        (?,?,?,?,?,?,?,?,?,?,?,?,?), lts version: 1.7.3-SNAPSHOT, current host: 192.168.64.1
[lts] 2026-05-14 10:13:00,509 DEBUG [pool-1-thread-4] com.github.ltsopensource.core.logger.slf4j.Slf4jLogger.debug(32) | 
    INSERT 
    INTO
        `
        lts_admin_jvm_memory`(
            `gmt_created`, `identity`, `timestamp`, `node_type`, `node_group`, `heap_memory_committed`, `heap_memory_init`, `heap_memory_max`, `heap_memory_used`, `non_heap_memory_committed`, `non_heap_memory_init`, `non_heap_memory_max`, `non_heap_memory_used`, `perm_gen_committed`, `perm_gen_init`, `perm_gen_max`, `perm_gen_used`, `old_gen_committed`, `old_gen_init`, `old_gen_max`, `old_gen_used`, `eden_space_committed`, `eden_space_init`, `eden_space_max`, `eden_space_used`, `survivor_committed`, `survivor_init`, `survivor_max`, `survivor_used`
        ) 
    VALUES
        (?,?,?,?,?,?,?,?,?,?,?,?,?,?,?,?,?,?,?,?,?,?,?,?,?,?,?,?,?), lts version: 1.7.3-SNAPSHOT, current host: 192.168.64.1
[lts] 2026-05-14 10:13:00,509 DEBUG [pool-1-thread-3] com.github.ltsopensource.core.logger.slf4j.Slf4jLogger.debug(32) | 
    INSERT 
    INTO
        `
        lts_admin_jvm_memory`(
            `gmt_created`, `identity`, `timestamp`, `node_type`, `node_group`, `heap_memory_committed`, `heap_memory_init`, `heap_memory_max`, `heap_memory_used`, `non_heap_memory_committed`, `non_heap_memory_init`, `non_heap_memory_max`, `non_heap_memory_used`, `perm_gen_committed`, `perm_gen_init`, `perm_gen_max`, `perm_gen_used`, `old_gen_committed`, `old_gen_init`, `old_gen_max`, `old_gen_used`, `eden_space_committed`, `eden_space_init`, `eden_space_max`, `eden_space_used`, `survivor_committed`, `survivor_init`, `survivor_max`, `survivor_used`
        ) 
    VALUES
        (?,?,?,?,?,?,?,?,?,?,?,?,?,?,?,?,?,?,?,?,?,?,?,?,?,?,?,?,?), lts version: 1.7.3-SNAPSHOT, current host: 192.168.64.1
[lts] 2026-05-14 10:13:00,531 DEBUG [pool-1-thread-4] com.github.ltsopensource.core.logger.slf4j.Slf4jLogger.debug(32) | 
    INSERT 
    INTO
        `
        lts_admin_jvm_thread`(
            `gmt_created`, `identity`, `timestamp`, `node_type`, `node_group`, `daemon_thread_count`, `thread_count`, `total_started_thread_count`, `dead_locked_thread_count`, `process_cpu_time_rate`
        ) 
    VALUES
        (?,?,?,?,?,?,?,?,?,?), lts version: 1.7.3-SNAPSHOT, current host: 192.168.64.1
[lts] 2026-05-14 10:13:00,531 DEBUG [pool-1-thread-3] com.github.ltsopensource.core.logger.slf4j.Slf4jLogger.debug(32) | 
    INSERT 
    INTO
        `
        lts_admin_jvm_thread`(
            `gmt_created`, `identity`, `timestamp`, `node_type`, `node_group`, `daemon_thread_count`, `thread_count`, `total_started_thread_count`, `dead_locked_thread_count`, `process_cpu_time_rate`
        ) 
    VALUES
        (?,?,?,?,?,?,?,?,?,?), lts version: 1.7.3-SNAPSHOT, current host: 192.168.64.1
[lts] 2026-05-14 10:13:00,551 DEBUG [pool-1-thread-4] com.github.ltsopensource.core.logger.slf4j.Slf4jLogger.debug(32) | Add Monitor Data success, mNode={"identity":"JT_192.168.64.1_19709_10-02-49.861_1","nodeGroup":"lts","nodeType":"JOB_TRACKER"}, mData=[{"exeExceptionNum":0,"exeFailedNum":0,"exeLaterNum":0,"exeSuccessNum":0,"fixExecutingJobNum":0,"jvmMData":{"gcMap":{"FullGCCollectionTime":14,"SpanYoungGCCollectionCount":0,"SpanFullGCCollectionCount":0,"YoungGCCollectionCount":2,"FullGCCollectionCount":1,"SpanYoungGCCollectionTime":0,"YoungGCCollectionTime":39,"SpanFullGCCollectionTime":0},"memoryMap":{"HeapMemoryMax":3817865216,"SurvivorUsed":0,"OldGenCommitted":86507520,"PermGenUsed":0,"NonHeapMemoryUsed":30571448,"OldGenMax":2863661056,"SurvivorInit":11010048,"PermGenCommitted":0,"PermGenMax":0,"OldGenUsed":7197256,"EdenSpaceUsed":27307064,"NonHeapMemoryCommitted":31637504,"HeapMemoryInit":268435456,"HeapMemoryCommitted":231735296,"SurvivorMax":11010048,"EdenSpaceCommitted":134217728,"OldGenInit":179306496,"EdenSpaceMax":1409286144,"SurvivorCommitted":11010048,"NonHeapMemoryMax":-1,"NonHeapMemoryInit":2555904,"HeapMemoryUsed":34504320,"EdenSpaceInit":67108864,"PermGenInit":0},"threadMap":{"ThreadCount":30,"TotalStartedThreadCount":34,"DeadLockedThreadCount":0,"ProcessCpuTimeRate":5.441,"DaemonThreadCount":27}},"pushJobNum":0,"receiveJobNum":0,"timestamp":1778724120000},{"exeExceptionNum":0,"exeFailedNum":0,"exeLaterNum":0,"exeSuccessNum":0,"fixExecutingJobNum":0,"jvmMData":{"gcMap":{"FullGCCollectionTime":14,"SpanYoungGCCollectionCount":0,"SpanFullGCCollectionCount":0,"YoungGCCollectionCount":2,"FullGCCollectionCount":1,"SpanYoungGCCollectionTime":0,"YoungGCCollectionTime":39,"SpanFullGCCollectionTime":0},"memoryMap":{"HeapMemoryMax":3817865216,"SurvivorUsed":0,"OldGenCommitted":86507520,"PermGenUsed":0,"NonHeapMemoryUsed":31927272,"OldGenMax":2863661056,"SurvivorInit":11010048,"PermGenCommitted":0,"PermGenMax":0,"OldGenUsed":7197256,"EdenSpaceUsed":41404560,"NonHeapMemoryCommitted":32899072,"HeapMemoryInit":268435456,"HeapMemoryCommitted":231735296,"SurvivorMax":11010048,"EdenSpaceCommitted":134217728,"OldGenInit":179306496,"EdenSpaceMax":1409286144,"SurvivorCommitted":11010048,"NonHeapMemoryMax":-1,"NonHeapMemoryInit":2555904,"HeapMemoryUsed":48601816,"EdenSpaceInit":67108864,"PermGenInit":0},"threadMap":{"ThreadCount":41,"TotalStartedThreadCount":49,"DeadLockedThreadCount":0,"ProcessCpuTimeRate":3.235,"DaemonThreadCount":37}},"pushJobNum":0,"receiveJobNum":0,"timestamp":1778724180000},{"exeExceptionNum":0,"exeFailedNum":0,"exeLaterNum":0,"exeSuccessNum":0,"fixExecutingJobNum":0,"jvmMData":{"gcMap":{"FullGCCollectionTime":14,"SpanYoungGCCollectionCount":1,"SpanFullGCCollectionCount":0,"YoungGCCollectionCount":3,"FullGCCollectionCount":1,"SpanYoungGCCollectionTime":14,"YoungGCCollectionTime":53,"SpanFullGCCollectionTime":0},"memoryMap":{"HeapMemoryMax":3817865216,"SurvivorUsed":2341800,"OldGenCommitted":86507520,"PermGenUsed":0,"NonHeapMemoryUsed":33150888,"OldGenMax":2863661056,"SurvivorInit":11010048,"PermGenCommitted":0,"PermGenMax":0,"OldGenUsed":7205448,"EdenSpaceUsed":20897976,"NonHeapMemoryCommitted":34275328,"HeapMemoryInit":268435456,"HeapMemoryCommitted":231735296,"SurvivorMax":11010048,"EdenSpaceCommitted":134217728,"OldGenInit":179306496,"EdenSpaceMax":1409286144,"SurvivorCommitted":11010048,"NonHeapMemoryMax":-1,"NonHeapMemoryInit":2555904,"HeapMemoryUsed":30445224,"EdenSpaceInit":67108864,"PermGenInit":0},"threadMap":{"ThreadCount":196,"TotalStartedThreadCount":262,"DeadLockedThreadCount":0,"ProcessCpuTimeRate":6.438,"DaemonThreadCount":192}},"pushJobNum":0,"receiveJobNum":0,"timestamp":1778724240000},{"exeExceptionNum":0,"exeFailedNum":0,"exeLaterNum":0,"exeSuccessNum":0,"fixExecutingJobNum":0,"jvmMData":{"gcMap":{"FullGCCollectionTime":14,"SpanYoungGCCollectionCount":0,"SpanFullGCCollectionCount":0,"YoungGCCollectionCount":3,"FullGCCollectionCount":1,"SpanYoungGCCollectionTime":0,"YoungGCCollectionTime":53,"SpanFullGCCollectionTime":0},"memoryMap":{"HeapMemoryMax":3817865216,"SurvivorUsed":2341800,"OldGenCommitted":86507520,"PermGenUsed":0,"NonHeapMemoryUsed":34708688,"OldGenMax":2863661056,"SurvivorInit":11010048,"PermGenCommitted":0,"PermGenMax":0,"OldGenUsed":7205448,"EdenSpaceUsed":60142632,"NonHeapMemoryCommitted":35782656,"HeapMemoryInit":268435456,"HeapMemoryCommitted":231735296,"SurvivorMax":11010048,"EdenSpaceCommitted":134217728,"OldGenInit":179306496,"EdenSpaceMax":1409286144,"SurvivorCommitted":11010048,"NonHeapMemoryMax":-1,"NonHeapMemoryInit":2555904,"HeapMemoryUsed":69689880,"EdenSpaceInit":67108864,"PermGenInit":0},"threadMap":{"ThreadCount":215,"TotalStartedThreadCount":340,"DeadLockedThreadCount":0,"ProcessCpuTimeRate":4.987,"DaemonThreadCount":211}},"pushJobNum":0,"receiveJobNum":0,"timestamp":1778724300000},{"exeExceptionNum":0,"exeFailedNum":0,"exeLaterNum":0,"exeSuccessNum":0,"fixExecutingJobNum":0,"jvmMData":{"gcMap":{"FullGCCollectionTime":14,"SpanYoungGCCollectionCount":0,"SpanFullGCCollectionCount":0,"YoungGCCollectionCount":3,"FullGCCollectionCount":1,"SpanYoungGCCollectionTime":0,"YoungGCCollectionTime":53,"SpanFullGCCollectionTime":0},"memoryMap":{"HeapMemoryMax":3817865216,"SurvivorUsed":2341800,"OldGenCommitted":86507520,"PermGenUsed":0,"NonHeapMemoryUsed":35370336,"OldGenMax":2863661056,"SurvivorInit":11010048,"PermGenCommitted":0,"PermGenMax":0,"OldGenUsed":7205448,"EdenSpaceUsed":69433392,"NonHeapMemoryCommitted":36372480,"HeapMemoryInit":268435456,"HeapMemoryCommitted":231735296,"SurvivorMax":11010048,"EdenSpaceCommitted":134217728,"OldGenInit":179306496,"EdenSpaceMax":1409286144,"SurvivorCommitted":11010048,"NonHeapMemoryMax":-1,"NonHeapMemoryInit":2555904,"HeapMemoryUsed":78980640,"EdenSpaceInit":67108864,"PermGenInit":0},"threadMap":{"ThreadCount":215,"TotalStartedThreadCount":400,"DeadLockedThreadCount":0,"ProcessCpuTimeRate":4.004,"DaemonThreadCount":211}},"pushJobNum":0,"receiveJobNum":0,"timestamp":1778724360000},{"exeExceptionNum":0,"exeFailedNum":0,"exeLaterNum":0,"exeSuccessNum":0,"fixExecutingJobNum":0,"jvmMData":{"gcMap":{"FullGCCollectionTime":14,"SpanYoungGCCollectionCount":0,"SpanFullGCCollectionCount":0,"YoungGCCollectionCount":3,"FullGCCollectionCount":1,"SpanYoungGCCollectionTime":0,"YoungGCCollectionTime":53,"SpanFullGCCollectionTime":0},"memoryMap":{"HeapMemoryMax":3817865216,"SurvivorUsed":2341800,"OldGenCommitted":86507520,"PermGenUsed":0,"NonHeapMemoryUsed":36527472,"OldGenMax":2863661056,"SurvivorInit":11010048,"PermGenCommitted":0,"PermGenMax":0,"OldGenUsed":7205448,"EdenSpaceUsed":75563112,"NonHeapMemoryCommitted":37552128,"HeapMemoryInit":268435456,"HeapMemoryCommitted":231735296,"SurvivorMax":11010048,"EdenSpaceCommitted":134217728,"OldGenInit":179306496,"EdenSpaceMax":1409286144,"SurvivorCommitted":11010048,"NonHeapMemoryMax":-1,"NonHeapMemoryInit":2555904,"HeapMemoryUsed":85110360,"EdenSpaceInit":67108864,"PermGenInit":0},"threadMap":{"ThreadCount":215,"TotalStartedThreadCount":460,"DeadLockedThreadCount":0,"ProcessCpuTimeRate":5.054,"DaemonThreadCount":211}},"pushJobNum":0,"receiveJobNum":0,"timestamp":1778724420000},{"exeExceptionNum":0,"exeFailedNum":0,"exeLaterNum":0,"exeSuccessNum":0,"fixExecutingJobNum":0,"jvmMData":{"gcMap":{"FullGCCollectionTime":14,"SpanYoungGCCollectionCount":0,"SpanFullGCCollectionCount":0,"YoungGCCollectionCount":3,"FullGCCollectionCount":1,"SpanYoungGCCollectionTime":0,"YoungGCCollectionTime":53,"SpanFullGCCollectionTime":0},"memoryMap":{"HeapMemoryMax":3817865216,"SurvivorUsed":2341800,"OldGenCommitted":86507520,"PermGenUsed":0,"NonHeapMemoryUsed":37098240,"OldGenMax":2863661056,"SurvivorInit":11010048,"PermGenCommitted":0,"PermGenMax":0,"OldGenUsed":7205448,"EdenSpaceUsed":81165552,"NonHeapMemoryCommitted":38010880,"HeapMemoryInit":268435456,"HeapMemoryCommitted":231735296,"SurvivorMax":11010048,"EdenSpaceCommitted":134217728,"OldGenInit":179306496,"EdenSpaceMax":1409286144,"SurvivorCommitted":11010048,"NonHeapMemoryMax":-1,"NonHeapMemoryInit":2555904,"HeapMemoryUsed":90712800,"EdenSpaceInit":67108864,"PermGenInit":0},"threadMap":{"ThreadCount":215,"TotalStartedThreadCount":518,"DeadLockedThreadCount":0,"ProcessCpuTimeRate":4.220,"DaemonThreadCount":211}},"pushJobNum":0,"receiveJobNum":0,"timestamp":1778724480000},{"exeExceptionNum":0,"exeFailedNum":0,"exeLaterNum":0,"exeSuccessNum":0,"fixExecutingJobNum":0,"jvmMData":{"gcMap":{"FullGCCollectionTime":14,"SpanYoungGCCollectionCount":0,"SpanFullGCCollectionCount":0,"YoungGCCollectionCount":3,"FullGCCollectionCount":1,"SpanYoungGCCollectionTime":0,"YoungGCCollectionTime":53,"SpanFullGCCollectionTime":0},"memoryMap":{"HeapMemoryMax":3817865216,"SurvivorUsed":2341800,"OldGenCommitted":86507520,"PermGenUsed":0,"NonHeapMemoryUsed":37775888,"OldGenMax":2863661056,"SurvivorInit":11010048,"PermGenCommitted":0,"PermGenMax":0,"OldGenUsed":7205448,"EdenSpaceUsed":87675712,"NonHeapMemoryCommitted":38797312,"HeapMemoryInit":268435456,"HeapMemoryCommitted":231735296,"SurvivorMax":11010048,"EdenSpaceCommitted":134217728,"OldGenInit":179306496,"EdenSpaceMax":1409286144,"SurvivorCommitted":11010048,"NonHeapMemoryMax":-1,"NonHeapMemoryInit":2555904,"HeapMemoryUsed":97222960,"EdenSpaceInit":67108864,"PermGenInit":0},"threadMap":{"ThreadCount":215,"TotalStartedThreadCount":578,"DeadLockedThreadCount":0,"ProcessCpuTimeRate":3.795,"DaemonThreadCount":211}},"pushJobNum":0,"receiveJobNum":0,"timestamp":1778724540000},{"exeExceptionNum":0,"exeFailedNum":0,"exeLaterNum":0,"exeSuccessNum":0,"fixExecutingJobNum":0,"jvmMData":{"gcMap":{"FullGCCollectionTime":14,"SpanYoungGCCollectionCount":0,"SpanFullGCCollectionCount":0,"YoungGCCollectionCount":3,"FullGCCollectionCount":1,"SpanYoungGCCollectionTime":0,"YoungGCCollectionTime":53,"SpanFullGCCollectionTime":0},"memoryMap":{"HeapMemoryMax":3817865216,"SurvivorUsed":2341800,"OldGenCommitted":86507520,"PermGenUsed":0,"NonHeapMemoryUsed":38210672,"OldGenMax":2863661056,"SurvivorInit":11010048,"PermGenCommitted":0,"PermGenMax":0,"OldGenUsed":7205448,"EdenSpaceUsed":94224568,"NonHeapMemoryCommitted":39190528,"HeapMemoryInit":268435456,"HeapMemoryCommitted":231735296,"SurvivorMax":11010048,"EdenSpaceCommitted":134217728,"OldGenInit":179306496,"EdenSpaceMax":1409286144,"SurvivorCommitted":11010048,"NonHeapMemoryMax":-1,"NonHeapMemoryInit":2555904,"HeapMemoryUsed":103771816,"EdenSpaceInit":67108864,"PermGenInit":0},"threadMap":{"ThreadCount":215,"TotalStartedThreadCount":638,"DeadLockedThreadCount":0,"ProcessCpuTimeRate":3.745,"DaemonThreadCount":211}},"pushJobNum":0,"receiveJobNum":0,"timestamp":1778724600000},{"exeExceptionNum":0,"exeFailedNum":0,"exeLaterNum":0,"exeSuccessNum":0,"fixExecutingJobNum":0,"jvmMData":{"gcMap":{"FullGCCollectionTime":14,"SpanYoungGCCollectionCount":0,"SpanFullGCCollectionCount":0,"YoungGCCollectionCount":3,"FullGCCollectionCount":1,"SpanYoungGCCollectionTime":0,"YoungGCCollectionTime":53,"SpanFullGCCollectionTime":0},"memoryMap":{"HeapMemoryMax":3817865216,"SurvivorUsed":2341800,"OldGenCommitted":86507520,"PermGenUsed":0,"NonHeapMemoryUsed":38465144,"OldGenMax":2863661056,"SurvivorInit":11010048,"PermGenCommitted":0,"PermGenMax":0,"OldGenUsed":7205448,"EdenSpaceUsed":101464760,"NonHeapMemoryCommitted":39649280,"HeapMemoryInit":268435456,"HeapMemoryCommitted":231735296,"SurvivorMax":11010048,"EdenSpaceCommitted":134217728,"OldGenInit":179306496,"EdenSpaceMax":1409286144,"SurvivorCommitted":11010048,"NonHeapMemoryMax":-1,"NonHeapMemoryInit":2555904,"HeapMemoryUsed":111012008,"EdenSpaceInit":67108864,"PermGenInit":0},"threadMap":{"ThreadCount":215,"TotalStartedThreadCount":696,"DeadLockedThreadCount":0,"ProcessCpuTimeRate":3.330,"DaemonThreadCount":211}},"pushJobNum":0,"receiveJobNum":0,"timestamp":1778724660000}], lts version: 1.7.3-SNAPSHOT, current host: 192.168.64.1
[lts] 2026-05-14 10:13:00,551 DEBUG [pool-1-thread-3] com.github.ltsopensource.core.logger.slf4j.Slf4jLogger.debug(32) | Add Monitor Data success, mNode={"identity":"TT_192.168.64.1_19784_10-03-55.606_1","nodeGroup":"test_trade_taskTracker","nodeType":"TASK_TRACKER"}, mData=[{"exeExceptionNum":0,"exeFailedNum":0,"exeLaterNum":0,"exeSuccessNum":0,"jvmMData":{"gcMap":{"FullGCCollectionTime":0,"SpanYoungGCCollectionCount":0,"SpanFullGCCollectionCount":0,"YoungGCCollectionCount":1,"FullGCCollectionCount":0,"SpanYoungGCCollectionTime":0,"YoungGCCollectionTime":18,"SpanFullGCCollectionTime":0},"memoryMap":{"HeapMemoryMax":3817865216,"SurvivorUsed":7829944,"OldGenCommitted":179306496,"PermGenUsed":0,"NonHeapMemoryUsed":20431784,"OldGenMax":2863661056,"SurvivorInit":11010048,"PermGenCommitted":0,"PermGenMax":0,"OldGenUsed":8192,"EdenSpaceUsed":6688136,"NonHeapMemoryCommitted":21168128,"HeapMemoryInit":268435456,"HeapMemoryCommitted":257425408,"SurvivorMax":11010048,"EdenSpaceCommitted":67108864,"OldGenInit":179306496,"EdenSpaceMax":1409286144,"SurvivorCommitted":11010048,"NonHeapMemoryMax":-1,"NonHeapMemoryInit":2555904,"HeapMemoryUsed":14526272,"EdenSpaceInit":67108864,"PermGenInit":0},"threadMap":{"ThreadCount":25,"TotalStartedThreadCount":28,"DeadLockedThreadCount":0,"ProcessCpuTimeRate":12.10,"DaemonThreadCount":22}},"timestamp":1778724180000,"totalRunningTime":0},{"exeExceptionNum":0,"exeFailedNum":0,"exeLaterNum":0,"exeSuccessNum":0,"jvmMData":{"gcMap":{"FullGCCollectionTime":0,"SpanYoungGCCollectionCount":0,"SpanFullGCCollectionCount":0,"YoungGCCollectionCount":1,"FullGCCollectionCount":0,"SpanYoungGCCollectionTime":0,"YoungGCCollectionTime":18,"SpanFullGCCollectionTime":0},"memoryMap":{"HeapMemoryMax":3817865216,"SurvivorUsed":7829944,"OldGenCommitted":179306496,"PermGenUsed":0,"NonHeapMemoryUsed":21548768,"OldGenMax":2863661056,"SurvivorInit":11010048,"PermGenCommitted":0,"PermGenMax":0,"OldGenUsed":8192,"EdenSpaceUsed":14087256,"NonHeapMemoryCommitted":22413312,"HeapMemoryInit":268435456,"HeapMemoryCommitted":257425408,"SurvivorMax":11010048,"EdenSpaceCommitted":67108864,"OldGenInit":179306496,"EdenSpaceMax":1409286144,"SurvivorCommitted":11010048,"NonHeapMemoryMax":-1,"NonHeapMemoryInit":2555904,"HeapMemoryUsed":21925392,"EdenSpaceInit":67108864,"PermGenInit":0},"threadMap":{"ThreadCount":24,"TotalStartedThreadCount":28,"DeadLockedThreadCount":0,"ProcessCpuTimeRate":3.338,"DaemonThreadCount":21}},"timestamp":1778724240000,"totalRunningTime":0},{"exeExceptionNum":0,"exeFailedNum":0,"exeLaterNum":0,"exeSuccessNum":0,"jvmMData":{"gcMap":{"FullGCCollectionTime":0,"SpanYoungGCCollectionCount":0,"SpanFullGCCollectionCount":0,"YoungGCCollectionCount":1,"FullGCCollectionCount":0,"SpanYoungGCCollectionTime":0,"YoungGCCollectionTime":18,"SpanFullGCCollectionTime":0},"memoryMap":{"HeapMemoryMax":3817865216,"SurvivorUsed":7829944,"OldGenCommitted":179306496,"PermGenUsed":0,"NonHeapMemoryUsed":21989680,"OldGenMax":2863661056,"SurvivorInit":11010048,"PermGenCommitted":0,"PermGenMax":0,"OldGenUsed":8192,"EdenSpaceUsed":16791488,"NonHeapMemoryCommitted":22806528,"HeapMemoryInit":268435456,"HeapMemoryCommitted":257425408,"SurvivorMax":11010048,"EdenSpaceCommitted":67108864,"OldGenInit":179306496,"EdenSpaceMax":1409286144,"SurvivorCommitted":11010048,"NonHeapMemoryMax":-1,"NonHeapMemoryInit":2555904,"HeapMemoryUsed":24629624,"EdenSpaceInit":67108864,"PermGenInit":0},"threadMap":{"ThreadCount":24,"TotalStartedThreadCount":28,"DeadLockedThreadCount":0,"ProcessCpuTimeRate":2.289,"DaemonThreadCount":21}},"timestamp":1778724300000,"totalRunningTime":0},{"exeExceptionNum":0,"exeFailedNum":0,"exeLaterNum":0,"exeSuccessNum":0,"jvmMData":{"gcMap":{"FullGCCollectionTime":0,"SpanYoungGCCollectionCount":0,"SpanFullGCCollectionCount":0,"YoungGCCollectionCount":1,"FullGCCollectionCount":0,"SpanYoungGCCollectionTime":0,"YoungGCCollectionTime":18,"SpanFullGCCollectionTime":0},"memoryMap":{"HeapMemoryMax":3817865216,"SurvivorUsed":7829944,"OldGenCommitted":179306496,"PermGenUsed":0,"NonHeapMemoryUsed":21988632,"OldGenMax":2863661056,"SurvivorInit":11010048,"PermGenCommitted":0,"PermGenMax":0,"OldGenUsed":8192,"EdenSpaceUsed":18808208,"NonHeapMemoryCommitted":23003136,"HeapMemoryInit":268435456,"HeapMemoryCommitted":257425408,"SurvivorMax":11010048,"EdenSpaceCommitted":67108864,"OldGenInit":179306496,"EdenSpaceMax":1409286144,"SurvivorCommitted":11010048,"NonHeapMemoryMax":-1,"NonHeapMemoryInit":2555904,"HeapMemoryUsed":26646344,"EdenSpaceInit":67108864,"PermGenInit":0},"threadMap":{"ThreadCount":24,"TotalStartedThreadCount":28,"DeadLockedThreadCount":0,"ProcessCpuTimeRate":2.171,"DaemonThreadCount":21}},"timestamp":1778724360000,"totalRunningTime":0},{"exeExceptionNum":0,"exeFailedNum":0,"exeLaterNum":0,"exeSuccessNum":0,"jvmMData":{"gcMap":{"FullGCCollectionTime":0,"SpanYoungGCCollectionCount":0,"SpanFullGCCollectionCount":0,"YoungGCCollectionCount":1,"FullGCCollectionCount":0,"SpanYoungGCCollectionTime":0,"YoungGCCollectionTime":18,"SpanFullGCCollectionTime":0},"memoryMap":{"HeapMemoryMax":3817865216,"SurvivorUsed":7829944,"OldGenCommitted":179306496,"PermGenUsed":0,"NonHeapMemoryUsed":22197712,"OldGenMax":2863661056,"SurvivorInit":11010048,"PermGenCommitted":0,"PermGenMax":0,"OldGenUsed":8192,"EdenSpaceUsed":23538952,"NonHeapMemoryCommitted":23003136,"HeapMemoryInit":268435456,"HeapMemoryCommitted":257425408,"SurvivorMax":11010048,"EdenSpaceCommitted":67108864,"OldGenInit":179306496,"EdenSpaceMax":1409286144,"SurvivorCommitted":11010048,"NonHeapMemoryMax":-1,"NonHeapMemoryInit":2555904,"HeapMemoryUsed":31377088,"EdenSpaceInit":67108864,"PermGenInit":0},"threadMap":{"ThreadCount":24,"TotalStartedThreadCount":28,"DeadLockedThreadCount":0,"ProcessCpuTimeRate":2.075,"DaemonThreadCount":21}},"timestamp":1778724420000,"totalRunningTime":0},{"exeExceptionNum":0,"exeFailedNum":0,"exeLaterNum":0,"exeSuccessNum":0,"jvmMData":{"gcMap":{"FullGCCollectionTime":0,"SpanYoungGCCollectionCount":0,"SpanFullGCCollectionCount":0,"YoungGCCollectionCount":1,"FullGCCollectionCount":0,"SpanYoungGCCollectionTime":0,"YoungGCCollectionTime":18,"SpanFullGCCollectionTime":0},"memoryMap":{"HeapMemoryMax":3817865216,"SurvivorUsed":7829944,"OldGenCommitted":179306496,"PermGenUsed":0,"NonHeapMemoryUsed":22475176,"OldGenMax":2863661056,"SurvivorInit":11010048,"PermGenCommitted":0,"PermGenMax":0,"OldGenUsed":8192,"EdenSpaceUsed":25552312,"NonHeapMemoryCommitted":23396352,"HeapMemoryInit":268435456,"HeapMemoryCommitted":257425408,"SurvivorMax":11010048,"EdenSpaceCommitted":67108864,"OldGenInit":179306496,"EdenSpaceMax":1409286144,"SurvivorCommitted":11010048,"NonHeapMemoryMax":-1,"NonHeapMemoryInit":2555904,"HeapMemoryUsed":33390448,"EdenSpaceInit":67108864,"PermGenInit":0},"threadMap":{"ThreadCount":24,"TotalStartedThreadCount":28,"DeadLockedThreadCount":0,"ProcessCpuTimeRate":2.404,"DaemonThreadCount":21}},"timestamp":1778724480000,"totalRunningTime":0},{"exeExceptionNum":0,"exeFailedNum":0,"exeLaterNum":0,"exeSuccessNum":0,"jvmMData":{"gcMap":{"FullGCCollectionTime":0,"SpanYoungGCCollectionCount":0,"SpanFullGCCollectionCount":0,"YoungGCCollectionCount":1,"FullGCCollectionCount":0,"SpanYoungGCCollectionTime":0,"YoungGCCollectionTime":18,"SpanFullGCCollectionTime":0},"memoryMap":{"HeapMemoryMax":3817865216,"SurvivorUsed":7829944,"OldGenCommitted":179306496,"PermGenUsed":0,"NonHeapMemoryUsed":22553792,"OldGenMax":2863661056,"SurvivorInit":11010048,"PermGenCommitted":0,"PermGenMax":0,"OldGenUsed":8192,"EdenSpaceUsed":28276760,"NonHeapMemoryCommitted":23461888,"HeapMemoryInit":268435456,"HeapMemoryCommitted":257425408,"SurvivorMax":11010048,"EdenSpaceCommitted":67108864,"OldGenInit":179306496,"EdenSpaceMax":1409286144,"SurvivorCommitted":11010048,"NonHeapMemoryMax":-1,"NonHeapMemoryInit":2555904,"HeapMemoryUsed":36114896,"EdenSpaceInit":67108864,"PermGenInit":0},"threadMap":{"ThreadCount":24,"TotalStartedThreadCount":28,"DeadLockedThreadCount":0,"ProcessCpuTimeRate":2.029,"DaemonThreadCount":21}},"timestamp":1778724540000,"totalRunningTime":0},{"exeExceptionNum":0,"exeFailedNum":0,"exeLaterNum":0,"exeSuccessNum":0,"jvmMData":{"gcMap":{"FullGCCollectionTime":0,"SpanYoungGCCollectionCount":0,"SpanFullGCCollectionCount":0,"YoungGCCollectionCount":1,"FullGCCollectionCount":0,"SpanYoungGCCollectionTime":0,"YoungGCCollectionTime":18,"SpanFullGCCollectionTime":0},"memoryMap":{"HeapMemoryMax":3817865216,"SurvivorUsed":7829944,"OldGenCommitted":179306496,"PermGenUsed":0,"NonHeapMemoryUsed":22749224,"OldGenMax":2863661056,"SurvivorInit":11010048,"PermGenCommitted":0,"PermGenMax":0,"OldGenUsed":8192,"EdenSpaceUsed":30993144,"NonHeapMemoryCommitted":23592960,"HeapMemoryInit":268435456,"HeapMemoryCommitted":257425408,"SurvivorMax":11010048,"EdenSpaceCommitted":67108864,"OldGenInit":179306496,"EdenSpaceMax":1409286144,"SurvivorCommitted":11010048,"NonHeapMemoryMax":-1,"NonHeapMemoryInit":2555904,"HeapMemoryUsed":38831280,"EdenSpaceInit":67108864,"PermGenInit":0},"threadMap":{"ThreadCount":24,"TotalStartedThreadCount":28,"DeadLockedThreadCount":0,"ProcessCpuTimeRate":1.943,"DaemonThreadCount":21}},"timestamp":1778724600000,"totalRunningTime":0},{"exeExceptionNum":0,"exeFailedNum":0,"exeLaterNum":0,"exeSuccessNum":0,"jvmMData":{"gcMap":{"FullGCCollectionTime":0,"SpanYoungGCCollectionCount":0,"SpanFullGCCollectionCount":0,"YoungGCCollectionCount":1,"FullGCCollectionCount":0,"SpanYoungGCCollectionTime":0,"YoungGCCollectionTime":18,"SpanFullGCCollectionTime":0},"memoryMap":{"HeapMemoryMax":3817865216,"SurvivorUsed":7829944,"OldGenCommitted":179306496,"PermGenUsed":0,"NonHeapMemoryUsed":22875216,"OldGenMax":2863661056,"SurvivorInit":11010048,"PermGenCommitted":0,"PermGenMax":0,"OldGenUsed":8192,"EdenSpaceUsed":34362312,"NonHeapMemoryCommitted":23724032,"HeapMemoryInit":268435456,"HeapMemoryCommitted":257425408,"SurvivorMax":11010048,"EdenSpaceCommitted":67108864,"OldGenInit":179306496,"EdenSpaceMax":1409286144,"SurvivorCommitted":11010048,"NonHeapMemoryMax":-1,"NonHeapMemoryInit":2555904,"HeapMemoryUsed":42200448,"EdenSpaceInit":67108864,"PermGenInit":0},"threadMap":{"ThreadCount":24,"TotalStartedThreadCount":28,"DeadLockedThreadCount":0,"ProcessCpuTimeRate":1.731,"DaemonThreadCount":21}},"timestamp":1778724660000,"totalRunningTime":0},{"exeExceptionNum":0,"exeFailedNum":0,"exeLaterNum":0,"exeSuccessNum":0,"jvmMData":{"gcMap":{"FullGCCollectionTime":0,"SpanYoungGCCollectionCount":0,"SpanFullGCCollectionCount":0,"YoungGCCollectionCount":1,"FullGCCollectionCount":0,"SpanYoungGCCollectionTime":0,"YoungGCCollectionTime":18,"SpanFullGCCollectionTime":0},"memoryMap":{"HeapMemoryMax":3817865216,"SurvivorUsed":7829944,"OldGenCommitted":179306496,"PermGenUsed":0,"NonHeapMemoryUsed":23121600,"OldGenMax":2863661056,"SurvivorInit":11010048,"PermGenCommitted":0,"PermGenMax":0,"OldGenUsed":8192,"EdenSpaceUsed":36375672,"NonHeapMemoryCommitted":24051712,"HeapMemoryInit":268435456,"HeapMemoryCommitted":257425408,"SurvivorMax":11010048,"EdenSpaceCommitted":67108864,"OldGenInit":179306496,"EdenSpaceMax":1409286144,"SurvivorCommitted":11010048,"NonHeapMemoryMax":-1,"NonHeapMemoryInit":2555904,"HeapMemoryUsed":44213808,"EdenSpaceInit":67108864,"PermGenInit":0},"threadMap":{"ThreadCount":24,"TotalStartedThreadCount":28,"DeadLockedThreadCount":0,"ProcessCpuTimeRate":2.058,"DaemonThreadCount":21}},"timestamp":1778724720000,"totalRunningTime":0}], lts version: 1.7.3-SNAPSHOT, current host: 192.168.64.1
[lts] 2026-05-14 10:13:44,460 DEBUG [AliveKeepingService] com.github.ltsopensource.core.logger.slf4j.Slf4jLogger.debug(32) | I'm alive, lts version: 1.7.3-SNAPSHOT, current host: 192.168.64.1
[lts] 2026-05-14 10:14:00,737 DEBUG [pool-1-thread-5] com.github.ltsopensource.core.logger.slf4j.Slf4jLogger.debug(32) | 
    INSERT 
    INTO
        `
        lts_admin_task_tracker_monitor_data`(
            `gmt_created`, `node_group`, `identity`, `timestamp`, `exe_success_num`, `exe_failed_num`, `exe_later_num`, `exe_exception_num`, `total_running_time`
        ) 
    VALUES
        (?,?,?,?,?,?,?,?,?), lts version: 1.7.3-SNAPSHOT, current host: 192.168.64.1
[lts] 2026-05-14 10:14:00,738 DEBUG [pool-1-thread-6] com.github.ltsopensource.core.logger.slf4j.Slf4jLogger.debug(32) | 
    INSERT 
    INTO
        `
        lts_admin_job_tracker_monitor_data`(
            `gmt_created`, `identity`, `timestamp`, `receive_job_num`, `push_job_num`, `exe_success_num`, `exe_failed_num`, `exe_later_num`, `exe_exception_num`, `fix_executing_job_num`
        ) 
    VALUES
        (?,?,?,?,?,?,?,?,?,?), lts version: 1.7.3-SNAPSHOT, current host: 192.168.64.1
[lts] 2026-05-14 10:14:00,794 DEBUG [pool-1-thread-5] com.github.ltsopensource.core.logger.slf4j.Slf4jLogger.debug(32) | 
    INSERT 
    INTO
        `
        lts_admin_jvm_gc`(
            `gmt_created`, `identity`, `timestamp`, `node_type`, `node_group`, `young_gc_collection_count`, `young_gc_collection_time`, `full_gc_collection_count`, `full_gc_collection_time`, `span_young_gc_collection_count`, `span_young_gc_collection_time`, `span_full_gc_collection_count`, `span_full_gc_collection_time`
        ) 
    VALUES
        (?,?,?,?,?,?,?,?,?,?,?,?,?), lts version: 1.7.3-SNAPSHOT, current host: 192.168.64.1
[lts] 2026-05-14 10:14:00,795 DEBUG [pool-1-thread-6] com.github.ltsopensource.core.logger.slf4j.Slf4jLogger.debug(32) | 
    INSERT 
    INTO
        `
        lts_admin_jvm_gc`(
            `gmt_created`, `identity`, `timestamp`, `node_type`, `node_group`, `young_gc_collection_count`, `young_gc_collection_time`, `full_gc_collection_count`, `full_gc_collection_time`, `span_young_gc_collection_count`, `span_young_gc_collection_time`, `span_full_gc_collection_count`, `span_full_gc_collection_time`
        ) 
    VALUES
        (?,?,?,?,?,?,?,?,?,?,?,?,?), lts version: 1.7.3-SNAPSHOT, current host: 192.168.64.1
[lts] 2026-05-14 10:14:00,816 DEBUG [pool-1-thread-5] com.github.ltsopensource.core.logger.slf4j.Slf4jLogger.debug(32) | 
    INSERT 
    INTO
        `
        lts_admin_jvm_memory`(
            `gmt_created`, `identity`, `timestamp`, `node_type`, `node_group`, `heap_memory_committed`, `heap_memory_init`, `heap_memory_max`, `heap_memory_used`, `non_heap_memory_committed`, `non_heap_memory_init`, `non_heap_memory_max`, `non_heap_memory_used`, `perm_gen_committed`, `perm_gen_init`, `perm_gen_max`, `perm_gen_used`, `old_gen_committed`, `old_gen_init`, `old_gen_max`, `old_gen_used`, `eden_space_committed`, `eden_space_init`, `eden_space_max`, `eden_space_used`, `survivor_committed`, `survivor_init`, `survivor_max`, `survivor_used`
        ) 
    VALUES
        (?,?,?,?,?,?,?,?,?,?,?,?,?,?,?,?,?,?,?,?,?,?,?,?,?,?,?,?,?), lts version: 1.7.3-SNAPSHOT, current host: 192.168.64.1
[lts] 2026-05-14 10:14:00,817 DEBUG [pool-1-thread-6] com.github.ltsopensource.core.logger.slf4j.Slf4jLogger.debug(32) | 
    INSERT 
    INTO
        `
        lts_admin_jvm_memory`(
            `gmt_created`, `identity`, `timestamp`, `node_type`, `node_group`, `heap_memory_committed`, `heap_memory_init`, `heap_memory_max`, `heap_memory_used`, `non_heap_memory_committed`, `non_heap_memory_init`, `non_heap_memory_max`, `non_heap_memory_used`, `perm_gen_committed`, `perm_gen_init`, `perm_gen_max`, `perm_gen_used`, `old_gen_committed`, `old_gen_init`, `old_gen_max`, `old_gen_used`, `eden_space_committed`, `eden_space_init`, `eden_space_max`, `eden_space_used`, `survivor_committed`, `survivor_init`, `survivor_max`, `survivor_used`
        ) 
    VALUES
        (?,?,?,?,?,?,?,?,?,?,?,?,?,?,?,?,?,?,?,?,?,?,?,?,?,?,?,?,?), lts version: 1.7.3-SNAPSHOT, current host: 192.168.64.1
[lts] 2026-05-14 10:14:00,840 DEBUG [pool-1-thread-6] com.github.ltsopensource.core.logger.slf4j.Slf4jLogger.debug(32) | 
    INSERT 
    INTO
        `
        lts_admin_jvm_thread`(
            `gmt_created`, `identity`, `timestamp`, `node_type`, `node_group`, `daemon_thread_count`, `thread_count`, `total_started_thread_count`, `dead_locked_thread_count`, `process_cpu_time_rate`
        ) 
    VALUES
        (?,?,?,?,?,?,?,?,?,?), lts version: 1.7.3-SNAPSHOT, current host: 192.168.64.1
[lts] 2026-05-14 10:14:00,840 DEBUG [pool-1-thread-5] com.github.ltsopensource.core.logger.slf4j.Slf4jLogger.debug(32) | 
    INSERT 
    INTO
        `
        lts_admin_jvm_thread`(
            `gmt_created`, `identity`, `timestamp`, `node_type`, `node_group`, `daemon_thread_count`, `thread_count`, `total_started_thread_count`, `dead_locked_thread_count`, `process_cpu_time_rate`
        ) 
    VALUES
        (?,?,?,?,?,?,?,?,?,?), lts version: 1.7.3-SNAPSHOT, current host: 192.168.64.1
[lts] 2026-05-14 10:14:00,858 DEBUG [pool-1-thread-6] com.github.ltsopensource.core.logger.slf4j.Slf4jLogger.debug(32) | Add Monitor Data success, mNode={"identity":"JT_192.168.64.1_19709_10-02-49.861_1","nodeGroup":"lts","nodeType":"JOB_TRACKER"}, mData=[{"exeExceptionNum":0,"exeFailedNum":0,"exeLaterNum":0,"exeSuccessNum":0,"fixExecutingJobNum":0,"jvmMData":{"gcMap":{"FullGCCollectionTime":14,"SpanYoungGCCollectionCount":0,"SpanFullGCCollectionCount":0,"YoungGCCollectionCount":2,"FullGCCollectionCount":1,"SpanYoungGCCollectionTime":0,"YoungGCCollectionTime":39,"SpanFullGCCollectionTime":0},"memoryMap":{"HeapMemoryMax":3817865216,"SurvivorUsed":0,"OldGenCommitted":86507520,"PermGenUsed":0,"NonHeapMemoryUsed":30571448,"OldGenMax":2863661056,"SurvivorInit":11010048,"PermGenCommitted":0,"PermGenMax":0,"OldGenUsed":7197256,"EdenSpaceUsed":27307064,"NonHeapMemoryCommitted":31637504,"HeapMemoryInit":268435456,"HeapMemoryCommitted":231735296,"SurvivorMax":11010048,"EdenSpaceCommitted":134217728,"OldGenInit":179306496,"EdenSpaceMax":1409286144,"SurvivorCommitted":11010048,"NonHeapMemoryMax":-1,"NonHeapMemoryInit":2555904,"HeapMemoryUsed":34504320,"EdenSpaceInit":67108864,"PermGenInit":0},"threadMap":{"ThreadCount":30,"TotalStartedThreadCount":34,"DeadLockedThreadCount":0,"ProcessCpuTimeRate":5.441,"DaemonThreadCount":27}},"pushJobNum":0,"receiveJobNum":0,"timestamp":1778724120000},{"exeExceptionNum":0,"exeFailedNum":0,"exeLaterNum":0,"exeSuccessNum":0,"fixExecutingJobNum":0,"jvmMData":{"gcMap":{"FullGCCollectionTime":14,"SpanYoungGCCollectionCount":0,"SpanFullGCCollectionCount":0,"YoungGCCollectionCount":2,"FullGCCollectionCount":1,"SpanYoungGCCollectionTime":0,"YoungGCCollectionTime":39,"SpanFullGCCollectionTime":0},"memoryMap":{"HeapMemoryMax":3817865216,"SurvivorUsed":0,"OldGenCommitted":86507520,"PermGenUsed":0,"NonHeapMemoryUsed":31927272,"OldGenMax":2863661056,"SurvivorInit":11010048,"PermGenCommitted":0,"PermGenMax":0,"OldGenUsed":7197256,"EdenSpaceUsed":41404560,"NonHeapMemoryCommitted":32899072,"HeapMemoryInit":268435456,"HeapMemoryCommitted":231735296,"SurvivorMax":11010048,"EdenSpaceCommitted":134217728,"OldGenInit":179306496,"EdenSpaceMax":1409286144,"SurvivorCommitted":11010048,"NonHeapMemoryMax":-1,"NonHeapMemoryInit":2555904,"HeapMemoryUsed":48601816,"EdenSpaceInit":67108864,"PermGenInit":0},"threadMap":{"ThreadCount":41,"TotalStartedThreadCount":49,"DeadLockedThreadCount":0,"ProcessCpuTimeRate":3.235,"DaemonThreadCount":37}},"pushJobNum":0,"receiveJobNum":0,"timestamp":1778724180000},{"exeExceptionNum":0,"exeFailedNum":0,"exeLaterNum":0,"exeSuccessNum":0,"fixExecutingJobNum":0,"jvmMData":{"gcMap":{"FullGCCollectionTime":14,"SpanYoungGCCollectionCount":1,"SpanFullGCCollectionCount":0,"YoungGCCollectionCount":3,"FullGCCollectionCount":1,"SpanYoungGCCollectionTime":14,"YoungGCCollectionTime":53,"SpanFullGCCollectionTime":0},"memoryMap":{"HeapMemoryMax":3817865216,"SurvivorUsed":2341800,"OldGenCommitted":86507520,"PermGenUsed":0,"NonHeapMemoryUsed":33150888,"OldGenMax":2863661056,"SurvivorInit":11010048,"PermGenCommitted":0,"PermGenMax":0,"OldGenUsed":7205448,"EdenSpaceUsed":20897976,"NonHeapMemoryCommitted":34275328,"HeapMemoryInit":268435456,"HeapMemoryCommitted":231735296,"SurvivorMax":11010048,"EdenSpaceCommitted":134217728,"OldGenInit":179306496,"EdenSpaceMax":1409286144,"SurvivorCommitted":11010048,"NonHeapMemoryMax":-1,"NonHeapMemoryInit":2555904,"HeapMemoryUsed":30445224,"EdenSpaceInit":67108864,"PermGenInit":0},"threadMap":{"ThreadCount":196,"TotalStartedThreadCount":262,"DeadLockedThreadCount":0,"ProcessCpuTimeRate":6.438,"DaemonThreadCount":192}},"pushJobNum":0,"receiveJobNum":0,"timestamp":1778724240000},{"exeExceptionNum":0,"exeFailedNum":0,"exeLaterNum":0,"exeSuccessNum":0,"fixExecutingJobNum":0,"jvmMData":{"gcMap":{"FullGCCollectionTime":14,"SpanYoungGCCollectionCount":0,"SpanFullGCCollectionCount":0,"YoungGCCollectionCount":3,"FullGCCollectionCount":1,"SpanYoungGCCollectionTime":0,"YoungGCCollectionTime":53,"SpanFullGCCollectionTime":0},"memoryMap":{"HeapMemoryMax":3817865216,"SurvivorUsed":2341800,"OldGenCommitted":86507520,"PermGenUsed":0,"NonHeapMemoryUsed":34708688,"OldGenMax":2863661056,"SurvivorInit":11010048,"PermGenCommitted":0,"PermGenMax":0,"OldGenUsed":7205448,"EdenSpaceUsed":60142632,"NonHeapMemoryCommitted":35782656,"HeapMemoryInit":268435456,"HeapMemoryCommitted":231735296,"SurvivorMax":11010048,"EdenSpaceCommitted":134217728,"OldGenInit":179306496,"EdenSpaceMax":1409286144,"SurvivorCommitted":11010048,"NonHeapMemoryMax":-1,"NonHeapMemoryInit":2555904,"HeapMemoryUsed":69689880,"EdenSpaceInit":67108864,"PermGenInit":0},"threadMap":{"ThreadCount":215,"TotalStartedThreadCount":340,"DeadLockedThreadCount":0,"ProcessCpuTimeRate":4.987,"DaemonThreadCount":211}},"pushJobNum":0,"receiveJobNum":0,"timestamp":1778724300000},{"exeExceptionNum":0,"exeFailedNum":0,"exeLaterNum":0,"exeSuccessNum":0,"fixExecutingJobNum":0,"jvmMData":{"gcMap":{"FullGCCollectionTime":14,"SpanYoungGCCollectionCount":0,"SpanFullGCCollectionCount":0,"YoungGCCollectionCount":3,"FullGCCollectionCount":1,"SpanYoungGCCollectionTime":0,"YoungGCCollectionTime":53,"SpanFullGCCollectionTime":0},"memoryMap":{"HeapMemoryMax":3817865216,"SurvivorUsed":2341800,"OldGenCommitted":86507520,"PermGenUsed":0,"NonHeapMemoryUsed":35370336,"OldGenMax":2863661056,"SurvivorInit":11010048,"PermGenCommitted":0,"PermGenMax":0,"OldGenUsed":7205448,"EdenSpaceUsed":69433392,"NonHeapMemoryCommitted":36372480,"HeapMemoryInit":268435456,"HeapMemoryCommitted":231735296,"SurvivorMax":11010048,"EdenSpaceCommitted":134217728,"OldGenInit":179306496,"EdenSpaceMax":1409286144,"SurvivorCommitted":11010048,"NonHeapMemoryMax":-1,"NonHeapMemoryInit":2555904,"HeapMemoryUsed":78980640,"EdenSpaceInit":67108864,"PermGenInit":0},"threadMap":{"ThreadCount":215,"TotalStartedThreadCount":400,"DeadLockedThreadCount":0,"ProcessCpuTimeRate":4.004,"DaemonThreadCount":211}},"pushJobNum":0,"receiveJobNum":0,"timestamp":1778724360000},{"exeExceptionNum":0,"exeFailedNum":0,"exeLaterNum":0,"exeSuccessNum":0,"fixExecutingJobNum":0,"jvmMData":{"gcMap":{"FullGCCollectionTime":14,"SpanYoungGCCollectionCount":0,"SpanFullGCCollectionCount":0,"YoungGCCollectionCount":3,"FullGCCollectionCount":1,"SpanYoungGCCollectionTime":0,"YoungGCCollectionTime":53,"SpanFullGCCollectionTime":0},"memoryMap":{"HeapMemoryMax":3817865216,"SurvivorUsed":2341800,"OldGenCommitted":86507520,"PermGenUsed":0,"NonHeapMemoryUsed":36527472,"OldGenMax":2863661056,"SurvivorInit":11010048,"PermGenCommitted":0,"PermGenMax":0,"OldGenUsed":7205448,"EdenSpaceUsed":75563112,"NonHeapMemoryCommitted":37552128,"HeapMemoryInit":268435456,"HeapMemoryCommitted":231735296,"SurvivorMax":11010048,"EdenSpaceCommitted":134217728,"OldGenInit":179306496,"EdenSpaceMax":1409286144,"SurvivorCommitted":11010048,"NonHeapMemoryMax":-1,"NonHeapMemoryInit":2555904,"HeapMemoryUsed":85110360,"EdenSpaceInit":67108864,"PermGenInit":0},"threadMap":{"ThreadCount":215,"TotalStartedThreadCount":460,"DeadLockedThreadCount":0,"ProcessCpuTimeRate":5.054,"DaemonThreadCount":211}},"pushJobNum":0,"receiveJobNum":0,"timestamp":1778724420000},{"exeExceptionNum":0,"exeFailedNum":0,"exeLaterNum":0,"exeSuccessNum":0,"fixExecutingJobNum":0,"jvmMData":{"gcMap":{"FullGCCollectionTime":14,"SpanYoungGCCollectionCount":0,"SpanFullGCCollectionCount":0,"YoungGCCollectionCount":3,"FullGCCollectionCount":1,"SpanYoungGCCollectionTime":0,"YoungGCCollectionTime":53,"SpanFullGCCollectionTime":0},"memoryMap":{"HeapMemoryMax":3817865216,"SurvivorUsed":2341800,"OldGenCommitted":86507520,"PermGenUsed":0,"NonHeapMemoryUsed":37098240,"OldGenMax":2863661056,"SurvivorInit":11010048,"PermGenCommitted":0,"PermGenMax":0,"OldGenUsed":7205448,"EdenSpaceUsed":81165552,"NonHeapMemoryCommitted":38010880,"HeapMemoryInit":268435456,"HeapMemoryCommitted":231735296,"SurvivorMax":11010048,"EdenSpaceCommitted":134217728,"OldGenInit":179306496,"EdenSpaceMax":1409286144,"SurvivorCommitted":11010048,"NonHeapMemoryMax":-1,"NonHeapMemoryInit":2555904,"HeapMemoryUsed":90712800,"EdenSpaceInit":67108864,"PermGenInit":0},"threadMap":{"ThreadCount":215,"TotalStartedThreadCount":518,"DeadLockedThreadCount":0,"ProcessCpuTimeRate":4.220,"DaemonThreadCount":211}},"pushJobNum":0,"receiveJobNum":0,"timestamp":1778724480000},{"exeExceptionNum":0,"exeFailedNum":0,"exeLaterNum":0,"exeSuccessNum":0,"fixExecutingJobNum":0,"jvmMData":{"gcMap":{"FullGCCollectionTime":14,"SpanYoungGCCollectionCount":0,"SpanFullGCCollectionCount":0,"YoungGCCollectionCount":3,"FullGCCollectionCount":1,"SpanYoungGCCollectionTime":0,"YoungGCCollectionTime":53,"SpanFullGCCollectionTime":0},"memoryMap":{"HeapMemoryMax":3817865216,"SurvivorUsed":2341800,"OldGenCommitted":86507520,"PermGenUsed":0,"NonHeapMemoryUsed":37775888,"OldGenMax":2863661056,"SurvivorInit":11010048,"PermGenCommitted":0,"PermGenMax":0,"OldGenUsed":7205448,"EdenSpaceUsed":87675712,"NonHeapMemoryCommitted":38797312,"HeapMemoryInit":268435456,"HeapMemoryCommitted":231735296,"SurvivorMax":11010048,"EdenSpaceCommitted":134217728,"OldGenInit":179306496,"EdenSpaceMax":1409286144,"SurvivorCommitted":11010048,"NonHeapMemoryMax":-1,"NonHeapMemoryInit":2555904,"HeapMemoryUsed":97222960,"EdenSpaceInit":67108864,"PermGenInit":0},"threadMap":{"ThreadCount":215,"TotalStartedThreadCount":578,"DeadLockedThreadCount":0,"ProcessCpuTimeRate":3.795,"DaemonThreadCount":211}},"pushJobNum":0,"receiveJobNum":0,"timestamp":1778724540000},{"exeExceptionNum":0,"exeFailedNum":0,"exeLaterNum":0,"exeSuccessNum":0,"fixExecutingJobNum":0,"jvmMData":{"gcMap":{"FullGCCollectionTime":14,"SpanYoungGCCollectionCount":0,"SpanFullGCCollectionCount":0,"YoungGCCollectionCount":3,"FullGCCollectionCount":1,"SpanYoungGCCollectionTime":0,"YoungGCCollectionTime":53,"SpanFullGCCollectionTime":0},"memoryMap":{"HeapMemoryMax":3817865216,"SurvivorUsed":2341800,"OldGenCommitted":86507520,"PermGenUsed":0,"NonHeapMemoryUsed":38210672,"OldGenMax":2863661056,"SurvivorInit":11010048,"PermGenCommitted":0,"PermGenMax":0,"OldGenUsed":7205448,"EdenSpaceUsed":94224568,"NonHeapMemoryCommitted":39190528,"HeapMemoryInit":268435456,"HeapMemoryCommitted":231735296,"SurvivorMax":11010048,"EdenSpaceCommitted":134217728,"OldGenInit":179306496,"EdenSpaceMax":1409286144,"SurvivorCommitted":11010048,"NonHeapMemoryMax":-1,"NonHeapMemoryInit":2555904,"HeapMemoryUsed":103771816,"EdenSpaceInit":67108864,"PermGenInit":0},"threadMap":{"ThreadCount":215,"TotalStartedThreadCount":638,"DeadLockedThreadCount":0,"ProcessCpuTimeRate":3.745,"DaemonThreadCount":211}},"pushJobNum":0,"receiveJobNum":0,"timestamp":1778724600000},{"exeExceptionNum":0,"exeFailedNum":0,"exeLaterNum":0,"exeSuccessNum":0,"fixExecutingJobNum":0,"jvmMData":{"gcMap":{"FullGCCollectionTime":14,"SpanYoungGCCollectionCount":0,"SpanFullGCCollectionCount":0,"YoungGCCollectionCount":3,"FullGCCollectionCount":1,"SpanYoungGCCollectionTime":0,"YoungGCCollectionTime":53,"SpanFullGCCollectionTime":0},"memoryMap":{"HeapMemoryMax":3817865216,"SurvivorUsed":2341800,"OldGenCommitted":86507520,"PermGenUsed":0,"NonHeapMemoryUsed":38465144,"OldGenMax":2863661056,"SurvivorInit":11010048,"PermGenCommitted":0,"PermGenMax":0,"OldGenUsed":7205448,"EdenSpaceUsed":101464760,"NonHeapMemoryCommitted":39649280,"HeapMemoryInit":268435456,"HeapMemoryCommitted":231735296,"SurvivorMax":11010048,"EdenSpaceCommitted":134217728,"OldGenInit":179306496,"EdenSpaceMax":1409286144,"SurvivorCommitted":11010048,"NonHeapMemoryMax":-1,"NonHeapMemoryInit":2555904,"HeapMemoryUsed":111012008,"EdenSpaceInit":67108864,"PermGenInit":0},"threadMap":{"ThreadCount":215,"TotalStartedThreadCount":696,"DeadLockedThreadCount":0,"ProcessCpuTimeRate":3.330,"DaemonThreadCount":211}},"pushJobNum":0,"receiveJobNum":0,"timestamp":1778724660000}], lts version: 1.7.3-SNAPSHOT, current host: 192.168.64.1
[lts] 2026-05-14 10:14:00,858 DEBUG [pool-1-thread-5] com.github.ltsopensource.core.logger.slf4j.Slf4jLogger.debug(32) | Add Monitor Data success, mNode={"identity":"TT_192.168.64.1_19784_10-03-55.606_1","nodeGroup":"test_trade_taskTracker","nodeType":"TASK_TRACKER"}, mData=[{"exeExceptionNum":0,"exeFailedNum":0,"exeLaterNum":0,"exeSuccessNum":0,"jvmMData":{"gcMap":{"FullGCCollectionTime":0,"SpanYoungGCCollectionCount":0,"SpanFullGCCollectionCount":0,"YoungGCCollectionCount":1,"FullGCCollectionCount":0,"SpanYoungGCCollectionTime":0,"YoungGCCollectionTime":18,"SpanFullGCCollectionTime":0},"memoryMap":{"HeapMemoryMax":3817865216,"SurvivorUsed":7829944,"OldGenCommitted":179306496,"PermGenUsed":0,"NonHeapMemoryUsed":20431784,"OldGenMax":2863661056,"SurvivorInit":11010048,"PermGenCommitted":0,"PermGenMax":0,"OldGenUsed":8192,"EdenSpaceUsed":6688136,"NonHeapMemoryCommitted":21168128,"HeapMemoryInit":268435456,"HeapMemoryCommitted":257425408,"SurvivorMax":11010048,"EdenSpaceCommitted":67108864,"OldGenInit":179306496,"EdenSpaceMax":1409286144,"SurvivorCommitted":11010048,"NonHeapMemoryMax":-1,"NonHeapMemoryInit":2555904,"HeapMemoryUsed":14526272,"EdenSpaceInit":67108864,"PermGenInit":0},"threadMap":{"ThreadCount":25,"TotalStartedThreadCount":28,"DeadLockedThreadCount":0,"ProcessCpuTimeRate":12.10,"DaemonThreadCount":22}},"timestamp":1778724180000,"totalRunningTime":0},{"exeExceptionNum":0,"exeFailedNum":0,"exeLaterNum":0,"exeSuccessNum":0,"jvmMData":{"gcMap":{"FullGCCollectionTime":0,"SpanYoungGCCollectionCount":0,"SpanFullGCCollectionCount":0,"YoungGCCollectionCount":1,"FullGCCollectionCount":0,"SpanYoungGCCollectionTime":0,"YoungGCCollectionTime":18,"SpanFullGCCollectionTime":0},"memoryMap":{"HeapMemoryMax":3817865216,"SurvivorUsed":7829944,"OldGenCommitted":179306496,"PermGenUsed":0,"NonHeapMemoryUsed":21548768,"OldGenMax":2863661056,"SurvivorInit":11010048,"PermGenCommitted":0,"PermGenMax":0,"OldGenUsed":8192,"EdenSpaceUsed":14087256,"NonHeapMemoryCommitted":22413312,"HeapMemoryInit":268435456,"HeapMemoryCommitted":257425408,"SurvivorMax":11010048,"EdenSpaceCommitted":67108864,"OldGenInit":179306496,"EdenSpaceMax":1409286144,"SurvivorCommitted":11010048,"NonHeapMemoryMax":-1,"NonHeapMemoryInit":2555904,"HeapMemoryUsed":21925392,"EdenSpaceInit":67108864,"PermGenInit":0},"threadMap":{"ThreadCount":24,"TotalStartedThreadCount":28,"DeadLockedThreadCount":0,"ProcessCpuTimeRate":3.338,"DaemonThreadCount":21}},"timestamp":1778724240000,"totalRunningTime":0},{"exeExceptionNum":0,"exeFailedNum":0,"exeLaterNum":0,"exeSuccessNum":0,"jvmMData":{"gcMap":{"FullGCCollectionTime":0,"SpanYoungGCCollectionCount":0,"SpanFullGCCollectionCount":0,"YoungGCCollectionCount":1,"FullGCCollectionCount":0,"SpanYoungGCCollectionTime":0,"YoungGCCollectionTime":18,"SpanFullGCCollectionTime":0},"memoryMap":{"HeapMemoryMax":3817865216,"SurvivorUsed":7829944,"OldGenCommitted":179306496,"PermGenUsed":0,"NonHeapMemoryUsed":21989680,"OldGenMax":2863661056,"SurvivorInit":11010048,"PermGenCommitted":0,"PermGenMax":0,"OldGenUsed":8192,"EdenSpaceUsed":16791488,"NonHeapMemoryCommitted":22806528,"HeapMemoryInit":268435456,"HeapMemoryCommitted":257425408,"SurvivorMax":11010048,"EdenSpaceCommitted":67108864,"OldGenInit":179306496,"EdenSpaceMax":1409286144,"SurvivorCommitted":11010048,"NonHeapMemoryMax":-1,"NonHeapMemoryInit":2555904,"HeapMemoryUsed":24629624,"EdenSpaceInit":67108864,"PermGenInit":0},"threadMap":{"ThreadCount":24,"TotalStartedThreadCount":28,"DeadLockedThreadCount":0,"ProcessCpuTimeRate":2.289,"DaemonThreadCount":21}},"timestamp":1778724300000,"totalRunningTime":0},{"exeExceptionNum":0,"exeFailedNum":0,"exeLaterNum":0,"exeSuccessNum":0,"jvmMData":{"gcMap":{"FullGCCollectionTime":0,"SpanYoungGCCollectionCount":0,"SpanFullGCCollectionCount":0,"YoungGCCollectionCount":1,"FullGCCollectionCount":0,"SpanYoungGCCollectionTime":0,"YoungGCCollectionTime":18,"SpanFullGCCollectionTime":0},"memoryMap":{"HeapMemoryMax":3817865216,"SurvivorUsed":7829944,"OldGenCommitted":179306496,"PermGenUsed":0,"NonHeapMemoryUsed":21988632,"OldGenMax":2863661056,"SurvivorInit":11010048,"PermGenCommitted":0,"PermGenMax":0,"OldGenUsed":8192,"EdenSpaceUsed":18808208,"NonHeapMemoryCommitted":23003136,"HeapMemoryInit":268435456,"HeapMemoryCommitted":257425408,"SurvivorMax":11010048,"EdenSpaceCommitted":67108864,"OldGenInit":179306496,"EdenSpaceMax":1409286144,"SurvivorCommitted":11010048,"NonHeapMemoryMax":-1,"NonHeapMemoryInit":2555904,"HeapMemoryUsed":26646344,"EdenSpaceInit":67108864,"PermGenInit":0},"threadMap":{"ThreadCount":24,"TotalStartedThreadCount":28,"DeadLockedThreadCount":0,"ProcessCpuTimeRate":2.171,"DaemonThreadCount":21}},"timestamp":1778724360000,"totalRunningTime":0},{"exeExceptionNum":0,"exeFailedNum":0,"exeLaterNum":0,"exeSuccessNum":0,"jvmMData":{"gcMap":{"FullGCCollectionTime":0,"SpanYoungGCCollectionCount":0,"SpanFullGCCollectionCount":0,"YoungGCCollectionCount":1,"FullGCCollectionCount":0,"SpanYoungGCCollectionTime":0,"YoungGCCollectionTime":18,"SpanFullGCCollectionTime":0},"memoryMap":{"HeapMemoryMax":3817865216,"SurvivorUsed":7829944,"OldGenCommitted":179306496,"PermGenUsed":0,"NonHeapMemoryUsed":22197712,"OldGenMax":2863661056,"SurvivorInit":11010048,"PermGenCommitted":0,"PermGenMax":0,"OldGenUsed":8192,"EdenSpaceUsed":23538952,"NonHeapMemoryCommitted":23003136,"HeapMemoryInit":268435456,"HeapMemoryCommitted":257425408,"SurvivorMax":11010048,"EdenSpaceCommitted":67108864,"OldGenInit":179306496,"EdenSpaceMax":1409286144,"SurvivorCommitted":11010048,"NonHeapMemoryMax":-1,"NonHeapMemoryInit":2555904,"HeapMemoryUsed":31377088,"EdenSpaceInit":67108864,"PermGenInit":0},"threadMap":{"ThreadCount":24,"TotalStartedThreadCount":28,"DeadLockedThreadCount":0,"ProcessCpuTimeRate":2.075,"DaemonThreadCount":21}},"timestamp":1778724420000,"totalRunningTime":0},{"exeExceptionNum":0,"exeFailedNum":0,"exeLaterNum":0,"exeSuccessNum":0,"jvmMData":{"gcMap":{"FullGCCollectionTime":0,"SpanYoungGCCollectionCount":0,"SpanFullGCCollectionCount":0,"YoungGCCollectionCount":1,"FullGCCollectionCount":0,"SpanYoungGCCollectionTime":0,"YoungGCCollectionTime":18,"SpanFullGCCollectionTime":0},"memoryMap":{"HeapMemoryMax":3817865216,"SurvivorUsed":7829944,"OldGenCommitted":179306496,"PermGenUsed":0,"NonHeapMemoryUsed":22475176,"OldGenMax":2863661056,"SurvivorInit":11010048,"PermGenCommitted":0,"PermGenMax":0,"OldGenUsed":8192,"EdenSpaceUsed":25552312,"NonHeapMemoryCommitted":23396352,"HeapMemoryInit":268435456,"HeapMemoryCommitted":257425408,"SurvivorMax":11010048,"EdenSpaceCommitted":67108864,"OldGenInit":179306496,"EdenSpaceMax":1409286144,"SurvivorCommitted":11010048,"NonHeapMemoryMax":-1,"NonHeapMemoryInit":2555904,"HeapMemoryUsed":33390448,"EdenSpaceInit":67108864,"PermGenInit":0},"threadMap":{"ThreadCount":24,"TotalStartedThreadCount":28,"DeadLockedThreadCount":0,"ProcessCpuTimeRate":2.404,"DaemonThreadCount":21}},"timestamp":1778724480000,"totalRunningTime":0},{"exeExceptionNum":0,"exeFailedNum":0,"exeLaterNum":0,"exeSuccessNum":0,"jvmMData":{"gcMap":{"FullGCCollectionTime":0,"SpanYoungGCCollectionCount":0,"SpanFullGCCollectionCount":0,"YoungGCCollectionCount":1,"FullGCCollectionCount":0,"SpanYoungGCCollectionTime":0,"YoungGCCollectionTime":18,"SpanFullGCCollectionTime":0},"memoryMap":{"HeapMemoryMax":3817865216,"SurvivorUsed":7829944,"OldGenCommitted":179306496,"PermGenUsed":0,"NonHeapMemoryUsed":22553792,"OldGenMax":2863661056,"SurvivorInit":11010048,"PermGenCommitted":0,"PermGenMax":0,"OldGenUsed":8192,"EdenSpaceUsed":28276760,"NonHeapMemoryCommitted":23461888,"HeapMemoryInit":268435456,"HeapMemoryCommitted":257425408,"SurvivorMax":11010048,"EdenSpaceCommitted":67108864,"OldGenInit":179306496,"EdenSpaceMax":1409286144,"SurvivorCommitted":11010048,"NonHeapMemoryMax":-1,"NonHeapMemoryInit":2555904,"HeapMemoryUsed":36114896,"EdenSpaceInit":67108864,"PermGenInit":0},"threadMap":{"ThreadCount":24,"TotalStartedThreadCount":28,"DeadLockedThreadCount":0,"ProcessCpuTimeRate":2.029,"DaemonThreadCount":21}},"timestamp":1778724540000,"totalRunningTime":0},{"exeExceptionNum":0,"exeFailedNum":0,"exeLaterNum":0,"exeSuccessNum":0,"jvmMData":{"gcMap":{"FullGCCollectionTime":0,"SpanYoungGCCollectionCount":0,"SpanFullGCCollectionCount":0,"YoungGCCollectionCount":1,"FullGCCollectionCount":0,"SpanYoungGCCollectionTime":0,"YoungGCCollectionTime":18,"SpanFullGCCollectionTime":0},"memoryMap":{"HeapMemoryMax":3817865216,"SurvivorUsed":7829944,"OldGenCommitted":179306496,"PermGenUsed":0,"NonHeapMemoryUsed":22749224,"OldGenMax":2863661056,"SurvivorInit":11010048,"PermGenCommitted":0,"PermGenMax":0,"OldGenUsed":8192,"EdenSpaceUsed":30993144,"NonHeapMemoryCommitted":23592960,"HeapMemoryInit":268435456,"HeapMemoryCommitted":257425408,"SurvivorMax":11010048,"EdenSpaceCommitted":67108864,"OldGenInit":179306496,"EdenSpaceMax":1409286144,"SurvivorCommitted":11010048,"NonHeapMemoryMax":-1,"NonHeapMemoryInit":2555904,"HeapMemoryUsed":38831280,"EdenSpaceInit":67108864,"PermGenInit":0},"threadMap":{"ThreadCount":24,"TotalStartedThreadCount":28,"DeadLockedThreadCount":0,"ProcessCpuTimeRate":1.943,"DaemonThreadCount":21}},"timestamp":1778724600000,"totalRunningTime":0},{"exeExceptionNum":0,"exeFailedNum":0,"exeLaterNum":0,"exeSuccessNum":0,"jvmMData":{"gcMap":{"FullGCCollectionTime":0,"SpanYoungGCCollectionCount":0,"SpanFullGCCollectionCount":0,"YoungGCCollectionCount":1,"FullGCCollectionCount":0,"SpanYoungGCCollectionTime":0,"YoungGCCollectionTime":18,"SpanFullGCCollectionTime":0},"memoryMap":{"HeapMemoryMax":3817865216,"SurvivorUsed":7829944,"OldGenCommitted":179306496,"PermGenUsed":0,"NonHeapMemoryUsed":22875216,"OldGenMax":2863661056,"SurvivorInit":11010048,"PermGenCommitted":0,"PermGenMax":0,"OldGenUsed":8192,"EdenSpaceUsed":34362312,"NonHeapMemoryCommitted":23724032,"HeapMemoryInit":268435456,"HeapMemoryCommitted":257425408,"SurvivorMax":11010048,"EdenSpaceCommitted":67108864,"OldGenInit":179306496,"EdenSpaceMax":1409286144,"SurvivorCommitted":11010048,"NonHeapMemoryMax":-1,"NonHeapMemoryInit":2555904,"HeapMemoryUsed":42200448,"EdenSpaceInit":67108864,"PermGenInit":0},"threadMap":{"ThreadCount":24,"TotalStartedThreadCount":28,"DeadLockedThreadCount":0,"ProcessCpuTimeRate":1.731,"DaemonThreadCount":21}},"timestamp":1778724660000,"totalRunningTime":0},{"exeExceptionNum":0,"exeFailedNum":0,"exeLaterNum":0,"exeSuccessNum":0,"jvmMData":{"gcMap":{"FullGCCollectionTime":0,"SpanYoungGCCollectionCount":0,"SpanFullGCCollectionCount":0,"YoungGCCollectionCount":1,"FullGCCollectionCount":0,"SpanYoungGCCollectionTime":0,"YoungGCCollectionTime":18,"SpanFullGCCollectionTime":0},"memoryMap":{"HeapMemoryMax":3817865216,"SurvivorUsed":7829944,"OldGenCommitted":179306496,"PermGenUsed":0,"NonHeapMemoryUsed":23121600,"OldGenMax":2863661056,"SurvivorInit":11010048,"PermGenCommitted":0,"PermGenMax":0,"OldGenUsed":8192,"EdenSpaceUsed":36375672,"NonHeapMemoryCommitted":24051712,"HeapMemoryInit":268435456,"HeapMemoryCommitted":257425408,"SurvivorMax":11010048,"EdenSpaceCommitted":67108864,"OldGenInit":179306496,"EdenSpaceMax":1409286144,"SurvivorCommitted":11010048,"NonHeapMemoryMax":-1,"NonHeapMemoryInit":2555904,"HeapMemoryUsed":44213808,"EdenSpaceInit":67108864,"PermGenInit":0},"threadMap":{"ThreadCount":24,"TotalStartedThreadCount":28,"DeadLockedThreadCount":0,"ProcessCpuTimeRate":2.058,"DaemonThreadCount":21}},"timestamp":1778724720000,"totalRunningTime":0}], lts version: 1.7.3-SNAPSHOT, current host: 192.168.64.1
[lts] 2026-05-14 10:15:01,020 DEBUG [pool-1-thread-8] com.github.ltsopensource.core.logger.slf4j.Slf4jLogger.debug(32) | 
    INSERT 
    INTO
        `
        lts_admin_job_tracker_monitor_data`(
            `gmt_created`, `identity`, `timestamp`, `receive_job_num`, `push_job_num`, `exe_success_num`, `exe_failed_num`, `exe_later_num`, `exe_exception_num`, `fix_executing_job_num`
        ) 
    VALUES
        (?,?,?,?,?,?,?,?,?,?), lts version: 1.7.3-SNAPSHOT, current host: 192.168.64.1
[lts] 2026-05-14 10:15:01,037 DEBUG [pool-1-thread-7] com.github.ltsopensource.core.logger.slf4j.Slf4jLogger.debug(32) | 
    INSERT 
    INTO
        `
        lts_admin_task_tracker_monitor_data`(
            `gmt_created`, `node_group`, `identity`, `timestamp`, `exe_success_num`, `exe_failed_num`, `exe_later_num`, `exe_exception_num`, `total_running_time`
        ) 
    VALUES
        (?,?,?,?,?,?,?,?,?), lts version: 1.7.3-SNAPSHOT, current host: 192.168.64.1
[lts] 2026-05-14 10:15:01,069 DEBUG [pool-1-thread-8] com.github.ltsopensource.core.logger.slf4j.Slf4jLogger.debug(32) | 
    INSERT 
    INTO
        `
        lts_admin_jvm_gc`(
            `gmt_created`, `identity`, `timestamp`, `node_type`, `node_group`, `young_gc_collection_count`, `young_gc_collection_time`, `full_gc_collection_count`, `full_gc_collection_time`, `span_young_gc_collection_count`, `span_young_gc_collection_time`, `span_full_gc_collection_count`, `span_full_gc_collection_time`
        ) 
    VALUES
        (?,?,?,?,?,?,?,?,?,?,?,?,?), lts version: 1.7.3-SNAPSHOT, current host: 192.168.64.1
[lts] 2026-05-14 10:15:01,069 DEBUG [pool-1-thread-7] com.github.ltsopensource.core.logger.slf4j.Slf4jLogger.debug(32) | 
    INSERT 
    INTO
        `
        lts_admin_jvm_gc`(
            `gmt_created`, `identity`, `timestamp`, `node_type`, `node_group`, `young_gc_collection_count`, `young_gc_collection_time`, `full_gc_collection_count`, `full_gc_collection_time`, `span_young_gc_collection_count`, `span_young_gc_collection_time`, `span_full_gc_collection_count`, `span_full_gc_collection_time`
        ) 
    VALUES
        (?,?,?,?,?,?,?,?,?,?,?,?,?), lts version: 1.7.3-SNAPSHOT, current host: 192.168.64.1
[lts] 2026-05-14 10:15:01,085 DEBUG [pool-1-thread-8] com.github.ltsopensource.core.logger.slf4j.Slf4jLogger.debug(32) | 
    INSERT 
    INTO
        `
        lts_admin_jvm_memory`(
            `gmt_created`, `identity`, `timestamp`, `node_type`, `node_group`, `heap_memory_committed`, `heap_memory_init`, `heap_memory_max`, `heap_memory_used`, `non_heap_memory_committed`, `non_heap_memory_init`, `non_heap_memory_max`, `non_heap_memory_used`, `perm_gen_committed`, `perm_gen_init`, `perm_gen_max`, `perm_gen_used`, `old_gen_committed`, `old_gen_init`, `old_gen_max`, `old_gen_used`, `eden_space_committed`, `eden_space_init`, `eden_space_max`, `eden_space_used`, `survivor_committed`, `survivor_init`, `survivor_max`, `survivor_used`
        ) 
    VALUES
        (?,?,?,?,?,?,?,?,?,?,?,?,?,?,?,?,?,?,?,?,?,?,?,?,?,?,?,?,?), lts version: 1.7.3-SNAPSHOT, current host: 192.168.64.1
[lts] 2026-05-14 10:15:01,086 DEBUG [pool-1-thread-7] com.github.ltsopensource.core.logger.slf4j.Slf4jLogger.debug(32) | 
    INSERT 
    INTO
        `
        lts_admin_jvm_memory`(
            `gmt_created`, `identity`, `timestamp`, `node_type`, `node_group`, `heap_memory_committed`, `heap_memory_init`, `heap_memory_max`, `heap_memory_used`, `non_heap_memory_committed`, `non_heap_memory_init`, `non_heap_memory_max`, `non_heap_memory_used`, `perm_gen_committed`, `perm_gen_init`, `perm_gen_max`, `perm_gen_used`, `old_gen_committed`, `old_gen_init`, `old_gen_max`, `old_gen_used`, `eden_space_committed`, `eden_space_init`, `eden_space_max`, `eden_space_used`, `survivor_committed`, `survivor_init`, `survivor_max`, `survivor_used`
        ) 
    VALUES
        (?,?,?,?,?,?,?,?,?,?,?,?,?,?,?,?,?,?,?,?,?,?,?,?,?,?,?,?,?), lts version: 1.7.3-SNAPSHOT, current host: 192.168.64.1
[lts] 2026-05-14 10:15:01,100 DEBUG [pool-1-thread-7] com.github.ltsopensource.core.logger.slf4j.Slf4jLogger.debug(32) | 
    INSERT 
    INTO
        `
        lts_admin_jvm_thread`(
            `gmt_created`, `identity`, `timestamp`, `node_type`, `node_group`, `daemon_thread_count`, `thread_count`, `total_started_thread_count`, `dead_locked_thread_count`, `process_cpu_time_rate`
        ) 
    VALUES
        (?,?,?,?,?,?,?,?,?,?), lts version: 1.7.3-SNAPSHOT, current host: 192.168.64.1
[lts] 2026-05-14 10:15:01,100 DEBUG [pool-1-thread-8] com.github.ltsopensource.core.logger.slf4j.Slf4jLogger.debug(32) | 
    INSERT 
    INTO
        `
        lts_admin_jvm_thread`(
            `gmt_created`, `identity`, `timestamp`, `node_type`, `node_group`, `daemon_thread_count`, `thread_count`, `total_started_thread_count`, `dead_locked_thread_count`, `process_cpu_time_rate`
        ) 
    VALUES
        (?,?,?,?,?,?,?,?,?,?), lts version: 1.7.3-SNAPSHOT, current host: 192.168.64.1
[lts] 2026-05-14 10:15:01,114 DEBUG [pool-1-thread-8] com.github.ltsopensource.core.logger.slf4j.Slf4jLogger.debug(32) | Add Monitor Data success, mNode={"identity":"JT_192.168.64.1_19709_10-02-49.861_1","nodeGroup":"lts","nodeType":"JOB_TRACKER"}, mData=[{"exeExceptionNum":0,"exeFailedNum":0,"exeLaterNum":0,"exeSuccessNum":0,"fixExecutingJobNum":0,"jvmMData":{"gcMap":{"FullGCCollectionTime":14,"SpanYoungGCCollectionCount":0,"SpanFullGCCollectionCount":0,"YoungGCCollectionCount":2,"FullGCCollectionCount":1,"SpanYoungGCCollectionTime":0,"YoungGCCollectionTime":39,"SpanFullGCCollectionTime":0},"memoryMap":{"HeapMemoryMax":3817865216,"SurvivorUsed":0,"OldGenCommitted":86507520,"PermGenUsed":0,"NonHeapMemoryUsed":30571448,"OldGenMax":2863661056,"SurvivorInit":11010048,"PermGenCommitted":0,"PermGenMax":0,"OldGenUsed":7197256,"EdenSpaceUsed":27307064,"NonHeapMemoryCommitted":31637504,"HeapMemoryInit":268435456,"HeapMemoryCommitted":231735296,"SurvivorMax":11010048,"EdenSpaceCommitted":134217728,"OldGenInit":179306496,"EdenSpaceMax":1409286144,"SurvivorCommitted":11010048,"NonHeapMemoryMax":-1,"NonHeapMemoryInit":2555904,"HeapMemoryUsed":34504320,"EdenSpaceInit":67108864,"PermGenInit":0},"threadMap":{"ThreadCount":30,"TotalStartedThreadCount":34,"DeadLockedThreadCount":0,"ProcessCpuTimeRate":5.441,"DaemonThreadCount":27}},"pushJobNum":0,"receiveJobNum":0,"timestamp":1778724120000},{"exeExceptionNum":0,"exeFailedNum":0,"exeLaterNum":0,"exeSuccessNum":0,"fixExecutingJobNum":0,"jvmMData":{"gcMap":{"FullGCCollectionTime":14,"SpanYoungGCCollectionCount":0,"SpanFullGCCollectionCount":0,"YoungGCCollectionCount":2,"FullGCCollectionCount":1,"SpanYoungGCCollectionTime":0,"YoungGCCollectionTime":39,"SpanFullGCCollectionTime":0},"memoryMap":{"HeapMemoryMax":3817865216,"SurvivorUsed":0,"OldGenCommitted":86507520,"PermGenUsed":0,"NonHeapMemoryUsed":31927272,"OldGenMax":2863661056,"SurvivorInit":11010048,"PermGenCommitted":0,"PermGenMax":0,"OldGenUsed":7197256,"EdenSpaceUsed":41404560,"NonHeapMemoryCommitted":32899072,"HeapMemoryInit":268435456,"HeapMemoryCommitted":231735296,"SurvivorMax":11010048,"EdenSpaceCommitted":134217728,"OldGenInit":179306496,"EdenSpaceMax":1409286144,"SurvivorCommitted":11010048,"NonHeapMemoryMax":-1,"NonHeapMemoryInit":2555904,"HeapMemoryUsed":48601816,"EdenSpaceInit":67108864,"PermGenInit":0},"threadMap":{"ThreadCount":41,"TotalStartedThreadCount":49,"DeadLockedThreadCount":0,"ProcessCpuTimeRate":3.235,"DaemonThreadCount":37}},"pushJobNum":0,"receiveJobNum":0,"timestamp":1778724180000},{"exeExceptionNum":0,"exeFailedNum":0,"exeLaterNum":0,"exeSuccessNum":0,"fixExecutingJobNum":0,"jvmMData":{"gcMap":{"FullGCCollectionTime":14,"SpanYoungGCCollectionCount":1,"SpanFullGCCollectionCount":0,"YoungGCCollectionCount":3,"FullGCCollectionCount":1,"SpanYoungGCCollectionTime":14,"YoungGCCollectionTime":53,"SpanFullGCCollectionTime":0},"memoryMap":{"HeapMemoryMax":3817865216,"SurvivorUsed":2341800,"OldGenCommitted":86507520,"PermGenUsed":0,"NonHeapMemoryUsed":33150888,"OldGenMax":2863661056,"SurvivorInit":11010048,"PermGenCommitted":0,"PermGenMax":0,"OldGenUsed":7205448,"EdenSpaceUsed":20897976,"NonHeapMemoryCommitted":34275328,"HeapMemoryInit":268435456,"HeapMemoryCommitted":231735296,"SurvivorMax":11010048,"EdenSpaceCommitted":134217728,"OldGenInit":179306496,"EdenSpaceMax":1409286144,"SurvivorCommitted":11010048,"NonHeapMemoryMax":-1,"NonHeapMemoryInit":2555904,"HeapMemoryUsed":30445224,"EdenSpaceInit":67108864,"PermGenInit":0},"threadMap":{"ThreadCount":196,"TotalStartedThreadCount":262,"DeadLockedThreadCount":0,"ProcessCpuTimeRate":6.438,"DaemonThreadCount":192}},"pushJobNum":0,"receiveJobNum":0,"timestamp":1778724240000},{"exeExceptionNum":0,"exeFailedNum":0,"exeLaterNum":0,"exeSuccessNum":0,"fixExecutingJobNum":0,"jvmMData":{"gcMap":{"FullGCCollectionTime":14,"SpanYoungGCCollectionCount":0,"SpanFullGCCollectionCount":0,"YoungGCCollectionCount":3,"FullGCCollectionCount":1,"SpanYoungGCCollectionTime":0,"YoungGCCollectionTime":53,"SpanFullGCCollectionTime":0},"memoryMap":{"HeapMemoryMax":3817865216,"SurvivorUsed":2341800,"OldGenCommitted":86507520,"PermGenUsed":0,"NonHeapMemoryUsed":34708688,"OldGenMax":2863661056,"SurvivorInit":11010048,"PermGenCommitted":0,"PermGenMax":0,"OldGenUsed":7205448,"EdenSpaceUsed":60142632,"NonHeapMemoryCommitted":35782656,"HeapMemoryInit":268435456,"HeapMemoryCommitted":231735296,"SurvivorMax":11010048,"EdenSpaceCommitted":134217728,"OldGenInit":179306496,"EdenSpaceMax":1409286144,"SurvivorCommitted":11010048,"NonHeapMemoryMax":-1,"NonHeapMemoryInit":2555904,"HeapMemoryUsed":69689880,"EdenSpaceInit":67108864,"PermGenInit":0},"threadMap":{"ThreadCount":215,"TotalStartedThreadCount":340,"DeadLockedThreadCount":0,"ProcessCpuTimeRate":4.987,"DaemonThreadCount":211}},"pushJobNum":0,"receiveJobNum":0,"timestamp":1778724300000},{"exeExceptionNum":0,"exeFailedNum":0,"exeLaterNum":0,"exeSuccessNum":0,"fixExecutingJobNum":0,"jvmMData":{"gcMap":{"FullGCCollectionTime":14,"SpanYoungGCCollectionCount":0,"SpanFullGCCollectionCount":0,"YoungGCCollectionCount":3,"FullGCCollectionCount":1,"SpanYoungGCCollectionTime":0,"YoungGCCollectionTime":53,"SpanFullGCCollectionTime":0},"memoryMap":{"HeapMemoryMax":3817865216,"SurvivorUsed":2341800,"OldGenCommitted":86507520,"PermGenUsed":0,"NonHeapMemoryUsed":35370336,"OldGenMax":2863661056,"SurvivorInit":11010048,"PermGenCommitted":0,"PermGenMax":0,"OldGenUsed":7205448,"EdenSpaceUsed":69433392,"NonHeapMemoryCommitted":36372480,"HeapMemoryInit":268435456,"HeapMemoryCommitted":231735296,"SurvivorMax":11010048,"EdenSpaceCommitted":134217728,"OldGenInit":179306496,"EdenSpaceMax":1409286144,"SurvivorCommitted":11010048,"NonHeapMemoryMax":-1,"NonHeapMemoryInit":2555904,"HeapMemoryUsed":78980640,"EdenSpaceInit":67108864,"PermGenInit":0},"threadMap":{"ThreadCount":215,"TotalStartedThreadCount":400,"DeadLockedThreadCount":0,"ProcessCpuTimeRate":4.004,"DaemonThreadCount":211}},"pushJobNum":0,"receiveJobNum":0,"timestamp":1778724360000},{"exeExceptionNum":0,"exeFailedNum":0,"exeLaterNum":0,"exeSuccessNum":0,"fixExecutingJobNum":0,"jvmMData":{"gcMap":{"FullGCCollectionTime":14,"SpanYoungGCCollectionCount":0,"SpanFullGCCollectionCount":0,"YoungGCCollectionCount":3,"FullGCCollectionCount":1,"SpanYoungGCCollectionTime":0,"YoungGCCollectionTime":53,"SpanFullGCCollectionTime":0},"memoryMap":{"HeapMemoryMax":3817865216,"SurvivorUsed":2341800,"OldGenCommitted":86507520,"PermGenUsed":0,"NonHeapMemoryUsed":36527472,"OldGenMax":2863661056,"SurvivorInit":11010048,"PermGenCommitted":0,"PermGenMax":0,"OldGenUsed":7205448,"EdenSpaceUsed":75563112,"NonHeapMemoryCommitted":37552128,"HeapMemoryInit":268435456,"HeapMemoryCommitted":231735296,"SurvivorMax":11010048,"EdenSpaceCommitted":134217728,"OldGenInit":179306496,"EdenSpaceMax":1409286144,"SurvivorCommitted":11010048,"NonHeapMemoryMax":-1,"NonHeapMemoryInit":2555904,"HeapMemoryUsed":85110360,"EdenSpaceInit":67108864,"PermGenInit":0},"threadMap":{"ThreadCount":215,"TotalStartedThreadCount":460,"DeadLockedThreadCount":0,"ProcessCpuTimeRate":5.054,"DaemonThreadCount":211}},"pushJobNum":0,"receiveJobNum":0,"timestamp":1778724420000},{"exeExceptionNum":0,"exeFailedNum":0,"exeLaterNum":0,"exeSuccessNum":0,"fixExecutingJobNum":0,"jvmMData":{"gcMap":{"FullGCCollectionTime":14,"SpanYoungGCCollectionCount":0,"SpanFullGCCollectionCount":0,"YoungGCCollectionCount":3,"FullGCCollectionCount":1,"SpanYoungGCCollectionTime":0,"YoungGCCollectionTime":53,"SpanFullGCCollectionTime":0},"memoryMap":{"HeapMemoryMax":3817865216,"SurvivorUsed":2341800,"OldGenCommitted":86507520,"PermGenUsed":0,"NonHeapMemoryUsed":37098240,"OldGenMax":2863661056,"SurvivorInit":11010048,"PermGenCommitted":0,"PermGenMax":0,"OldGenUsed":7205448,"EdenSpaceUsed":81165552,"NonHeapMemoryCommitted":38010880,"HeapMemoryInit":268435456,"HeapMemoryCommitted":231735296,"SurvivorMax":11010048,"EdenSpaceCommitted":134217728,"OldGenInit":179306496,"EdenSpaceMax":1409286144,"SurvivorCommitted":11010048,"NonHeapMemoryMax":-1,"NonHeapMemoryInit":2555904,"HeapMemoryUsed":90712800,"EdenSpaceInit":67108864,"PermGenInit":0},"threadMap":{"ThreadCount":215,"TotalStartedThreadCount":518,"DeadLockedThreadCount":0,"ProcessCpuTimeRate":4.220,"DaemonThreadCount":211}},"pushJobNum":0,"receiveJobNum":0,"timestamp":1778724480000},{"exeExceptionNum":0,"exeFailedNum":0,"exeLaterNum":0,"exeSuccessNum":0,"fixExecutingJobNum":0,"jvmMData":{"gcMap":{"FullGCCollectionTime":14,"SpanYoungGCCollectionCount":0,"SpanFullGCCollectionCount":0,"YoungGCCollectionCount":3,"FullGCCollectionCount":1,"SpanYoungGCCollectionTime":0,"YoungGCCollectionTime":53,"SpanFullGCCollectionTime":0},"memoryMap":{"HeapMemoryMax":3817865216,"SurvivorUsed":2341800,"OldGenCommitted":86507520,"PermGenUsed":0,"NonHeapMemoryUsed":37775888,"OldGenMax":2863661056,"SurvivorInit":11010048,"PermGenCommitted":0,"PermGenMax":0,"OldGenUsed":7205448,"EdenSpaceUsed":87675712,"NonHeapMemoryCommitted":38797312,"HeapMemoryInit":268435456,"HeapMemoryCommitted":231735296,"SurvivorMax":11010048,"EdenSpaceCommitted":134217728,"OldGenInit":179306496,"EdenSpaceMax":1409286144,"SurvivorCommitted":11010048,"NonHeapMemoryMax":-1,"NonHeapMemoryInit":2555904,"HeapMemoryUsed":97222960,"EdenSpaceInit":67108864,"PermGenInit":0},"threadMap":{"ThreadCount":215,"TotalStartedThreadCount":578,"DeadLockedThreadCount":0,"ProcessCpuTimeRate":3.795,"DaemonThreadCount":211}},"pushJobNum":0,"receiveJobNum":0,"timestamp":1778724540000},{"exeExceptionNum":0,"exeFailedNum":0,"exeLaterNum":0,"exeSuccessNum":0,"fixExecutingJobNum":0,"jvmMData":{"gcMap":{"FullGCCollectionTime":14,"SpanYoungGCCollectionCount":0,"SpanFullGCCollectionCount":0,"YoungGCCollectionCount":3,"FullGCCollectionCount":1,"SpanYoungGCCollectionTime":0,"YoungGCCollectionTime":53,"SpanFullGCCollectionTime":0},"memoryMap":{"HeapMemoryMax":3817865216,"SurvivorUsed":2341800,"OldGenCommitted":86507520,"PermGenUsed":0,"NonHeapMemoryUsed":38210672,"OldGenMax":2863661056,"SurvivorInit":11010048,"PermGenCommitted":0,"PermGenMax":0,"OldGenUsed":7205448,"EdenSpaceUsed":94224568,"NonHeapMemoryCommitted":39190528,"HeapMemoryInit":268435456,"HeapMemoryCommitted":231735296,"SurvivorMax":11010048,"EdenSpaceCommitted":134217728,"OldGenInit":179306496,"EdenSpaceMax":1409286144,"SurvivorCommitted":11010048,"NonHeapMemoryMax":-1,"NonHeapMemoryInit":2555904,"HeapMemoryUsed":103771816,"EdenSpaceInit":67108864,"PermGenInit":0},"threadMap":{"ThreadCount":215,"TotalStartedThreadCount":638,"DeadLockedThreadCount":0,"ProcessCpuTimeRate":3.745,"DaemonThreadCount":211}},"pushJobNum":0,"receiveJobNum":0,"timestamp":1778724600000},{"exeExceptionNum":0,"exeFailedNum":0,"exeLaterNum":0,"exeSuccessNum":0,"fixExecutingJobNum":0,"jvmMData":{"gcMap":{"FullGCCollectionTime":14,"SpanYoungGCCollectionCount":0,"SpanFullGCCollectionCount":0,"YoungGCCollectionCount":3,"FullGCCollectionCount":1,"SpanYoungGCCollectionTime":0,"YoungGCCollectionTime":53,"SpanFullGCCollectionTime":0},"memoryMap":{"HeapMemoryMax":3817865216,"SurvivorUsed":2341800,"OldGenCommitted":86507520,"PermGenUsed":0,"NonHeapMemoryUsed":38465144,"OldGenMax":2863661056,"SurvivorInit":11010048,"PermGenCommitted":0,"PermGenMax":0,"OldGenUsed":7205448,"EdenSpaceUsed":101464760,"NonHeapMemoryCommitted":39649280,"HeapMemoryInit":268435456,"HeapMemoryCommitted":231735296,"SurvivorMax":11010048,"EdenSpaceCommitted":134217728,"OldGenInit":179306496,"EdenSpaceMax":1409286144,"SurvivorCommitted":11010048,"NonHeapMemoryMax":-1,"NonHeapMemoryInit":2555904,"HeapMemoryUsed":111012008,"EdenSpaceInit":67108864,"PermGenInit":0},"threadMap":{"ThreadCount":215,"TotalStartedThreadCount":696,"DeadLockedThreadCount":0,"ProcessCpuTimeRate":3.330,"DaemonThreadCount":211}},"pushJobNum":0,"receiveJobNum":0,"timestamp":1778724660000}], lts version: 1.7.3-SNAPSHOT, current host: 192.168.64.1
[lts] 2026-05-14 10:15:01,114 DEBUG [pool-1-thread-7] com.github.ltsopensource.core.logger.slf4j.Slf4jLogger.debug(32) | Add Monitor Data success, mNode={"identity":"TT_192.168.64.1_19784_10-03-55.606_1","nodeGroup":"test_trade_taskTracker","nodeType":"TASK_TRACKER"}, mData=[{"exeExceptionNum":0,"exeFailedNum":0,"exeLaterNum":0,"exeSuccessNum":0,"jvmMData":{"gcMap":{"FullGCCollectionTime":0,"SpanYoungGCCollectionCount":0,"SpanFullGCCollectionCount":0,"YoungGCCollectionCount":1,"FullGCCollectionCount":0,"SpanYoungGCCollectionTime":0,"YoungGCCollectionTime":18,"SpanFullGCCollectionTime":0},"memoryMap":{"HeapMemoryMax":3817865216,"SurvivorUsed":7829944,"OldGenCommitted":179306496,"PermGenUsed":0,"NonHeapMemoryUsed":20431784,"OldGenMax":2863661056,"SurvivorInit":11010048,"PermGenCommitted":0,"PermGenMax":0,"OldGenUsed":8192,"EdenSpaceUsed":6688136,"NonHeapMemoryCommitted":21168128,"HeapMemoryInit":268435456,"HeapMemoryCommitted":257425408,"SurvivorMax":11010048,"EdenSpaceCommitted":67108864,"OldGenInit":179306496,"EdenSpaceMax":1409286144,"SurvivorCommitted":11010048,"NonHeapMemoryMax":-1,"NonHeapMemoryInit":2555904,"HeapMemoryUsed":14526272,"EdenSpaceInit":67108864,"PermGenInit":0},"threadMap":{"ThreadCount":25,"TotalStartedThreadCount":28,"DeadLockedThreadCount":0,"ProcessCpuTimeRate":12.10,"DaemonThreadCount":22}},"timestamp":1778724180000,"totalRunningTime":0},{"exeExceptionNum":0,"exeFailedNum":0,"exeLaterNum":0,"exeSuccessNum":0,"jvmMData":{"gcMap":{"FullGCCollectionTime":0,"SpanYoungGCCollectionCount":0,"SpanFullGCCollectionCount":0,"YoungGCCollectionCount":1,"FullGCCollectionCount":0,"SpanYoungGCCollectionTime":0,"YoungGCCollectionTime":18,"SpanFullGCCollectionTime":0},"memoryMap":{"HeapMemoryMax":3817865216,"SurvivorUsed":7829944,"OldGenCommitted":179306496,"PermGenUsed":0,"NonHeapMemoryUsed":21548768,"OldGenMax":2863661056,"SurvivorInit":11010048,"PermGenCommitted":0,"PermGenMax":0,"OldGenUsed":8192,"EdenSpaceUsed":14087256,"NonHeapMemoryCommitted":22413312,"HeapMemoryInit":268435456,"HeapMemoryCommitted":257425408,"SurvivorMax":11010048,"EdenSpaceCommitted":67108864,"OldGenInit":179306496,"EdenSpaceMax":1409286144,"SurvivorCommitted":11010048,"NonHeapMemoryMax":-1,"NonHeapMemoryInit":2555904,"HeapMemoryUsed":21925392,"EdenSpaceInit":67108864,"PermGenInit":0},"threadMap":{"ThreadCount":24,"TotalStartedThreadCount":28,"DeadLockedThreadCount":0,"ProcessCpuTimeRate":3.338,"DaemonThreadCount":21}},"timestamp":1778724240000,"totalRunningTime":0},{"exeExceptionNum":0,"exeFailedNum":0,"exeLaterNum":0,"exeSuccessNum":0,"jvmMData":{"gcMap":{"FullGCCollectionTime":0,"SpanYoungGCCollectionCount":0,"SpanFullGCCollectionCount":0,"YoungGCCollectionCount":1,"FullGCCollectionCount":0,"SpanYoungGCCollectionTime":0,"YoungGCCollectionTime":18,"SpanFullGCCollectionTime":0},"memoryMap":{"HeapMemoryMax":3817865216,"SurvivorUsed":7829944,"OldGenCommitted":179306496,"PermGenUsed":0,"NonHeapMemoryUsed":21989680,"OldGenMax":2863661056,"SurvivorInit":11010048,"PermGenCommitted":0,"PermGenMax":0,"OldGenUsed":8192,"EdenSpaceUsed":16791488,"NonHeapMemoryCommitted":22806528,"HeapMemoryInit":268435456,"HeapMemoryCommitted":257425408,"SurvivorMax":11010048,"EdenSpaceCommitted":67108864,"OldGenInit":179306496,"EdenSpaceMax":1409286144,"SurvivorCommitted":11010048,"NonHeapMemoryMax":-1,"NonHeapMemoryInit":2555904,"HeapMemoryUsed":24629624,"EdenSpaceInit":67108864,"PermGenInit":0},"threadMap":{"ThreadCount":24,"TotalStartedThreadCount":28,"DeadLockedThreadCount":0,"ProcessCpuTimeRate":2.289,"DaemonThreadCount":21}},"timestamp":1778724300000,"totalRunningTime":0},{"exeExceptionNum":0,"exeFailedNum":0,"exeLaterNum":0,"exeSuccessNum":0,"jvmMData":{"gcMap":{"FullGCCollectionTime":0,"SpanYoungGCCollectionCount":0,"SpanFullGCCollectionCount":0,"YoungGCCollectionCount":1,"FullGCCollectionCount":0,"SpanYoungGCCollectionTime":0,"YoungGCCollectionTime":18,"SpanFullGCCollectionTime":0},"memoryMap":{"HeapMemoryMax":3817865216,"SurvivorUsed":7829944,"OldGenCommitted":179306496,"PermGenUsed":0,"NonHeapMemoryUsed":21988632,"OldGenMax":2863661056,"SurvivorInit":11010048,"PermGenCommitted":0,"PermGenMax":0,"OldGenUsed":8192,"EdenSpaceUsed":18808208,"NonHeapMemoryCommitted":23003136,"HeapMemoryInit":268435456,"HeapMemoryCommitted":257425408,"SurvivorMax":11010048,"EdenSpaceCommitted":67108864,"OldGenInit":179306496,"EdenSpaceMax":1409286144,"SurvivorCommitted":11010048,"NonHeapMemoryMax":-1,"NonHeapMemoryInit":2555904,"HeapMemoryUsed":26646344,"EdenSpaceInit":67108864,"PermGenInit":0},"threadMap":{"ThreadCount":24,"TotalStartedThreadCount":28,"DeadLockedThreadCount":0,"ProcessCpuTimeRate":2.171,"DaemonThreadCount":21}},"timestamp":1778724360000,"totalRunningTime":0},{"exeExceptionNum":0,"exeFailedNum":0,"exeLaterNum":0,"exeSuccessNum":0,"jvmMData":{"gcMap":{"FullGCCollectionTime":0,"SpanYoungGCCollectionCount":0,"SpanFullGCCollectionCount":0,"YoungGCCollectionCount":1,"FullGCCollectionCount":0,"SpanYoungGCCollectionTime":0,"YoungGCCollectionTime":18,"SpanFullGCCollectionTime":0},"memoryMap":{"HeapMemoryMax":3817865216,"SurvivorUsed":7829944,"OldGenCommitted":179306496,"PermGenUsed":0,"NonHeapMemoryUsed":22197712,"OldGenMax":2863661056,"SurvivorInit":11010048,"PermGenCommitted":0,"PermGenMax":0,"OldGenUsed":8192,"EdenSpaceUsed":23538952,"NonHeapMemoryCommitted":23003136,"HeapMemoryInit":268435456,"HeapMemoryCommitted":257425408,"SurvivorMax":11010048,"EdenSpaceCommitted":67108864,"OldGenInit":179306496,"EdenSpaceMax":1409286144,"SurvivorCommitted":11010048,"NonHeapMemoryMax":-1,"NonHeapMemoryInit":2555904,"HeapMemoryUsed":31377088,"EdenSpaceInit":67108864,"PermGenInit":0},"threadMap":{"ThreadCount":24,"TotalStartedThreadCount":28,"DeadLockedThreadCount":0,"ProcessCpuTimeRate":2.075,"DaemonThreadCount":21}},"timestamp":1778724420000,"totalRunningTime":0},{"exeExceptionNum":0,"exeFailedNum":0,"exeLaterNum":0,"exeSuccessNum":0,"jvmMData":{"gcMap":{"FullGCCollectionTime":0,"SpanYoungGCCollectionCount":0,"SpanFullGCCollectionCount":0,"YoungGCCollectionCount":1,"FullGCCollectionCount":0,"SpanYoungGCCollectionTime":0,"YoungGCCollectionTime":18,"SpanFullGCCollectionTime":0},"memoryMap":{"HeapMemoryMax":3817865216,"SurvivorUsed":7829944,"OldGenCommitted":179306496,"PermGenUsed":0,"NonHeapMemoryUsed":22475176,"OldGenMax":2863661056,"SurvivorInit":11010048,"PermGenCommitted":0,"PermGenMax":0,"OldGenUsed":8192,"EdenSpaceUsed":25552312,"NonHeapMemoryCommitted":23396352,"HeapMemoryInit":268435456,"HeapMemoryCommitted":257425408,"SurvivorMax":11010048,"EdenSpaceCommitted":67108864,"OldGenInit":179306496,"EdenSpaceMax":1409286144,"SurvivorCommitted":11010048,"NonHeapMemoryMax":-1,"NonHeapMemoryInit":2555904,"HeapMemoryUsed":33390448,"EdenSpaceInit":67108864,"PermGenInit":0},"threadMap":{"ThreadCount":24,"TotalStartedThreadCount":28,"DeadLockedThreadCount":0,"ProcessCpuTimeRate":2.404,"DaemonThreadCount":21}},"timestamp":1778724480000,"totalRunningTime":0},{"exeExceptionNum":0,"exeFailedNum":0,"exeLaterNum":0,"exeSuccessNum":0,"jvmMData":{"gcMap":{"FullGCCollectionTime":0,"SpanYoungGCCollectionCount":0,"SpanFullGCCollectionCount":0,"YoungGCCollectionCount":1,"FullGCCollectionCount":0,"SpanYoungGCCollectionTime":0,"YoungGCCollectionTime":18,"SpanFullGCCollectionTime":0},"memoryMap":{"HeapMemoryMax":3817865216,"SurvivorUsed":7829944,"OldGenCommitted":179306496,"PermGenUsed":0,"NonHeapMemoryUsed":22553792,"OldGenMax":2863661056,"SurvivorInit":11010048,"PermGenCommitted":0,"PermGenMax":0,"OldGenUsed":8192,"EdenSpaceUsed":28276760,"NonHeapMemoryCommitted":23461888,"HeapMemoryInit":268435456,"HeapMemoryCommitted":257425408,"SurvivorMax":11010048,"EdenSpaceCommitted":67108864,"OldGenInit":179306496,"EdenSpaceMax":1409286144,"SurvivorCommitted":11010048,"NonHeapMemoryMax":-1,"NonHeapMemoryInit":2555904,"HeapMemoryUsed":36114896,"EdenSpaceInit":67108864,"PermGenInit":0},"threadMap":{"ThreadCount":24,"TotalStartedThreadCount":28,"DeadLockedThreadCount":0,"ProcessCpuTimeRate":2.029,"DaemonThreadCount":21}},"timestamp":1778724540000,"totalRunningTime":0},{"exeExceptionNum":0,"exeFailedNum":0,"exeLaterNum":0,"exeSuccessNum":0,"jvmMData":{"gcMap":{"FullGCCollectionTime":0,"SpanYoungGCCollectionCount":0,"SpanFullGCCollectionCount":0,"YoungGCCollectionCount":1,"FullGCCollectionCount":0,"SpanYoungGCCollectionTime":0,"YoungGCCollectionTime":18,"SpanFullGCCollectionTime":0},"memoryMap":{"HeapMemoryMax":3817865216,"SurvivorUsed":7829944,"OldGenCommitted":179306496,"PermGenUsed":0,"NonHeapMemoryUsed":22749224,"OldGenMax":2863661056,"SurvivorInit":11010048,"PermGenCommitted":0,"PermGenMax":0,"OldGenUsed":8192,"EdenSpaceUsed":30993144,"NonHeapMemoryCommitted":23592960,"HeapMemoryInit":268435456,"HeapMemoryCommitted":257425408,"SurvivorMax":11010048,"EdenSpaceCommitted":67108864,"OldGenInit":179306496,"EdenSpaceMax":1409286144,"SurvivorCommitted":11010048,"NonHeapMemoryMax":-1,"NonHeapMemoryInit":2555904,"HeapMemoryUsed":38831280,"EdenSpaceInit":67108864,"PermGenInit":0},"threadMap":{"ThreadCount":24,"TotalStartedThreadCount":28,"DeadLockedThreadCount":0,"ProcessCpuTimeRate":1.943,"DaemonThreadCount":21}},"timestamp":1778724600000,"totalRunningTime":0},{"exeExceptionNum":0,"exeFailedNum":0,"exeLaterNum":0,"exeSuccessNum":0,"jvmMData":{"gcMap":{"FullGCCollectionTime":0,"SpanYoungGCCollectionCount":0,"SpanFullGCCollectionCount":0,"YoungGCCollectionCount":1,"FullGCCollectionCount":0,"SpanYoungGCCollectionTime":0,"YoungGCCollectionTime":18,"SpanFullGCCollectionTime":0},"memoryMap":{"HeapMemoryMax":3817865216,"SurvivorUsed":7829944,"OldGenCommitted":179306496,"PermGenUsed":0,"NonHeapMemoryUsed":22875216,"OldGenMax":2863661056,"SurvivorInit":11010048,"PermGenCommitted":0,"PermGenMax":0,"OldGenUsed":8192,"EdenSpaceUsed":34362312,"NonHeapMemoryCommitted":23724032,"HeapMemoryInit":268435456,"HeapMemoryCommitted":257425408,"SurvivorMax":11010048,"EdenSpaceCommitted":67108864,"OldGenInit":179306496,"EdenSpaceMax":1409286144,"SurvivorCommitted":11010048,"NonHeapMemoryMax":-1,"NonHeapMemoryInit":2555904,"HeapMemoryUsed":42200448,"EdenSpaceInit":67108864,"PermGenInit":0},"threadMap":{"ThreadCount":24,"TotalStartedThreadCount":28,"DeadLockedThreadCount":0,"ProcessCpuTimeRate":1.731,"DaemonThreadCount":21}},"timestamp":1778724660000,"totalRunningTime":0},{"exeExceptionNum":0,"exeFailedNum":0,"exeLaterNum":0,"exeSuccessNum":0,"jvmMData":{"gcMap":{"FullGCCollectionTime":0,"SpanYoungGCCollectionCount":0,"SpanFullGCCollectionCount":0,"YoungGCCollectionCount":1,"FullGCCollectionCount":0,"SpanYoungGCCollectionTime":0,"YoungGCCollectionTime":18,"SpanFullGCCollectionTime":0},"memoryMap":{"HeapMemoryMax":3817865216,"SurvivorUsed":7829944,"OldGenCommitted":179306496,"PermGenUsed":0,"NonHeapMemoryUsed":23121600,"OldGenMax":2863661056,"SurvivorInit":11010048,"PermGenCommitted":0,"PermGenMax":0,"OldGenUsed":8192,"EdenSpaceUsed":36375672,"NonHeapMemoryCommitted":24051712,"HeapMemoryInit":268435456,"HeapMemoryCommitted":257425408,"SurvivorMax":11010048,"EdenSpaceCommitted":67108864,"OldGenInit":179306496,"EdenSpaceMax":1409286144,"SurvivorCommitted":11010048,"NonHeapMemoryMax":-1,"NonHeapMemoryInit":2555904,"HeapMemoryUsed":44213808,"EdenSpaceInit":67108864,"PermGenInit":0},"threadMap":{"ThreadCount":24,"TotalStartedThreadCount":28,"DeadLockedThreadCount":0,"ProcessCpuTimeRate":2.058,"DaemonThreadCount":21}},"timestamp":1778724720000,"totalRunningTime":0}], lts version: 1.7.3-SNAPSHOT, current host: 192.168.64.1
[lts] 2026-05-14 10:16:00,280 DEBUG [pool-1-thread-1] com.github.ltsopensource.core.logger.slf4j.Slf4jLogger.debug(32) | 
    INSERT 
    INTO
        `
        lts_admin_task_tracker_monitor_data`(
            `gmt_created`, `node_group`, `identity`, `timestamp`, `exe_success_num`, `exe_failed_num`, `exe_later_num`, `exe_exception_num`, `total_running_time`
        ) 
    VALUES
        (?,?,?,?,?,?,?,?,?), lts version: 1.7.3-SNAPSHOT, current host: 192.168.64.1
[lts] 2026-05-14 10:16:00,282 DEBUG [pool-1-thread-2] com.github.ltsopensource.core.logger.slf4j.Slf4jLogger.debug(32) | 
    INSERT 
    INTO
        `
        lts_admin_job_tracker_monitor_data`(
            `gmt_created`, `identity`, `timestamp`, `receive_job_num`, `push_job_num`, `exe_success_num`, `exe_failed_num`, `exe_later_num`, `exe_exception_num`, `fix_executing_job_num`
        ) 
    VALUES
        (?,?,?,?,?,?,?,?,?,?), lts version: 1.7.3-SNAPSHOT, current host: 192.168.64.1
[lts] 2026-05-14 10:16:00,363 DEBUG [pool-1-thread-2] com.github.ltsopensource.core.logger.slf4j.Slf4jLogger.debug(32) | 
    INSERT 
    INTO
        `
        lts_admin_jvm_gc`(
            `gmt_created`, `identity`, `timestamp`, `node_type`, `node_group`, `young_gc_collection_count`, `young_gc_collection_time`, `full_gc_collection_count`, `full_gc_collection_time`, `span_young_gc_collection_count`, `span_young_gc_collection_time`, `span_full_gc_collection_count`, `span_full_gc_collection_time`
        ) 
    VALUES
        (?,?,?,?,?,?,?,?,?,?,?,?,?), lts version: 1.7.3-SNAPSHOT, current host: 192.168.64.1
[lts] 2026-05-14 10:16:00,367 DEBUG [pool-1-thread-1] com.github.ltsopensource.core.logger.slf4j.Slf4jLogger.debug(32) | 
    INSERT 
    INTO
        `
        lts_admin_jvm_gc`(
            `gmt_created`, `identity`, `timestamp`, `node_type`, `node_group`, `young_gc_collection_count`, `young_gc_collection_time`, `full_gc_collection_count`, `full_gc_collection_time`, `span_young_gc_collection_count`, `span_young_gc_collection_time`, `span_full_gc_collection_count`, `span_full_gc_collection_time`
        ) 
    VALUES
        (?,?,?,?,?,?,?,?,?,?,?,?,?), lts version: 1.7.3-SNAPSHOT, current host: 192.168.64.1
[lts] 2026-05-14 10:16:00,404 DEBUG [pool-1-thread-1] com.github.ltsopensource.core.logger.slf4j.Slf4jLogger.debug(32) | 
    INSERT 
    INTO
        `
        lts_admin_jvm_memory`(
            `gmt_created`, `identity`, `timestamp`, `node_type`, `node_group`, `heap_memory_committed`, `heap_memory_init`, `heap_memory_max`, `heap_memory_used`, `non_heap_memory_committed`, `non_heap_memory_init`, `non_heap_memory_max`, `non_heap_memory_used`, `perm_gen_committed`, `perm_gen_init`, `perm_gen_max`, `perm_gen_used`, `old_gen_committed`, `old_gen_init`, `old_gen_max`, `old_gen_used`, `eden_space_committed`, `eden_space_init`, `eden_space_max`, `eden_space_used`, `survivor_committed`, `survivor_init`, `survivor_max`, `survivor_used`
        ) 
    VALUES
        (?,?,?,?,?,?,?,?,?,?,?,?,?,?,?,?,?,?,?,?,?,?,?,?,?,?,?,?,?), lts version: 1.7.3-SNAPSHOT, current host: 192.168.64.1
[lts] 2026-05-14 10:16:00,404 DEBUG [pool-1-thread-2] com.github.ltsopensource.core.logger.slf4j.Slf4jLogger.debug(32) | 
    INSERT 
    INTO
        `
        lts_admin_jvm_memory`(
            `gmt_created`, `identity`, `timestamp`, `node_type`, `node_group`, `heap_memory_committed`, `heap_memory_init`, `heap_memory_max`, `heap_memory_used`, `non_heap_memory_committed`, `non_heap_memory_init`, `non_heap_memory_max`, `non_heap_memory_used`, `perm_gen_committed`, `perm_gen_init`, `perm_gen_max`, `perm_gen_used`, `old_gen_committed`, `old_gen_init`, `old_gen_max`, `old_gen_used`, `eden_space_committed`, `eden_space_init`, `eden_space_max`, `eden_space_used`, `survivor_committed`, `survivor_init`, `survivor_max`, `survivor_used`
        ) 
    VALUES
        (?,?,?,?,?,?,?,?,?,?,?,?,?,?,?,?,?,?,?,?,?,?,?,?,?,?,?,?,?), lts version: 1.7.3-SNAPSHOT, current host: 192.168.64.1
[lts] 2026-05-14 10:16:00,442 DEBUG [pool-1-thread-2] com.github.ltsopensource.core.logger.slf4j.Slf4jLogger.debug(32) | 
    INSERT 
    INTO
        `
        lts_admin_jvm_thread`(
            `gmt_created`, `identity`, `timestamp`, `node_type`, `node_group`, `daemon_thread_count`, `thread_count`, `total_started_thread_count`, `dead_locked_thread_count`, `process_cpu_time_rate`
        ) 
    VALUES
        (?,?,?,?,?,?,?,?,?,?), lts version: 1.7.3-SNAPSHOT, current host: 192.168.64.1
[lts] 2026-05-14 10:16:00,442 DEBUG [pool-1-thread-1] com.github.ltsopensource.core.logger.slf4j.Slf4jLogger.debug(32) | 
    INSERT 
    INTO
        `
        lts_admin_jvm_thread`(
            `gmt_created`, `identity`, `timestamp`, `node_type`, `node_group`, `daemon_thread_count`, `thread_count`, `total_started_thread_count`, `dead_locked_thread_count`, `process_cpu_time_rate`
        ) 
    VALUES
        (?,?,?,?,?,?,?,?,?,?), lts version: 1.7.3-SNAPSHOT, current host: 192.168.64.1
[lts] 2026-05-14 10:16:00,460 DEBUG [pool-1-thread-1] com.github.ltsopensource.core.logger.slf4j.Slf4jLogger.debug(32) | Add Monitor Data success, mNode={"identity":"TT_192.168.64.1_19784_10-03-55.606_1","nodeGroup":"test_trade_taskTracker","nodeType":"TASK_TRACKER"}, mData=[{"exeExceptionNum":0,"exeFailedNum":0,"exeLaterNum":0,"exeSuccessNum":0,"jvmMData":{"gcMap":{"FullGCCollectionTime":0,"SpanYoungGCCollectionCount":0,"SpanFullGCCollectionCount":0,"YoungGCCollectionCount":1,"FullGCCollectionCount":0,"SpanYoungGCCollectionTime":0,"YoungGCCollectionTime":18,"SpanFullGCCollectionTime":0},"memoryMap":{"HeapMemoryMax":3817865216,"SurvivorUsed":7829944,"OldGenCommitted":179306496,"PermGenUsed":0,"NonHeapMemoryUsed":20431784,"OldGenMax":2863661056,"SurvivorInit":11010048,"PermGenCommitted":0,"PermGenMax":0,"OldGenUsed":8192,"EdenSpaceUsed":6688136,"NonHeapMemoryCommitted":21168128,"HeapMemoryInit":268435456,"HeapMemoryCommitted":257425408,"SurvivorMax":11010048,"EdenSpaceCommitted":67108864,"OldGenInit":179306496,"EdenSpaceMax":1409286144,"SurvivorCommitted":11010048,"NonHeapMemoryMax":-1,"NonHeapMemoryInit":2555904,"HeapMemoryUsed":14526272,"EdenSpaceInit":67108864,"PermGenInit":0},"threadMap":{"ThreadCount":25,"TotalStartedThreadCount":28,"DeadLockedThreadCount":0,"ProcessCpuTimeRate":12.10,"DaemonThreadCount":22}},"timestamp":1778724180000,"totalRunningTime":0},{"exeExceptionNum":0,"exeFailedNum":0,"exeLaterNum":0,"exeSuccessNum":0,"jvmMData":{"gcMap":{"FullGCCollectionTime":0,"SpanYoungGCCollectionCount":0,"SpanFullGCCollectionCount":0,"YoungGCCollectionCount":1,"FullGCCollectionCount":0,"SpanYoungGCCollectionTime":0,"YoungGCCollectionTime":18,"SpanFullGCCollectionTime":0},"memoryMap":{"HeapMemoryMax":3817865216,"SurvivorUsed":7829944,"OldGenCommitted":179306496,"PermGenUsed":0,"NonHeapMemoryUsed":21548768,"OldGenMax":2863661056,"SurvivorInit":11010048,"PermGenCommitted":0,"PermGenMax":0,"OldGenUsed":8192,"EdenSpaceUsed":14087256,"NonHeapMemoryCommitted":22413312,"HeapMemoryInit":268435456,"HeapMemoryCommitted":257425408,"SurvivorMax":11010048,"EdenSpaceCommitted":67108864,"OldGenInit":179306496,"EdenSpaceMax":1409286144,"SurvivorCommitted":11010048,"NonHeapMemoryMax":-1,"NonHeapMemoryInit":2555904,"HeapMemoryUsed":21925392,"EdenSpaceInit":67108864,"PermGenInit":0},"threadMap":{"ThreadCount":24,"TotalStartedThreadCount":28,"DeadLockedThreadCount":0,"ProcessCpuTimeRate":3.338,"DaemonThreadCount":21}},"timestamp":1778724240000,"totalRunningTime":0},{"exeExceptionNum":0,"exeFailedNum":0,"exeLaterNum":0,"exeSuccessNum":0,"jvmMData":{"gcMap":{"FullGCCollectionTime":0,"SpanYoungGCCollectionCount":0,"SpanFullGCCollectionCount":0,"YoungGCCollectionCount":1,"FullGCCollectionCount":0,"SpanYoungGCCollectionTime":0,"YoungGCCollectionTime":18,"SpanFullGCCollectionTime":0},"memoryMap":{"HeapMemoryMax":3817865216,"SurvivorUsed":7829944,"OldGenCommitted":179306496,"PermGenUsed":0,"NonHeapMemoryUsed":21989680,"OldGenMax":2863661056,"SurvivorInit":11010048,"PermGenCommitted":0,"PermGenMax":0,"OldGenUsed":8192,"EdenSpaceUsed":16791488,"NonHeapMemoryCommitted":22806528,"HeapMemoryInit":268435456,"HeapMemoryCommitted":257425408,"SurvivorMax":11010048,"EdenSpaceCommitted":67108864,"OldGenInit":179306496,"EdenSpaceMax":1409286144,"SurvivorCommitted":11010048,"NonHeapMemoryMax":-1,"NonHeapMemoryInit":2555904,"HeapMemoryUsed":24629624,"EdenSpaceInit":67108864,"PermGenInit":0},"threadMap":{"ThreadCount":24,"TotalStartedThreadCount":28,"DeadLockedThreadCount":0,"ProcessCpuTimeRate":2.289,"DaemonThreadCount":21}},"timestamp":1778724300000,"totalRunningTime":0},{"exeExceptionNum":0,"exeFailedNum":0,"exeLaterNum":0,"exeSuccessNum":0,"jvmMData":{"gcMap":{"FullGCCollectionTime":0,"SpanYoungGCCollectionCount":0,"SpanFullGCCollectionCount":0,"YoungGCCollectionCount":1,"FullGCCollectionCount":0,"SpanYoungGCCollectionTime":0,"YoungGCCollectionTime":18,"SpanFullGCCollectionTime":0},"memoryMap":{"HeapMemoryMax":3817865216,"SurvivorUsed":7829944,"OldGenCommitted":179306496,"PermGenUsed":0,"NonHeapMemoryUsed":21988632,"OldGenMax":2863661056,"SurvivorInit":11010048,"PermGenCommitted":0,"PermGenMax":0,"OldGenUsed":8192,"EdenSpaceUsed":18808208,"NonHeapMemoryCommitted":23003136,"HeapMemoryInit":268435456,"HeapMemoryCommitted":257425408,"SurvivorMax":11010048,"EdenSpaceCommitted":67108864,"OldGenInit":179306496,"EdenSpaceMax":1409286144,"SurvivorCommitted":11010048,"NonHeapMemoryMax":-1,"NonHeapMemoryInit":2555904,"HeapMemoryUsed":26646344,"EdenSpaceInit":67108864,"PermGenInit":0},"threadMap":{"ThreadCount":24,"TotalStartedThreadCount":28,"DeadLockedThreadCount":0,"ProcessCpuTimeRate":2.171,"DaemonThreadCount":21}},"timestamp":1778724360000,"totalRunningTime":0},{"exeExceptionNum":0,"exeFailedNum":0,"exeLaterNum":0,"exeSuccessNum":0,"jvmMData":{"gcMap":{"FullGCCollectionTime":0,"SpanYoungGCCollectionCount":0,"SpanFullGCCollectionCount":0,"YoungGCCollectionCount":1,"FullGCCollectionCount":0,"SpanYoungGCCollectionTime":0,"YoungGCCollectionTime":18,"SpanFullGCCollectionTime":0},"memoryMap":{"HeapMemoryMax":3817865216,"SurvivorUsed":7829944,"OldGenCommitted":179306496,"PermGenUsed":0,"NonHeapMemoryUsed":22197712,"OldGenMax":2863661056,"SurvivorInit":11010048,"PermGenCommitted":0,"PermGenMax":0,"OldGenUsed":8192,"EdenSpaceUsed":23538952,"NonHeapMemoryCommitted":23003136,"HeapMemoryInit":268435456,"HeapMemoryCommitted":257425408,"SurvivorMax":11010048,"EdenSpaceCommitted":67108864,"OldGenInit":179306496,"EdenSpaceMax":1409286144,"SurvivorCommitted":11010048,"NonHeapMemoryMax":-1,"NonHeapMemoryInit":2555904,"HeapMemoryUsed":31377088,"EdenSpaceInit":67108864,"PermGenInit":0},"threadMap":{"ThreadCount":24,"TotalStartedThreadCount":28,"DeadLockedThreadCount":0,"ProcessCpuTimeRate":2.075,"DaemonThreadCount":21}},"timestamp":1778724420000,"totalRunningTime":0},{"exeExceptionNum":0,"exeFailedNum":0,"exeLaterNum":0,"exeSuccessNum":0,"jvmMData":{"gcMap":{"FullGCCollectionTime":0,"SpanYoungGCCollectionCount":0,"SpanFullGCCollectionCount":0,"YoungGCCollectionCount":1,"FullGCCollectionCount":0,"SpanYoungGCCollectionTime":0,"YoungGCCollectionTime":18,"SpanFullGCCollectionTime":0},"memoryMap":{"HeapMemoryMax":3817865216,"SurvivorUsed":7829944,"OldGenCommitted":179306496,"PermGenUsed":0,"NonHeapMemoryUsed":22475176,"OldGenMax":2863661056,"SurvivorInit":11010048,"PermGenCommitted":0,"PermGenMax":0,"OldGenUsed":8192,"EdenSpaceUsed":25552312,"NonHeapMemoryCommitted":23396352,"HeapMemoryInit":268435456,"HeapMemoryCommitted":257425408,"SurvivorMax":11010048,"EdenSpaceCommitted":67108864,"OldGenInit":179306496,"EdenSpaceMax":1409286144,"SurvivorCommitted":11010048,"NonHeapMemoryMax":-1,"NonHeapMemoryInit":2555904,"HeapMemoryUsed":33390448,"EdenSpaceInit":67108864,"PermGenInit":0},"threadMap":{"ThreadCount":24,"TotalStartedThreadCount":28,"DeadLockedThreadCount":0,"ProcessCpuTimeRate":2.404,"DaemonThreadCount":21}},"timestamp":1778724480000,"totalRunningTime":0},{"exeExceptionNum":0,"exeFailedNum":0,"exeLaterNum":0,"exeSuccessNum":0,"jvmMData":{"gcMap":{"FullGCCollectionTime":0,"SpanYoungGCCollectionCount":0,"SpanFullGCCollectionCount":0,"YoungGCCollectionCount":1,"FullGCCollectionCount":0,"SpanYoungGCCollectionTime":0,"YoungGCCollectionTime":18,"SpanFullGCCollectionTime":0},"memoryMap":{"HeapMemoryMax":3817865216,"SurvivorUsed":7829944,"OldGenCommitted":179306496,"PermGenUsed":0,"NonHeapMemoryUsed":22553792,"OldGenMax":2863661056,"SurvivorInit":11010048,"PermGenCommitted":0,"PermGenMax":0,"OldGenUsed":8192,"EdenSpaceUsed":28276760,"NonHeapMemoryCommitted":23461888,"HeapMemoryInit":268435456,"HeapMemoryCommitted":257425408,"SurvivorMax":11010048,"EdenSpaceCommitted":67108864,"OldGenInit":179306496,"EdenSpaceMax":1409286144,"SurvivorCommitted":11010048,"NonHeapMemoryMax":-1,"NonHeapMemoryInit":2555904,"HeapMemoryUsed":36114896,"EdenSpaceInit":67108864,"PermGenInit":0},"threadMap":{"ThreadCount":24,"TotalStartedThreadCount":28,"DeadLockedThreadCount":0,"ProcessCpuTimeRate":2.029,"DaemonThreadCount":21}},"timestamp":1778724540000,"totalRunningTime":0},{"exeExceptionNum":0,"exeFailedNum":0,"exeLaterNum":0,"exeSuccessNum":0,"jvmMData":{"gcMap":{"FullGCCollectionTime":0,"SpanYoungGCCollectionCount":0,"SpanFullGCCollectionCount":0,"YoungGCCollectionCount":1,"FullGCCollectionCount":0,"SpanYoungGCCollectionTime":0,"YoungGCCollectionTime":18,"SpanFullGCCollectionTime":0},"memoryMap":{"HeapMemoryMax":3817865216,"SurvivorUsed":7829944,"OldGenCommitted":179306496,"PermGenUsed":0,"NonHeapMemoryUsed":22749224,"OldGenMax":2863661056,"SurvivorInit":11010048,"PermGenCommitted":0,"PermGenMax":0,"OldGenUsed":8192,"EdenSpaceUsed":30993144,"NonHeapMemoryCommitted":23592960,"HeapMemoryInit":268435456,"HeapMemoryCommitted":257425408,"SurvivorMax":11010048,"EdenSpaceCommitted":67108864,"OldGenInit":179306496,"EdenSpaceMax":1409286144,"SurvivorCommitted":11010048,"NonHeapMemoryMax":-1,"NonHeapMemoryInit":2555904,"HeapMemoryUsed":38831280,"EdenSpaceInit":67108864,"PermGenInit":0},"threadMap":{"ThreadCount":24,"TotalStartedThreadCount":28,"DeadLockedThreadCount":0,"ProcessCpuTimeRate":1.943,"DaemonThreadCount":21}},"timestamp":1778724600000,"totalRunningTime":0},{"exeExceptionNum":0,"exeFailedNum":0,"exeLaterNum":0,"exeSuccessNum":0,"jvmMData":{"gcMap":{"FullGCCollectionTime":0,"SpanYoungGCCollectionCount":0,"SpanFullGCCollectionCount":0,"YoungGCCollectionCount":1,"FullGCCollectionCount":0,"SpanYoungGCCollectionTime":0,"YoungGCCollectionTime":18,"SpanFullGCCollectionTime":0},"memoryMap":{"HeapMemoryMax":3817865216,"SurvivorUsed":7829944,"OldGenCommitted":179306496,"PermGenUsed":0,"NonHeapMemoryUsed":22875216,"OldGenMax":2863661056,"SurvivorInit":11010048,"PermGenCommitted":0,"PermGenMax":0,"OldGenUsed":8192,"EdenSpaceUsed":34362312,"NonHeapMemoryCommitted":23724032,"HeapMemoryInit":268435456,"HeapMemoryCommitted":257425408,"SurvivorMax":11010048,"EdenSpaceCommitted":67108864,"OldGenInit":179306496,"EdenSpaceMax":1409286144,"SurvivorCommitted":11010048,"NonHeapMemoryMax":-1,"NonHeapMemoryInit":2555904,"HeapMemoryUsed":42200448,"EdenSpaceInit":67108864,"PermGenInit":0},"threadMap":{"ThreadCount":24,"TotalStartedThreadCount":28,"DeadLockedThreadCount":0,"ProcessCpuTimeRate":1.731,"DaemonThreadCount":21}},"timestamp":1778724660000,"totalRunningTime":0},{"exeExceptionNum":0,"exeFailedNum":0,"exeLaterNum":0,"exeSuccessNum":0,"jvmMData":{"gcMap":{"FullGCCollectionTime":0,"SpanYoungGCCollectionCount":0,"SpanFullGCCollectionCount":0,"YoungGCCollectionCount":1,"FullGCCollectionCount":0,"SpanYoungGCCollectionTime":0,"YoungGCCollectionTime":18,"SpanFullGCCollectionTime":0},"memoryMap":{"HeapMemoryMax":3817865216,"SurvivorUsed":7829944,"OldGenCommitted":179306496,"PermGenUsed":0,"NonHeapMemoryUsed":23121600,"OldGenMax":2863661056,"SurvivorInit":11010048,"PermGenCommitted":0,"PermGenMax":0,"OldGenUsed":8192,"EdenSpaceUsed":36375672,"NonHeapMemoryCommitted":24051712,"HeapMemoryInit":268435456,"HeapMemoryCommitted":257425408,"SurvivorMax":11010048,"EdenSpaceCommitted":67108864,"OldGenInit":179306496,"EdenSpaceMax":1409286144,"SurvivorCommitted":11010048,"NonHeapMemoryMax":-1,"NonHeapMemoryInit":2555904,"HeapMemoryUsed":44213808,"EdenSpaceInit":67108864,"PermGenInit":0},"threadMap":{"ThreadCount":24,"TotalStartedThreadCount":28,"DeadLockedThreadCount":0,"ProcessCpuTimeRate":2.058,"DaemonThreadCount":21}},"timestamp":1778724720000,"totalRunningTime":0}], lts version: 1.7.3-SNAPSHOT, current host: 192.168.64.1
[lts] 2026-05-14 10:16:00,461 DEBUG [pool-1-thread-2] com.github.ltsopensource.core.logger.slf4j.Slf4jLogger.debug(32) | Add Monitor Data success, mNode={"identity":"JT_192.168.64.1_19709_10-02-49.861_1","nodeGroup":"lts","nodeType":"JOB_TRACKER"}, mData=[{"exeExceptionNum":0,"exeFailedNum":0,"exeLaterNum":0,"exeSuccessNum":0,"fixExecutingJobNum":0,"jvmMData":{"gcMap":{"FullGCCollectionTime":14,"SpanYoungGCCollectionCount":0,"SpanFullGCCollectionCount":0,"YoungGCCollectionCount":2,"FullGCCollectionCount":1,"SpanYoungGCCollectionTime":0,"YoungGCCollectionTime":39,"SpanFullGCCollectionTime":0},"memoryMap":{"HeapMemoryMax":3817865216,"SurvivorUsed":0,"OldGenCommitted":86507520,"PermGenUsed":0,"NonHeapMemoryUsed":30571448,"OldGenMax":2863661056,"SurvivorInit":11010048,"PermGenCommitted":0,"PermGenMax":0,"OldGenUsed":7197256,"EdenSpaceUsed":27307064,"NonHeapMemoryCommitted":31637504,"HeapMemoryInit":268435456,"HeapMemoryCommitted":231735296,"SurvivorMax":11010048,"EdenSpaceCommitted":134217728,"OldGenInit":179306496,"EdenSpaceMax":1409286144,"SurvivorCommitted":11010048,"NonHeapMemoryMax":-1,"NonHeapMemoryInit":2555904,"HeapMemoryUsed":34504320,"EdenSpaceInit":67108864,"PermGenInit":0},"threadMap":{"ThreadCount":30,"TotalStartedThreadCount":34,"DeadLockedThreadCount":0,"ProcessCpuTimeRate":5.441,"DaemonThreadCount":27}},"pushJobNum":0,"receiveJobNum":0,"timestamp":1778724120000},{"exeExceptionNum":0,"exeFailedNum":0,"exeLaterNum":0,"exeSuccessNum":0,"fixExecutingJobNum":0,"jvmMData":{"gcMap":{"FullGCCollectionTime":14,"SpanYoungGCCollectionCount":0,"SpanFullGCCollectionCount":0,"YoungGCCollectionCount":2,"FullGCCollectionCount":1,"SpanYoungGCCollectionTime":0,"YoungGCCollectionTime":39,"SpanFullGCCollectionTime":0},"memoryMap":{"HeapMemoryMax":3817865216,"SurvivorUsed":0,"OldGenCommitted":86507520,"PermGenUsed":0,"NonHeapMemoryUsed":31927272,"OldGenMax":2863661056,"SurvivorInit":11010048,"PermGenCommitted":0,"PermGenMax":0,"OldGenUsed":7197256,"EdenSpaceUsed":41404560,"NonHeapMemoryCommitted":32899072,"HeapMemoryInit":268435456,"HeapMemoryCommitted":231735296,"SurvivorMax":11010048,"EdenSpaceCommitted":134217728,"OldGenInit":179306496,"EdenSpaceMax":1409286144,"SurvivorCommitted":11010048,"NonHeapMemoryMax":-1,"NonHeapMemoryInit":2555904,"HeapMemoryUsed":48601816,"EdenSpaceInit":67108864,"PermGenInit":0},"threadMap":{"ThreadCount":41,"TotalStartedThreadCount":49,"DeadLockedThreadCount":0,"ProcessCpuTimeRate":3.235,"DaemonThreadCount":37}},"pushJobNum":0,"receiveJobNum":0,"timestamp":1778724180000},{"exeExceptionNum":0,"exeFailedNum":0,"exeLaterNum":0,"exeSuccessNum":0,"fixExecutingJobNum":0,"jvmMData":{"gcMap":{"FullGCCollectionTime":14,"SpanYoungGCCollectionCount":1,"SpanFullGCCollectionCount":0,"YoungGCCollectionCount":3,"FullGCCollectionCount":1,"SpanYoungGCCollectionTime":14,"YoungGCCollectionTime":53,"SpanFullGCCollectionTime":0},"memoryMap":{"HeapMemoryMax":3817865216,"SurvivorUsed":2341800,"OldGenCommitted":86507520,"PermGenUsed":0,"NonHeapMemoryUsed":33150888,"OldGenMax":2863661056,"SurvivorInit":11010048,"PermGenCommitted":0,"PermGenMax":0,"OldGenUsed":7205448,"EdenSpaceUsed":20897976,"NonHeapMemoryCommitted":34275328,"HeapMemoryInit":268435456,"HeapMemoryCommitted":231735296,"SurvivorMax":11010048,"EdenSpaceCommitted":134217728,"OldGenInit":179306496,"EdenSpaceMax":1409286144,"SurvivorCommitted":11010048,"NonHeapMemoryMax":-1,"NonHeapMemoryInit":2555904,"HeapMemoryUsed":30445224,"EdenSpaceInit":67108864,"PermGenInit":0},"threadMap":{"ThreadCount":196,"TotalStartedThreadCount":262,"DeadLockedThreadCount":0,"ProcessCpuTimeRate":6.438,"DaemonThreadCount":192}},"pushJobNum":0,"receiveJobNum":0,"timestamp":1778724240000},{"exeExceptionNum":0,"exeFailedNum":0,"exeLaterNum":0,"exeSuccessNum":0,"fixExecutingJobNum":0,"jvmMData":{"gcMap":{"FullGCCollectionTime":14,"SpanYoungGCCollectionCount":0,"SpanFullGCCollectionCount":0,"YoungGCCollectionCount":3,"FullGCCollectionCount":1,"SpanYoungGCCollectionTime":0,"YoungGCCollectionTime":53,"SpanFullGCCollectionTime":0},"memoryMap":{"HeapMemoryMax":3817865216,"SurvivorUsed":2341800,"OldGenCommitted":86507520,"PermGenUsed":0,"NonHeapMemoryUsed":34708688,"OldGenMax":2863661056,"SurvivorInit":11010048,"PermGenCommitted":0,"PermGenMax":0,"OldGenUsed":7205448,"EdenSpaceUsed":60142632,"NonHeapMemoryCommitted":35782656,"HeapMemoryInit":268435456,"HeapMemoryCommitted":231735296,"SurvivorMax":11010048,"EdenSpaceCommitted":134217728,"OldGenInit":179306496,"EdenSpaceMax":1409286144,"SurvivorCommitted":11010048,"NonHeapMemoryMax":-1,"NonHeapMemoryInit":2555904,"HeapMemoryUsed":69689880,"EdenSpaceInit":67108864,"PermGenInit":0},"threadMap":{"ThreadCount":215,"TotalStartedThreadCount":340,"DeadLockedThreadCount":0,"ProcessCpuTimeRate":4.987,"DaemonThreadCount":211}},"pushJobNum":0,"receiveJobNum":0,"timestamp":1778724300000},{"exeExceptionNum":0,"exeFailedNum":0,"exeLaterNum":0,"exeSuccessNum":0,"fixExecutingJobNum":0,"jvmMData":{"gcMap":{"FullGCCollectionTime":14,"SpanYoungGCCollectionCount":0,"SpanFullGCCollectionCount":0,"YoungGCCollectionCount":3,"FullGCCollectionCount":1,"SpanYoungGCCollectionTime":0,"YoungGCCollectionTime":53,"SpanFullGCCollectionTime":0},"memoryMap":{"HeapMemoryMax":3817865216,"SurvivorUsed":2341800,"OldGenCommitted":86507520,"PermGenUsed":0,"NonHeapMemoryUsed":35370336,"OldGenMax":2863661056,"SurvivorInit":11010048,"PermGenCommitted":0,"PermGenMax":0,"OldGenUsed":7205448,"EdenSpaceUsed":69433392,"NonHeapMemoryCommitted":36372480,"HeapMemoryInit":268435456,"HeapMemoryCommitted":231735296,"SurvivorMax":11010048,"EdenSpaceCommitted":134217728,"OldGenInit":179306496,"EdenSpaceMax":1409286144,"SurvivorCommitted":11010048,"NonHeapMemoryMax":-1,"NonHeapMemoryInit":2555904,"HeapMemoryUsed":78980640,"EdenSpaceInit":67108864,"PermGenInit":0},"threadMap":{"ThreadCount":215,"TotalStartedThreadCount":400,"DeadLockedThreadCount":0,"ProcessCpuTimeRate":4.004,"DaemonThreadCount":211}},"pushJobNum":0,"receiveJobNum":0,"timestamp":1778724360000},{"exeExceptionNum":0,"exeFailedNum":0,"exeLaterNum":0,"exeSuccessNum":0,"fixExecutingJobNum":0,"jvmMData":{"gcMap":{"FullGCCollectionTime":14,"SpanYoungGCCollectionCount":0,"SpanFullGCCollectionCount":0,"YoungGCCollectionCount":3,"FullGCCollectionCount":1,"SpanYoungGCCollectionTime":0,"YoungGCCollectionTime":53,"SpanFullGCCollectionTime":0},"memoryMap":{"HeapMemoryMax":3817865216,"SurvivorUsed":2341800,"OldGenCommitted":86507520,"PermGenUsed":0,"NonHeapMemoryUsed":36527472,"OldGenMax":2863661056,"SurvivorInit":11010048,"PermGenCommitted":0,"PermGenMax":0,"OldGenUsed":7205448,"EdenSpaceUsed":75563112,"NonHeapMemoryCommitted":37552128,"HeapMemoryInit":268435456,"HeapMemoryCommitted":231735296,"SurvivorMax":11010048,"EdenSpaceCommitted":134217728,"OldGenInit":179306496,"EdenSpaceMax":1409286144,"SurvivorCommitted":11010048,"NonHeapMemoryMax":-1,"NonHeapMemoryInit":2555904,"HeapMemoryUsed":85110360,"EdenSpaceInit":67108864,"PermGenInit":0},"threadMap":{"ThreadCount":215,"TotalStartedThreadCount":460,"DeadLockedThreadCount":0,"ProcessCpuTimeRate":5.054,"DaemonThreadCount":211}},"pushJobNum":0,"receiveJobNum":0,"timestamp":1778724420000},{"exeExceptionNum":0,"exeFailedNum":0,"exeLaterNum":0,"exeSuccessNum":0,"fixExecutingJobNum":0,"jvmMData":{"gcMap":{"FullGCCollectionTime":14,"SpanYoungGCCollectionCount":0,"SpanFullGCCollectionCount":0,"YoungGCCollectionCount":3,"FullGCCollectionCount":1,"SpanYoungGCCollectionTime":0,"YoungGCCollectionTime":53,"SpanFullGCCollectionTime":0},"memoryMap":{"HeapMemoryMax":3817865216,"SurvivorUsed":2341800,"OldGenCommitted":86507520,"PermGenUsed":0,"NonHeapMemoryUsed":37098240,"OldGenMax":2863661056,"SurvivorInit":11010048,"PermGenCommitted":0,"PermGenMax":0,"OldGenUsed":7205448,"EdenSpaceUsed":81165552,"NonHeapMemoryCommitted":38010880,"HeapMemoryInit":268435456,"HeapMemoryCommitted":231735296,"SurvivorMax":11010048,"EdenSpaceCommitted":134217728,"OldGenInit":179306496,"EdenSpaceMax":1409286144,"SurvivorCommitted":11010048,"NonHeapMemoryMax":-1,"NonHeapMemoryInit":2555904,"HeapMemoryUsed":90712800,"EdenSpaceInit":67108864,"PermGenInit":0},"threadMap":{"ThreadCount":215,"TotalStartedThreadCount":518,"DeadLockedThreadCount":0,"ProcessCpuTimeRate":4.220,"DaemonThreadCount":211}},"pushJobNum":0,"receiveJobNum":0,"timestamp":1778724480000},{"exeExceptionNum":0,"exeFailedNum":0,"exeLaterNum":0,"exeSuccessNum":0,"fixExecutingJobNum":0,"jvmMData":{"gcMap":{"FullGCCollectionTime":14,"SpanYoungGCCollectionCount":0,"SpanFullGCCollectionCount":0,"YoungGCCollectionCount":3,"FullGCCollectionCount":1,"SpanYoungGCCollectionTime":0,"YoungGCCollectionTime":53,"SpanFullGCCollectionTime":0},"memoryMap":{"HeapMemoryMax":3817865216,"SurvivorUsed":2341800,"OldGenCommitted":86507520,"PermGenUsed":0,"NonHeapMemoryUsed":37775888,"OldGenMax":2863661056,"SurvivorInit":11010048,"PermGenCommitted":0,"PermGenMax":0,"OldGenUsed":7205448,"EdenSpaceUsed":87675712,"NonHeapMemoryCommitted":38797312,"HeapMemoryInit":268435456,"HeapMemoryCommitted":231735296,"SurvivorMax":11010048,"EdenSpaceCommitted":134217728,"OldGenInit":179306496,"EdenSpaceMax":1409286144,"SurvivorCommitted":11010048,"NonHeapMemoryMax":-1,"NonHeapMemoryInit":2555904,"HeapMemoryUsed":97222960,"EdenSpaceInit":67108864,"PermGenInit":0},"threadMap":{"ThreadCount":215,"TotalStartedThreadCount":578,"DeadLockedThreadCount":0,"ProcessCpuTimeRate":3.795,"DaemonThreadCount":211}},"pushJobNum":0,"receiveJobNum":0,"timestamp":1778724540000},{"exeExceptionNum":0,"exeFailedNum":0,"exeLaterNum":0,"exeSuccessNum":0,"fixExecutingJobNum":0,"jvmMData":{"gcMap":{"FullGCCollectionTime":14,"SpanYoungGCCollectionCount":0,"SpanFullGCCollectionCount":0,"YoungGCCollectionCount":3,"FullGCCollectionCount":1,"SpanYoungGCCollectionTime":0,"YoungGCCollectionTime":53,"SpanFullGCCollectionTime":0},"memoryMap":{"HeapMemoryMax":3817865216,"SurvivorUsed":2341800,"OldGenCommitted":86507520,"PermGenUsed":0,"NonHeapMemoryUsed":38210672,"OldGenMax":2863661056,"SurvivorInit":11010048,"PermGenCommitted":0,"PermGenMax":0,"OldGenUsed":7205448,"EdenSpaceUsed":94224568,"NonHeapMemoryCommitted":39190528,"HeapMemoryInit":268435456,"HeapMemoryCommitted":231735296,"SurvivorMax":11010048,"EdenSpaceCommitted":134217728,"OldGenInit":179306496,"EdenSpaceMax":1409286144,"SurvivorCommitted":11010048,"NonHeapMemoryMax":-1,"NonHeapMemoryInit":2555904,"HeapMemoryUsed":103771816,"EdenSpaceInit":67108864,"PermGenInit":0},"threadMap":{"ThreadCount":215,"TotalStartedThreadCount":638,"DeadLockedThreadCount":0,"ProcessCpuTimeRate":3.745,"DaemonThreadCount":211}},"pushJobNum":0,"receiveJobNum":0,"timestamp":1778724600000},{"exeExceptionNum":0,"exeFailedNum":0,"exeLaterNum":0,"exeSuccessNum":0,"fixExecutingJobNum":0,"jvmMData":{"gcMap":{"FullGCCollectionTime":14,"SpanYoungGCCollectionCount":0,"SpanFullGCCollectionCount":0,"YoungGCCollectionCount":3,"FullGCCollectionCount":1,"SpanYoungGCCollectionTime":0,"YoungGCCollectionTime":53,"SpanFullGCCollectionTime":0},"memoryMap":{"HeapMemoryMax":3817865216,"SurvivorUsed":2341800,"OldGenCommitted":86507520,"PermGenUsed":0,"NonHeapMemoryUsed":38465144,"OldGenMax":2863661056,"SurvivorInit":11010048,"PermGenCommitted":0,"PermGenMax":0,"OldGenUsed":7205448,"EdenSpaceUsed":101464760,"NonHeapMemoryCommitted":39649280,"HeapMemoryInit":268435456,"HeapMemoryCommitted":231735296,"SurvivorMax":11010048,"EdenSpaceCommitted":134217728,"OldGenInit":179306496,"EdenSpaceMax":1409286144,"SurvivorCommitted":11010048,"NonHeapMemoryMax":-1,"NonHeapMemoryInit":2555904,"HeapMemoryUsed":111012008,"EdenSpaceInit":67108864,"PermGenInit":0},"threadMap":{"ThreadCount":215,"TotalStartedThreadCount":696,"DeadLockedThreadCount":0,"ProcessCpuTimeRate":3.330,"DaemonThreadCount":211}},"pushJobNum":0,"receiveJobNum":0,"timestamp":1778724660000}], lts version: 1.7.3-SNAPSHOT, current host: 192.168.64.1
[lts] 2026-05-14 10:17:00,626 DEBUG [pool-1-thread-3] com.github.ltsopensource.core.logger.slf4j.Slf4jLogger.debug(32) | 
    INSERT 
    INTO
        `
        lts_admin_job_tracker_monitor_data`(
            `gmt_created`, `identity`, `timestamp`, `receive_job_num`, `push_job_num`, `exe_success_num`, `exe_failed_num`, `exe_later_num`, `exe_exception_num`, `fix_executing_job_num`
        ) 
    VALUES
        (?,?,?,?,?,?,?,?,?,?), lts version: 1.7.3-SNAPSHOT, current host: 192.168.64.1
[lts] 2026-05-14 10:17:00,627 DEBUG [pool-1-thread-4] com.github.ltsopensource.core.logger.slf4j.Slf4jLogger.debug(32) | 
    INSERT 
    INTO
        `
        lts_admin_task_tracker_monitor_data`(
            `gmt_created`, `node_group`, `identity`, `timestamp`, `exe_success_num`, `exe_failed_num`, `exe_later_num`, `exe_exception_num`, `total_running_time`
        ) 
    VALUES
        (?,?,?,?,?,?,?,?,?), lts version: 1.7.3-SNAPSHOT, current host: 192.168.64.1
[lts] 2026-05-14 10:17:00,690 DEBUG [pool-1-thread-4] com.github.ltsopensource.core.logger.slf4j.Slf4jLogger.debug(32) | 
    INSERT 
    INTO
        `
        lts_admin_jvm_gc`(
            `gmt_created`, `identity`, `timestamp`, `node_type`, `node_group`, `young_gc_collection_count`, `young_gc_collection_time`, `full_gc_collection_count`, `full_gc_collection_time`, `span_young_gc_collection_count`, `span_young_gc_collection_time`, `span_full_gc_collection_count`, `span_full_gc_collection_time`
        ) 
    VALUES
        (?,?,?,?,?,?,?,?,?,?,?,?,?), lts version: 1.7.3-SNAPSHOT, current host: 192.168.64.1
[lts] 2026-05-14 10:17:00,690 DEBUG [pool-1-thread-3] com.github.ltsopensource.core.logger.slf4j.Slf4jLogger.debug(32) | 
    INSERT 
    INTO
        `
        lts_admin_jvm_gc`(
            `gmt_created`, `identity`, `timestamp`, `node_type`, `node_group`, `young_gc_collection_count`, `young_gc_collection_time`, `full_gc_collection_count`, `full_gc_collection_time`, `span_young_gc_collection_count`, `span_young_gc_collection_time`, `span_full_gc_collection_count`, `span_full_gc_collection_time`
        ) 
    VALUES
        (?,?,?,?,?,?,?,?,?,?,?,?,?), lts version: 1.7.3-SNAPSHOT, current host: 192.168.64.1
[lts] 2026-05-14 10:17:00,713 DEBUG [pool-1-thread-3] com.github.ltsopensource.core.logger.slf4j.Slf4jLogger.debug(32) | 
    INSERT 
    INTO
        `
        lts_admin_jvm_memory`(
            `gmt_created`, `identity`, `timestamp`, `node_type`, `node_group`, `heap_memory_committed`, `heap_memory_init`, `heap_memory_max`, `heap_memory_used`, `non_heap_memory_committed`, `non_heap_memory_init`, `non_heap_memory_max`, `non_heap_memory_used`, `perm_gen_committed`, `perm_gen_init`, `perm_gen_max`, `perm_gen_used`, `old_gen_committed`, `old_gen_init`, `old_gen_max`, `old_gen_used`, `eden_space_committed`, `eden_space_init`, `eden_space_max`, `eden_space_used`, `survivor_committed`, `survivor_init`, `survivor_max`, `survivor_used`
        ) 
    VALUES
        (?,?,?,?,?,?,?,?,?,?,?,?,?,?,?,?,?,?,?,?,?,?,?,?,?,?,?,?,?), lts version: 1.7.3-SNAPSHOT, current host: 192.168.64.1
[lts] 2026-05-14 10:17:00,713 DEBUG [pool-1-thread-4] com.github.ltsopensource.core.logger.slf4j.Slf4jLogger.debug(32) | 
    INSERT 
    INTO
        `
        lts_admin_jvm_memory`(
            `gmt_created`, `identity`, `timestamp`, `node_type`, `node_group`, `heap_memory_committed`, `heap_memory_init`, `heap_memory_max`, `heap_memory_used`, `non_heap_memory_committed`, `non_heap_memory_init`, `non_heap_memory_max`, `non_heap_memory_used`, `perm_gen_committed`, `perm_gen_init`, `perm_gen_max`, `perm_gen_used`, `old_gen_committed`, `old_gen_init`, `old_gen_max`, `old_gen_used`, `eden_space_committed`, `eden_space_init`, `eden_space_max`, `eden_space_used`, `survivor_committed`, `survivor_init`, `survivor_max`, `survivor_used`
        ) 
    VALUES
        (?,?,?,?,?,?,?,?,?,?,?,?,?,?,?,?,?,?,?,?,?,?,?,?,?,?,?,?,?), lts version: 1.7.3-SNAPSHOT, current host: 192.168.64.1
[lts] 2026-05-14 10:17:00,736 DEBUG [pool-1-thread-3] com.github.ltsopensource.core.logger.slf4j.Slf4jLogger.debug(32) | 
    INSERT 
    INTO
        `
        lts_admin_jvm_thread`(
            `gmt_created`, `identity`, `timestamp`, `node_type`, `node_group`, `daemon_thread_count`, `thread_count`, `total_started_thread_count`, `dead_locked_thread_count`, `process_cpu_time_rate`
        ) 
    VALUES
        (?,?,?,?,?,?,?,?,?,?), lts version: 1.7.3-SNAPSHOT, current host: 192.168.64.1
[lts] 2026-05-14 10:17:00,736 DEBUG [pool-1-thread-4] com.github.ltsopensource.core.logger.slf4j.Slf4jLogger.debug(32) | 
    INSERT 
    INTO
        `
        lts_admin_jvm_thread`(
            `gmt_created`, `identity`, `timestamp`, `node_type`, `node_group`, `daemon_thread_count`, `thread_count`, `total_started_thread_count`, `dead_locked_thread_count`, `process_cpu_time_rate`
        ) 
    VALUES
        (?,?,?,?,?,?,?,?,?,?), lts version: 1.7.3-SNAPSHOT, current host: 192.168.64.1
[lts] 2026-05-14 10:17:00,772 DEBUG [pool-1-thread-3] com.github.ltsopensource.core.logger.slf4j.Slf4jLogger.debug(32) | Add Monitor Data success, mNode={"identity":"JT_192.168.64.1_19709_10-02-49.861_1","nodeGroup":"lts","nodeType":"JOB_TRACKER"}, mData=[{"exeExceptionNum":0,"exeFailedNum":0,"exeLaterNum":0,"exeSuccessNum":0,"fixExecutingJobNum":0,"jvmMData":{"gcMap":{"FullGCCollectionTime":14,"SpanYoungGCCollectionCount":0,"SpanFullGCCollectionCount":0,"YoungGCCollectionCount":2,"FullGCCollectionCount":1,"SpanYoungGCCollectionTime":0,"YoungGCCollectionTime":39,"SpanFullGCCollectionTime":0},"memoryMap":{"HeapMemoryMax":3817865216,"SurvivorUsed":0,"OldGenCommitted":86507520,"PermGenUsed":0,"NonHeapMemoryUsed":30571448,"OldGenMax":2863661056,"SurvivorInit":11010048,"PermGenCommitted":0,"PermGenMax":0,"OldGenUsed":7197256,"EdenSpaceUsed":27307064,"NonHeapMemoryCommitted":31637504,"HeapMemoryInit":268435456,"HeapMemoryCommitted":231735296,"SurvivorMax":11010048,"EdenSpaceCommitted":134217728,"OldGenInit":179306496,"EdenSpaceMax":1409286144,"SurvivorCommitted":11010048,"NonHeapMemoryMax":-1,"NonHeapMemoryInit":2555904,"HeapMemoryUsed":34504320,"EdenSpaceInit":67108864,"PermGenInit":0},"threadMap":{"ThreadCount":30,"TotalStartedThreadCount":34,"DeadLockedThreadCount":0,"ProcessCpuTimeRate":5.441,"DaemonThreadCount":27}},"pushJobNum":0,"receiveJobNum":0,"timestamp":1778724120000},{"exeExceptionNum":0,"exeFailedNum":0,"exeLaterNum":0,"exeSuccessNum":0,"fixExecutingJobNum":0,"jvmMData":{"gcMap":{"FullGCCollectionTime":14,"SpanYoungGCCollectionCount":0,"SpanFullGCCollectionCount":0,"YoungGCCollectionCount":2,"FullGCCollectionCount":1,"SpanYoungGCCollectionTime":0,"YoungGCCollectionTime":39,"SpanFullGCCollectionTime":0},"memoryMap":{"HeapMemoryMax":3817865216,"SurvivorUsed":0,"OldGenCommitted":86507520,"PermGenUsed":0,"NonHeapMemoryUsed":31927272,"OldGenMax":2863661056,"SurvivorInit":11010048,"PermGenCommitted":0,"PermGenMax":0,"OldGenUsed":7197256,"EdenSpaceUsed":41404560,"NonHeapMemoryCommitted":32899072,"HeapMemoryInit":268435456,"HeapMemoryCommitted":231735296,"SurvivorMax":11010048,"EdenSpaceCommitted":134217728,"OldGenInit":179306496,"EdenSpaceMax":1409286144,"SurvivorCommitted":11010048,"NonHeapMemoryMax":-1,"NonHeapMemoryInit":2555904,"HeapMemoryUsed":48601816,"EdenSpaceInit":67108864,"PermGenInit":0},"threadMap":{"ThreadCount":41,"TotalStartedThreadCount":49,"DeadLockedThreadCount":0,"ProcessCpuTimeRate":3.235,"DaemonThreadCount":37}},"pushJobNum":0,"receiveJobNum":0,"timestamp":1778724180000},{"exeExceptionNum":0,"exeFailedNum":0,"exeLaterNum":0,"exeSuccessNum":0,"fixExecutingJobNum":0,"jvmMData":{"gcMap":{"FullGCCollectionTime":14,"SpanYoungGCCollectionCount":1,"SpanFullGCCollectionCount":0,"YoungGCCollectionCount":3,"FullGCCollectionCount":1,"SpanYoungGCCollectionTime":14,"YoungGCCollectionTime":53,"SpanFullGCCollectionTime":0},"memoryMap":{"HeapMemoryMax":3817865216,"SurvivorUsed":2341800,"OldGenCommitted":86507520,"PermGenUsed":0,"NonHeapMemoryUsed":33150888,"OldGenMax":2863661056,"SurvivorInit":11010048,"PermGenCommitted":0,"PermGenMax":0,"OldGenUsed":7205448,"EdenSpaceUsed":20897976,"NonHeapMemoryCommitted":34275328,"HeapMemoryInit":268435456,"HeapMemoryCommitted":231735296,"SurvivorMax":11010048,"EdenSpaceCommitted":134217728,"OldGenInit":179306496,"EdenSpaceMax":1409286144,"SurvivorCommitted":11010048,"NonHeapMemoryMax":-1,"NonHeapMemoryInit":2555904,"HeapMemoryUsed":30445224,"EdenSpaceInit":67108864,"PermGenInit":0},"threadMap":{"ThreadCount":196,"TotalStartedThreadCount":262,"DeadLockedThreadCount":0,"ProcessCpuTimeRate":6.438,"DaemonThreadCount":192}},"pushJobNum":0,"receiveJobNum":0,"timestamp":1778724240000},{"exeExceptionNum":0,"exeFailedNum":0,"exeLaterNum":0,"exeSuccessNum":0,"fixExecutingJobNum":0,"jvmMData":{"gcMap":{"FullGCCollectionTime":14,"SpanYoungGCCollectionCount":0,"SpanFullGCCollectionCount":0,"YoungGCCollectionCount":3,"FullGCCollectionCount":1,"SpanYoungGCCollectionTime":0,"YoungGCCollectionTime":53,"SpanFullGCCollectionTime":0},"memoryMap":{"HeapMemoryMax":3817865216,"SurvivorUsed":2341800,"OldGenCommitted":86507520,"PermGenUsed":0,"NonHeapMemoryUsed":34708688,"OldGenMax":2863661056,"SurvivorInit":11010048,"PermGenCommitted":0,"PermGenMax":0,"OldGenUsed":7205448,"EdenSpaceUsed":60142632,"NonHeapMemoryCommitted":35782656,"HeapMemoryInit":268435456,"HeapMemoryCommitted":231735296,"SurvivorMax":11010048,"EdenSpaceCommitted":134217728,"OldGenInit":179306496,"EdenSpaceMax":1409286144,"SurvivorCommitted":11010048,"NonHeapMemoryMax":-1,"NonHeapMemoryInit":2555904,"HeapMemoryUsed":69689880,"EdenSpaceInit":67108864,"PermGenInit":0},"threadMap":{"ThreadCount":215,"TotalStartedThreadCount":340,"DeadLockedThreadCount":0,"ProcessCpuTimeRate":4.987,"DaemonThreadCount":211}},"pushJobNum":0,"receiveJobNum":0,"timestamp":1778724300000},{"exeExceptionNum":0,"exeFailedNum":0,"exeLaterNum":0,"exeSuccessNum":0,"fixExecutingJobNum":0,"jvmMData":{"gcMap":{"FullGCCollectionTime":14,"SpanYoungGCCollectionCount":0,"SpanFullGCCollectionCount":0,"YoungGCCollectionCount":3,"FullGCCollectionCount":1,"SpanYoungGCCollectionTime":0,"YoungGCCollectionTime":53,"SpanFullGCCollectionTime":0},"memoryMap":{"HeapMemoryMax":3817865216,"SurvivorUsed":2341800,"OldGenCommitted":86507520,"PermGenUsed":0,"NonHeapMemoryUsed":35370336,"OldGenMax":2863661056,"SurvivorInit":11010048,"PermGenCommitted":0,"PermGenMax":0,"OldGenUsed":7205448,"EdenSpaceUsed":69433392,"NonHeapMemoryCommitted":36372480,"HeapMemoryInit":268435456,"HeapMemoryCommitted":231735296,"SurvivorMax":11010048,"EdenSpaceCommitted":134217728,"OldGenInit":179306496,"EdenSpaceMax":1409286144,"SurvivorCommitted":11010048,"NonHeapMemoryMax":-1,"NonHeapMemoryInit":2555904,"HeapMemoryUsed":78980640,"EdenSpaceInit":67108864,"PermGenInit":0},"threadMap":{"ThreadCount":215,"TotalStartedThreadCount":400,"DeadLockedThreadCount":0,"ProcessCpuTimeRate":4.004,"DaemonThreadCount":211}},"pushJobNum":0,"receiveJobNum":0,"timestamp":1778724360000},{"exeExceptionNum":0,"exeFailedNum":0,"exeLaterNum":0,"exeSuccessNum":0,"fixExecutingJobNum":0,"jvmMData":{"gcMap":{"FullGCCollectionTime":14,"SpanYoungGCCollectionCount":0,"SpanFullGCCollectionCount":0,"YoungGCCollectionCount":3,"FullGCCollectionCount":1,"SpanYoungGCCollectionTime":0,"YoungGCCollectionTime":53,"SpanFullGCCollectionTime":0},"memoryMap":{"HeapMemoryMax":3817865216,"SurvivorUsed":2341800,"OldGenCommitted":86507520,"PermGenUsed":0,"NonHeapMemoryUsed":36527472,"OldGenMax":2863661056,"SurvivorInit":11010048,"PermGenCommitted":0,"PermGenMax":0,"OldGenUsed":7205448,"EdenSpaceUsed":75563112,"NonHeapMemoryCommitted":37552128,"HeapMemoryInit":268435456,"HeapMemoryCommitted":231735296,"SurvivorMax":11010048,"EdenSpaceCommitted":134217728,"OldGenInit":179306496,"EdenSpaceMax":1409286144,"SurvivorCommitted":11010048,"NonHeapMemoryMax":-1,"NonHeapMemoryInit":2555904,"HeapMemoryUsed":85110360,"EdenSpaceInit":67108864,"PermGenInit":0},"threadMap":{"ThreadCount":215,"TotalStartedThreadCount":460,"DeadLockedThreadCount":0,"ProcessCpuTimeRate":5.054,"DaemonThreadCount":211}},"pushJobNum":0,"receiveJobNum":0,"timestamp":1778724420000},{"exeExceptionNum":0,"exeFailedNum":0,"exeLaterNum":0,"exeSuccessNum":0,"fixExecutingJobNum":0,"jvmMData":{"gcMap":{"FullGCCollectionTime":14,"SpanYoungGCCollectionCount":0,"SpanFullGCCollectionCount":0,"YoungGCCollectionCount":3,"FullGCCollectionCount":1,"SpanYoungGCCollectionTime":0,"YoungGCCollectionTime":53,"SpanFullGCCollectionTime":0},"memoryMap":{"HeapMemoryMax":3817865216,"SurvivorUsed":2341800,"OldGenCommitted":86507520,"PermGenUsed":0,"NonHeapMemoryUsed":37098240,"OldGenMax":2863661056,"SurvivorInit":11010048,"PermGenCommitted":0,"PermGenMax":0,"OldGenUsed":7205448,"EdenSpaceUsed":81165552,"NonHeapMemoryCommitted":38010880,"HeapMemoryInit":268435456,"HeapMemoryCommitted":231735296,"SurvivorMax":11010048,"EdenSpaceCommitted":134217728,"OldGenInit":179306496,"EdenSpaceMax":1409286144,"SurvivorCommitted":11010048,"NonHeapMemoryMax":-1,"NonHeapMemoryInit":2555904,"HeapMemoryUsed":90712800,"EdenSpaceInit":67108864,"PermGenInit":0},"threadMap":{"ThreadCount":215,"TotalStartedThreadCount":518,"DeadLockedThreadCount":0,"ProcessCpuTimeRate":4.220,"DaemonThreadCount":211}},"pushJobNum":0,"receiveJobNum":0,"timestamp":1778724480000},{"exeExceptionNum":0,"exeFailedNum":0,"exeLaterNum":0,"exeSuccessNum":0,"fixExecutingJobNum":0,"jvmMData":{"gcMap":{"FullGCCollectionTime":14,"SpanYoungGCCollectionCount":0,"SpanFullGCCollectionCount":0,"YoungGCCollectionCount":3,"FullGCCollectionCount":1,"SpanYoungGCCollectionTime":0,"YoungGCCollectionTime":53,"SpanFullGCCollectionTime":0},"memoryMap":{"HeapMemoryMax":3817865216,"SurvivorUsed":2341800,"OldGenCommitted":86507520,"PermGenUsed":0,"NonHeapMemoryUsed":37775888,"OldGenMax":2863661056,"SurvivorInit":11010048,"PermGenCommitted":0,"PermGenMax":0,"OldGenUsed":7205448,"EdenSpaceUsed":87675712,"NonHeapMemoryCommitted":38797312,"HeapMemoryInit":268435456,"HeapMemoryCommitted":231735296,"SurvivorMax":11010048,"EdenSpaceCommitted":134217728,"OldGenInit":179306496,"EdenSpaceMax":1409286144,"SurvivorCommitted":11010048,"NonHeapMemoryMax":-1,"NonHeapMemoryInit":2555904,"HeapMemoryUsed":97222960,"EdenSpaceInit":67108864,"PermGenInit":0},"threadMap":{"ThreadCount":215,"TotalStartedThreadCount":578,"DeadLockedThreadCount":0,"ProcessCpuTimeRate":3.795,"DaemonThreadCount":211}},"pushJobNum":0,"receiveJobNum":0,"timestamp":1778724540000},{"exeExceptionNum":0,"exeFailedNum":0,"exeLaterNum":0,"exeSuccessNum":0,"fixExecutingJobNum":0,"jvmMData":{"gcMap":{"FullGCCollectionTime":14,"SpanYoungGCCollectionCount":0,"SpanFullGCCollectionCount":0,"YoungGCCollectionCount":3,"FullGCCollectionCount":1,"SpanYoungGCCollectionTime":0,"YoungGCCollectionTime":53,"SpanFullGCCollectionTime":0},"memoryMap":{"HeapMemoryMax":3817865216,"SurvivorUsed":2341800,"OldGenCommitted":86507520,"PermGenUsed":0,"NonHeapMemoryUsed":38210672,"OldGenMax":2863661056,"SurvivorInit":11010048,"PermGenCommitted":0,"PermGenMax":0,"OldGenUsed":7205448,"EdenSpaceUsed":94224568,"NonHeapMemoryCommitted":39190528,"HeapMemoryInit":268435456,"HeapMemoryCommitted":231735296,"SurvivorMax":11010048,"EdenSpaceCommitted":134217728,"OldGenInit":179306496,"EdenSpaceMax":1409286144,"SurvivorCommitted":11010048,"NonHeapMemoryMax":-1,"NonHeapMemoryInit":2555904,"HeapMemoryUsed":103771816,"EdenSpaceInit":67108864,"PermGenInit":0},"threadMap":{"ThreadCount":215,"TotalStartedThreadCount":638,"DeadLockedThreadCount":0,"ProcessCpuTimeRate":3.745,"DaemonThreadCount":211}},"pushJobNum":0,"receiveJobNum":0,"timestamp":1778724600000},{"exeExceptionNum":0,"exeFailedNum":0,"exeLaterNum":0,"exeSuccessNum":0,"fixExecutingJobNum":0,"jvmMData":{"gcMap":{"FullGCCollectionTime":14,"SpanYoungGCCollectionCount":0,"SpanFullGCCollectionCount":0,"YoungGCCollectionCount":3,"FullGCCollectionCount":1,"SpanYoungGCCollectionTime":0,"YoungGCCollectionTime":53,"SpanFullGCCollectionTime":0},"memoryMap":{"HeapMemoryMax":3817865216,"SurvivorUsed":2341800,"OldGenCommitted":86507520,"PermGenUsed":0,"NonHeapMemoryUsed":38465144,"OldGenMax":2863661056,"SurvivorInit":11010048,"PermGenCommitted":0,"PermGenMax":0,"OldGenUsed":7205448,"EdenSpaceUsed":101464760,"NonHeapMemoryCommitted":39649280,"HeapMemoryInit":268435456,"HeapMemoryCommitted":231735296,"SurvivorMax":11010048,"EdenSpaceCommitted":134217728,"OldGenInit":179306496,"EdenSpaceMax":1409286144,"SurvivorCommitted":11010048,"NonHeapMemoryMax":-1,"NonHeapMemoryInit":2555904,"HeapMemoryUsed":111012008,"EdenSpaceInit":67108864,"PermGenInit":0},"threadMap":{"ThreadCount":215,"TotalStartedThreadCount":696,"DeadLockedThreadCount":0,"ProcessCpuTimeRate":3.330,"DaemonThreadCount":211}},"pushJobNum":0,"receiveJobNum":0,"timestamp":1778724660000}], lts version: 1.7.3-SNAPSHOT, current host: 192.168.64.1
[lts] 2026-05-14 10:17:00,773 DEBUG [pool-1-thread-4] com.github.ltsopensource.core.logger.slf4j.Slf4jLogger.debug(32) | Add Monitor Data success, mNode={"identity":"TT_192.168.64.1_19784_10-03-55.606_1","nodeGroup":"test_trade_taskTracker","nodeType":"TASK_TRACKER"}, mData=[{"exeExceptionNum":0,"exeFailedNum":0,"exeLaterNum":0,"exeSuccessNum":0,"jvmMData":{"gcMap":{"FullGCCollectionTime":0,"SpanYoungGCCollectionCount":0,"SpanFullGCCollectionCount":0,"YoungGCCollectionCount":1,"FullGCCollectionCount":0,"SpanYoungGCCollectionTime":0,"YoungGCCollectionTime":18,"SpanFullGCCollectionTime":0},"memoryMap":{"HeapMemoryMax":3817865216,"SurvivorUsed":7829944,"OldGenCommitted":179306496,"PermGenUsed":0,"NonHeapMemoryUsed":20431784,"OldGenMax":2863661056,"SurvivorInit":11010048,"PermGenCommitted":0,"PermGenMax":0,"OldGenUsed":8192,"EdenSpaceUsed":6688136,"NonHeapMemoryCommitted":21168128,"HeapMemoryInit":268435456,"HeapMemoryCommitted":257425408,"SurvivorMax":11010048,"EdenSpaceCommitted":67108864,"OldGenInit":179306496,"EdenSpaceMax":1409286144,"SurvivorCommitted":11010048,"NonHeapMemoryMax":-1,"NonHeapMemoryInit":2555904,"HeapMemoryUsed":14526272,"EdenSpaceInit":67108864,"PermGenInit":0},"threadMap":{"ThreadCount":25,"TotalStartedThreadCount":28,"DeadLockedThreadCount":0,"ProcessCpuTimeRate":12.10,"DaemonThreadCount":22}},"timestamp":1778724180000,"totalRunningTime":0},{"exeExceptionNum":0,"exeFailedNum":0,"exeLaterNum":0,"exeSuccessNum":0,"jvmMData":{"gcMap":{"FullGCCollectionTime":0,"SpanYoungGCCollectionCount":0,"SpanFullGCCollectionCount":0,"YoungGCCollectionCount":1,"FullGCCollectionCount":0,"SpanYoungGCCollectionTime":0,"YoungGCCollectionTime":18,"SpanFullGCCollectionTime":0},"memoryMap":{"HeapMemoryMax":3817865216,"SurvivorUsed":7829944,"OldGenCommitted":179306496,"PermGenUsed":0,"NonHeapMemoryUsed":21548768,"OldGenMax":2863661056,"SurvivorInit":11010048,"PermGenCommitted":0,"PermGenMax":0,"OldGenUsed":8192,"EdenSpaceUsed":14087256,"NonHeapMemoryCommitted":22413312,"HeapMemoryInit":268435456,"HeapMemoryCommitted":257425408,"SurvivorMax":11010048,"EdenSpaceCommitted":67108864,"OldGenInit":179306496,"EdenSpaceMax":1409286144,"SurvivorCommitted":11010048,"NonHeapMemoryMax":-1,"NonHeapMemoryInit":2555904,"HeapMemoryUsed":21925392,"EdenSpaceInit":67108864,"PermGenInit":0},"threadMap":{"ThreadCount":24,"TotalStartedThreadCount":28,"DeadLockedThreadCount":0,"ProcessCpuTimeRate":3.338,"DaemonThreadCount":21}},"timestamp":1778724240000,"totalRunningTime":0},{"exeExceptionNum":0,"exeFailedNum":0,"exeLaterNum":0,"exeSuccessNum":0,"jvmMData":{"gcMap":{"FullGCCollectionTime":0,"SpanYoungGCCollectionCount":0,"SpanFullGCCollectionCount":0,"YoungGCCollectionCount":1,"FullGCCollectionCount":0,"SpanYoungGCCollectionTime":0,"YoungGCCollectionTime":18,"SpanFullGCCollectionTime":0},"memoryMap":{"HeapMemoryMax":3817865216,"SurvivorUsed":7829944,"OldGenCommitted":179306496,"PermGenUsed":0,"NonHeapMemoryUsed":21989680,"OldGenMax":2863661056,"SurvivorInit":11010048,"PermGenCommitted":0,"PermGenMax":0,"OldGenUsed":8192,"EdenSpaceUsed":16791488,"NonHeapMemoryCommitted":22806528,"HeapMemoryInit":268435456,"HeapMemoryCommitted":257425408,"SurvivorMax":11010048,"EdenSpaceCommitted":67108864,"OldGenInit":179306496,"EdenSpaceMax":1409286144,"SurvivorCommitted":11010048,"NonHeapMemoryMax":-1,"NonHeapMemoryInit":2555904,"HeapMemoryUsed":24629624,"EdenSpaceInit":67108864,"PermGenInit":0},"threadMap":{"ThreadCount":24,"TotalStartedThreadCount":28,"DeadLockedThreadCount":0,"ProcessCpuTimeRate":2.289,"DaemonThreadCount":21}},"timestamp":1778724300000,"totalRunningTime":0},{"exeExceptionNum":0,"exeFailedNum":0,"exeLaterNum":0,"exeSuccessNum":0,"jvmMData":{"gcMap":{"FullGCCollectionTime":0,"SpanYoungGCCollectionCount":0,"SpanFullGCCollectionCount":0,"YoungGCCollectionCount":1,"FullGCCollectionCount":0,"SpanYoungGCCollectionTime":0,"YoungGCCollectionTime":18,"SpanFullGCCollectionTime":0},"memoryMap":{"HeapMemoryMax":3817865216,"SurvivorUsed":7829944,"OldGenCommitted":179306496,"PermGenUsed":0,"NonHeapMemoryUsed":21988632,"OldGenMax":2863661056,"SurvivorInit":11010048,"PermGenCommitted":0,"PermGenMax":0,"OldGenUsed":8192,"EdenSpaceUsed":18808208,"NonHeapMemoryCommitted":23003136,"HeapMemoryInit":268435456,"HeapMemoryCommitted":257425408,"SurvivorMax":11010048,"EdenSpaceCommitted":67108864,"OldGenInit":179306496,"EdenSpaceMax":1409286144,"SurvivorCommitted":11010048,"NonHeapMemoryMax":-1,"NonHeapMemoryInit":2555904,"HeapMemoryUsed":26646344,"EdenSpaceInit":67108864,"PermGenInit":0},"threadMap":{"ThreadCount":24,"TotalStartedThreadCount":28,"DeadLockedThreadCount":0,"ProcessCpuTimeRate":2.171,"DaemonThreadCount":21}},"timestamp":1778724360000,"totalRunningTime":0},{"exeExceptionNum":0,"exeFailedNum":0,"exeLaterNum":0,"exeSuccessNum":0,"jvmMData":{"gcMap":{"FullGCCollectionTime":0,"SpanYoungGCCollectionCount":0,"SpanFullGCCollectionCount":0,"YoungGCCollectionCount":1,"FullGCCollectionCount":0,"SpanYoungGCCollectionTime":0,"YoungGCCollectionTime":18,"SpanFullGCCollectionTime":0},"memoryMap":{"HeapMemoryMax":3817865216,"SurvivorUsed":7829944,"OldGenCommitted":179306496,"PermGenUsed":0,"NonHeapMemoryUsed":22197712,"OldGenMax":2863661056,"SurvivorInit":11010048,"PermGenCommitted":0,"PermGenMax":0,"OldGenUsed":8192,"EdenSpaceUsed":23538952,"NonHeapMemoryCommitted":23003136,"HeapMemoryInit":268435456,"HeapMemoryCommitted":257425408,"SurvivorMax":11010048,"EdenSpaceCommitted":67108864,"OldGenInit":179306496,"EdenSpaceMax":1409286144,"SurvivorCommitted":11010048,"NonHeapMemoryMax":-1,"NonHeapMemoryInit":2555904,"HeapMemoryUsed":31377088,"EdenSpaceInit":67108864,"PermGenInit":0},"threadMap":{"ThreadCount":24,"TotalStartedThreadCount":28,"DeadLockedThreadCount":0,"ProcessCpuTimeRate":2.075,"DaemonThreadCount":21}},"timestamp":1778724420000,"totalRunningTime":0},{"exeExceptionNum":0,"exeFailedNum":0,"exeLaterNum":0,"exeSuccessNum":0,"jvmMData":{"gcMap":{"FullGCCollectionTime":0,"SpanYoungGCCollectionCount":0,"SpanFullGCCollectionCount":0,"YoungGCCollectionCount":1,"FullGCCollectionCount":0,"SpanYoungGCCollectionTime":0,"YoungGCCollectionTime":18,"SpanFullGCCollectionTime":0},"memoryMap":{"HeapMemoryMax":3817865216,"SurvivorUsed":7829944,"OldGenCommitted":179306496,"PermGenUsed":0,"NonHeapMemoryUsed":22475176,"OldGenMax":2863661056,"SurvivorInit":11010048,"PermGenCommitted":0,"PermGenMax":0,"OldGenUsed":8192,"EdenSpaceUsed":25552312,"NonHeapMemoryCommitted":23396352,"HeapMemoryInit":268435456,"HeapMemoryCommitted":257425408,"SurvivorMax":11010048,"EdenSpaceCommitted":67108864,"OldGenInit":179306496,"EdenSpaceMax":1409286144,"SurvivorCommitted":11010048,"NonHeapMemoryMax":-1,"NonHeapMemoryInit":2555904,"HeapMemoryUsed":33390448,"EdenSpaceInit":67108864,"PermGenInit":0},"threadMap":{"ThreadCount":24,"TotalStartedThreadCount":28,"DeadLockedThreadCount":0,"ProcessCpuTimeRate":2.404,"DaemonThreadCount":21}},"timestamp":1778724480000,"totalRunningTime":0},{"exeExceptionNum":0,"exeFailedNum":0,"exeLaterNum":0,"exeSuccessNum":0,"jvmMData":{"gcMap":{"FullGCCollectionTime":0,"SpanYoungGCCollectionCount":0,"SpanFullGCCollectionCount":0,"YoungGCCollectionCount":1,"FullGCCollectionCount":0,"SpanYoungGCCollectionTime":0,"YoungGCCollectionTime":18,"SpanFullGCCollectionTime":0},"memoryMap":{"HeapMemoryMax":3817865216,"SurvivorUsed":7829944,"OldGenCommitted":179306496,"PermGenUsed":0,"NonHeapMemoryUsed":22553792,"OldGenMax":2863661056,"SurvivorInit":11010048,"PermGenCommitted":0,"PermGenMax":0,"OldGenUsed":8192,"EdenSpaceUsed":28276760,"NonHeapMemoryCommitted":23461888,"HeapMemoryInit":268435456,"HeapMemoryCommitted":257425408,"SurvivorMax":11010048,"EdenSpaceCommitted":67108864,"OldGenInit":179306496,"EdenSpaceMax":1409286144,"SurvivorCommitted":11010048,"NonHeapMemoryMax":-1,"NonHeapMemoryInit":2555904,"HeapMemoryUsed":36114896,"EdenSpaceInit":67108864,"PermGenInit":0},"threadMap":{"ThreadCount":24,"TotalStartedThreadCount":28,"DeadLockedThreadCount":0,"ProcessCpuTimeRate":2.029,"DaemonThreadCount":21}},"timestamp":1778724540000,"totalRunningTime":0},{"exeExceptionNum":0,"exeFailedNum":0,"exeLaterNum":0,"exeSuccessNum":0,"jvmMData":{"gcMap":{"FullGCCollectionTime":0,"SpanYoungGCCollectionCount":0,"SpanFullGCCollectionCount":0,"YoungGCCollectionCount":1,"FullGCCollectionCount":0,"SpanYoungGCCollectionTime":0,"YoungGCCollectionTime":18,"SpanFullGCCollectionTime":0},"memoryMap":{"HeapMemoryMax":3817865216,"SurvivorUsed":7829944,"OldGenCommitted":179306496,"PermGenUsed":0,"NonHeapMemoryUsed":22749224,"OldGenMax":2863661056,"SurvivorInit":11010048,"PermGenCommitted":0,"PermGenMax":0,"OldGenUsed":8192,"EdenSpaceUsed":30993144,"NonHeapMemoryCommitted":23592960,"HeapMemoryInit":268435456,"HeapMemoryCommitted":257425408,"SurvivorMax":11010048,"EdenSpaceCommitted":67108864,"OldGenInit":179306496,"EdenSpaceMax":1409286144,"SurvivorCommitted":11010048,"NonHeapMemoryMax":-1,"NonHeapMemoryInit":2555904,"HeapMemoryUsed":38831280,"EdenSpaceInit":67108864,"PermGenInit":0},"threadMap":{"ThreadCount":24,"TotalStartedThreadCount":28,"DeadLockedThreadCount":0,"ProcessCpuTimeRate":1.943,"DaemonThreadCount":21}},"timestamp":1778724600000,"totalRunningTime":0},{"exeExceptionNum":0,"exeFailedNum":0,"exeLaterNum":0,"exeSuccessNum":0,"jvmMData":{"gcMap":{"FullGCCollectionTime":0,"SpanYoungGCCollectionCount":0,"SpanFullGCCollectionCount":0,"YoungGCCollectionCount":1,"FullGCCollectionCount":0,"SpanYoungGCCollectionTime":0,"YoungGCCollectionTime":18,"SpanFullGCCollectionTime":0},"memoryMap":{"HeapMemoryMax":3817865216,"SurvivorUsed":7829944,"OldGenCommitted":179306496,"PermGenUsed":0,"NonHeapMemoryUsed":22875216,"OldGenMax":2863661056,"SurvivorInit":11010048,"PermGenCommitted":0,"PermGenMax":0,"OldGenUsed":8192,"EdenSpaceUsed":34362312,"NonHeapMemoryCommitted":23724032,"HeapMemoryInit":268435456,"HeapMemoryCommitted":257425408,"SurvivorMax":11010048,"EdenSpaceCommitted":67108864,"OldGenInit":179306496,"EdenSpaceMax":1409286144,"SurvivorCommitted":11010048,"NonHeapMemoryMax":-1,"NonHeapMemoryInit":2555904,"HeapMemoryUsed":42200448,"EdenSpaceInit":67108864,"PermGenInit":0},"threadMap":{"ThreadCount":24,"TotalStartedThreadCount":28,"DeadLockedThreadCount":0,"ProcessCpuTimeRate":1.731,"DaemonThreadCount":21}},"timestamp":1778724660000,"totalRunningTime":0},{"exeExceptionNum":0,"exeFailedNum":0,"exeLaterNum":0,"exeSuccessNum":0,"jvmMData":{"gcMap":{"FullGCCollectionTime":0,"SpanYoungGCCollectionCount":0,"SpanFullGCCollectionCount":0,"YoungGCCollectionCount":1,"FullGCCollectionCount":0,"SpanYoungGCCollectionTime":0,"YoungGCCollectionTime":18,"SpanFullGCCollectionTime":0},"memoryMap":{"HeapMemoryMax":3817865216,"SurvivorUsed":7829944,"OldGenCommitted":179306496,"PermGenUsed":0,"NonHeapMemoryUsed":23121600,"OldGenMax":2863661056,"SurvivorInit":11010048,"PermGenCommitted":0,"PermGenMax":0,"OldGenUsed":8192,"EdenSpaceUsed":36375672,"NonHeapMemoryCommitted":24051712,"HeapMemoryInit":268435456,"HeapMemoryCommitted":257425408,"SurvivorMax":11010048,"EdenSpaceCommitted":67108864,"OldGenInit":179306496,"EdenSpaceMax":1409286144,"SurvivorCommitted":11010048,"NonHeapMemoryMax":-1,"NonHeapMemoryInit":2555904,"HeapMemoryUsed":44213808,"EdenSpaceInit":67108864,"PermGenInit":0},"threadMap":{"ThreadCount":24,"TotalStartedThreadCount":28,"DeadLockedThreadCount":0,"ProcessCpuTimeRate":2.058,"DaemonThreadCount":21}},"timestamp":1778724720000,"totalRunningTime":0}], lts version: 1.7.3-SNAPSHOT, current host: 192.168.64.1
[lts] 2026-05-14 10:18:00,898 DEBUG [pool-1-thread-6] com.github.ltsopensource.core.logger.slf4j.Slf4jLogger.debug(32) | 
    INSERT 
    INTO
        `
        lts_admin_job_tracker_monitor_data`(
            `gmt_created`, `identity`, `timestamp`, `receive_job_num`, `push_job_num`, `exe_success_num`, `exe_failed_num`, `exe_later_num`, `exe_exception_num`, `fix_executing_job_num`
        ) 
    VALUES
        (?,?,?,?,?,?,?,?,?,?), lts version: 1.7.3-SNAPSHOT, current host: 192.168.64.1
[lts] 2026-05-14 10:18:00,908 DEBUG [pool-1-thread-5] com.github.ltsopensource.core.logger.slf4j.Slf4jLogger.debug(32) | 
    INSERT 
    INTO
        `
        lts_admin_task_tracker_monitor_data`(
            `gmt_created`, `node_group`, `identity`, `timestamp`, `exe_success_num`, `exe_failed_num`, `exe_later_num`, `exe_exception_num`, `total_running_time`
        ) 
    VALUES
        (?,?,?,?,?,?,?,?,?), lts version: 1.7.3-SNAPSHOT, current host: 192.168.64.1
[lts] 2026-05-14 10:18:00,949 DEBUG [pool-1-thread-5] com.github.ltsopensource.core.logger.slf4j.Slf4jLogger.debug(32) | 
    INSERT 
    INTO
        `
        lts_admin_jvm_gc`(
            `gmt_created`, `identity`, `timestamp`, `node_type`, `node_group`, `young_gc_collection_count`, `young_gc_collection_time`, `full_gc_collection_count`, `full_gc_collection_time`, `span_young_gc_collection_count`, `span_young_gc_collection_time`, `span_full_gc_collection_count`, `span_full_gc_collection_time`
        ) 
    VALUES
        (?,?,?,?,?,?,?,?,?,?,?,?,?), lts version: 1.7.3-SNAPSHOT, current host: 192.168.64.1
[lts] 2026-05-14 10:18:00,949 DEBUG [pool-1-thread-6] com.github.ltsopensource.core.logger.slf4j.Slf4jLogger.debug(32) | 
    INSERT 
    INTO
        `
        lts_admin_jvm_gc`(
            `gmt_created`, `identity`, `timestamp`, `node_type`, `node_group`, `young_gc_collection_count`, `young_gc_collection_time`, `full_gc_collection_count`, `full_gc_collection_time`, `span_young_gc_collection_count`, `span_young_gc_collection_time`, `span_full_gc_collection_count`, `span_full_gc_collection_time`
        ) 
    VALUES
        (?,?,?,?,?,?,?,?,?,?,?,?,?), lts version: 1.7.3-SNAPSHOT, current host: 192.168.64.1
[lts] 2026-05-14 10:18:00,973 DEBUG [pool-1-thread-6] com.github.ltsopensource.core.logger.slf4j.Slf4jLogger.debug(32) | 
    INSERT 
    INTO
        `
        lts_admin_jvm_memory`(
            `gmt_created`, `identity`, `timestamp`, `node_type`, `node_group`, `heap_memory_committed`, `heap_memory_init`, `heap_memory_max`, `heap_memory_used`, `non_heap_memory_committed`, `non_heap_memory_init`, `non_heap_memory_max`, `non_heap_memory_used`, `perm_gen_committed`, `perm_gen_init`, `perm_gen_max`, `perm_gen_used`, `old_gen_committed`, `old_gen_init`, `old_gen_max`, `old_gen_used`, `eden_space_committed`, `eden_space_init`, `eden_space_max`, `eden_space_used`, `survivor_committed`, `survivor_init`, `survivor_max`, `survivor_used`
        ) 
    VALUES
        (?,?,?,?,?,?,?,?,?,?,?,?,?,?,?,?,?,?,?,?,?,?,?,?,?,?,?,?,?), lts version: 1.7.3-SNAPSHOT, current host: 192.168.64.1
[lts] 2026-05-14 10:18:00,973 DEBUG [pool-1-thread-5] com.github.ltsopensource.core.logger.slf4j.Slf4jLogger.debug(32) | 
    INSERT 
    INTO
        `
        lts_admin_jvm_memory`(
            `gmt_created`, `identity`, `timestamp`, `node_type`, `node_group`, `heap_memory_committed`, `heap_memory_init`, `heap_memory_max`, `heap_memory_used`, `non_heap_memory_committed`, `non_heap_memory_init`, `non_heap_memory_max`, `non_heap_memory_used`, `perm_gen_committed`, `perm_gen_init`, `perm_gen_max`, `perm_gen_used`, `old_gen_committed`, `old_gen_init`, `old_gen_max`, `old_gen_used`, `eden_space_committed`, `eden_space_init`, `eden_space_max`, `eden_space_used`, `survivor_committed`, `survivor_init`, `survivor_max`, `survivor_used`
        ) 
    VALUES
        (?,?,?,?,?,?,?,?,?,?,?,?,?,?,?,?,?,?,?,?,?,?,?,?,?,?,?,?,?), lts version: 1.7.3-SNAPSHOT, current host: 192.168.64.1
[lts] 2026-05-14 10:18:00,987 DEBUG [pool-1-thread-5] com.github.ltsopensource.core.logger.slf4j.Slf4jLogger.debug(32) | 
    INSERT 
    INTO
        `
        lts_admin_jvm_thread`(
            `gmt_created`, `identity`, `timestamp`, `node_type`, `node_group`, `daemon_thread_count`, `thread_count`, `total_started_thread_count`, `dead_locked_thread_count`, `process_cpu_time_rate`
        ) 
    VALUES
        (?,?,?,?,?,?,?,?,?,?), lts version: 1.7.3-SNAPSHOT, current host: 192.168.64.1
[lts] 2026-05-14 10:18:00,987 DEBUG [pool-1-thread-6] com.github.ltsopensource.core.logger.slf4j.Slf4jLogger.debug(32) | 
    INSERT 
    INTO
        `
        lts_admin_jvm_thread`(
            `gmt_created`, `identity`, `timestamp`, `node_type`, `node_group`, `daemon_thread_count`, `thread_count`, `total_started_thread_count`, `dead_locked_thread_count`, `process_cpu_time_rate`
        ) 
    VALUES
        (?,?,?,?,?,?,?,?,?,?), lts version: 1.7.3-SNAPSHOT, current host: 192.168.64.1
[lts] 2026-05-14 10:18:01,008 DEBUG [pool-1-thread-5] com.github.ltsopensource.core.logger.slf4j.Slf4jLogger.debug(32) | Add Monitor Data success, mNode={"identity":"TT_192.168.64.1_19784_10-03-55.606_1","nodeGroup":"test_trade_taskTracker","nodeType":"TASK_TRACKER"}, mData=[{"exeExceptionNum":0,"exeFailedNum":0,"exeLaterNum":0,"exeSuccessNum":0,"jvmMData":{"gcMap":{"FullGCCollectionTime":0,"SpanYoungGCCollectionCount":0,"SpanFullGCCollectionCount":0,"YoungGCCollectionCount":1,"FullGCCollectionCount":0,"SpanYoungGCCollectionTime":0,"YoungGCCollectionTime":18,"SpanFullGCCollectionTime":0},"memoryMap":{"HeapMemoryMax":3817865216,"SurvivorUsed":7829944,"OldGenCommitted":179306496,"PermGenUsed":0,"NonHeapMemoryUsed":20431784,"OldGenMax":2863661056,"SurvivorInit":11010048,"PermGenCommitted":0,"PermGenMax":0,"OldGenUsed":8192,"EdenSpaceUsed":6688136,"NonHeapMemoryCommitted":21168128,"HeapMemoryInit":268435456,"HeapMemoryCommitted":257425408,"SurvivorMax":11010048,"EdenSpaceCommitted":67108864,"OldGenInit":179306496,"EdenSpaceMax":1409286144,"SurvivorCommitted":11010048,"NonHeapMemoryMax":-1,"NonHeapMemoryInit":2555904,"HeapMemoryUsed":14526272,"EdenSpaceInit":67108864,"PermGenInit":0},"threadMap":{"ThreadCount":25,"TotalStartedThreadCount":28,"DeadLockedThreadCount":0,"ProcessCpuTimeRate":12.10,"DaemonThreadCount":22}},"timestamp":1778724180000,"totalRunningTime":0},{"exeExceptionNum":0,"exeFailedNum":0,"exeLaterNum":0,"exeSuccessNum":0,"jvmMData":{"gcMap":{"FullGCCollectionTime":0,"SpanYoungGCCollectionCount":0,"SpanFullGCCollectionCount":0,"YoungGCCollectionCount":1,"FullGCCollectionCount":0,"SpanYoungGCCollectionTime":0,"YoungGCCollectionTime":18,"SpanFullGCCollectionTime":0},"memoryMap":{"HeapMemoryMax":3817865216,"SurvivorUsed":7829944,"OldGenCommitted":179306496,"PermGenUsed":0,"NonHeapMemoryUsed":21548768,"OldGenMax":2863661056,"SurvivorInit":11010048,"PermGenCommitted":0,"PermGenMax":0,"OldGenUsed":8192,"EdenSpaceUsed":14087256,"NonHeapMemoryCommitted":22413312,"HeapMemoryInit":268435456,"HeapMemoryCommitted":257425408,"SurvivorMax":11010048,"EdenSpaceCommitted":67108864,"OldGenInit":179306496,"EdenSpaceMax":1409286144,"SurvivorCommitted":11010048,"NonHeapMemoryMax":-1,"NonHeapMemoryInit":2555904,"HeapMemoryUsed":21925392,"EdenSpaceInit":67108864,"PermGenInit":0},"threadMap":{"ThreadCount":24,"TotalStartedThreadCount":28,"DeadLockedThreadCount":0,"ProcessCpuTimeRate":3.338,"DaemonThreadCount":21}},"timestamp":1778724240000,"totalRunningTime":0},{"exeExceptionNum":0,"exeFailedNum":0,"exeLaterNum":0,"exeSuccessNum":0,"jvmMData":{"gcMap":{"FullGCCollectionTime":0,"SpanYoungGCCollectionCount":0,"SpanFullGCCollectionCount":0,"YoungGCCollectionCount":1,"FullGCCollectionCount":0,"SpanYoungGCCollectionTime":0,"YoungGCCollectionTime":18,"SpanFullGCCollectionTime":0},"memoryMap":{"HeapMemoryMax":3817865216,"SurvivorUsed":7829944,"OldGenCommitted":179306496,"PermGenUsed":0,"NonHeapMemoryUsed":21989680,"OldGenMax":2863661056,"SurvivorInit":11010048,"PermGenCommitted":0,"PermGenMax":0,"OldGenUsed":8192,"EdenSpaceUsed":16791488,"NonHeapMemoryCommitted":22806528,"HeapMemoryInit":268435456,"HeapMemoryCommitted":257425408,"SurvivorMax":11010048,"EdenSpaceCommitted":67108864,"OldGenInit":179306496,"EdenSpaceMax":1409286144,"SurvivorCommitted":11010048,"NonHeapMemoryMax":-1,"NonHeapMemoryInit":2555904,"HeapMemoryUsed":24629624,"EdenSpaceInit":67108864,"PermGenInit":0},"threadMap":{"ThreadCount":24,"TotalStartedThreadCount":28,"DeadLockedThreadCount":0,"ProcessCpuTimeRate":2.289,"DaemonThreadCount":21}},"timestamp":1778724300000,"totalRunningTime":0},{"exeExceptionNum":0,"exeFailedNum":0,"exeLaterNum":0,"exeSuccessNum":0,"jvmMData":{"gcMap":{"FullGCCollectionTime":0,"SpanYoungGCCollectionCount":0,"SpanFullGCCollectionCount":0,"YoungGCCollectionCount":1,"FullGCCollectionCount":0,"SpanYoungGCCollectionTime":0,"YoungGCCollectionTime":18,"SpanFullGCCollectionTime":0},"memoryMap":{"HeapMemoryMax":3817865216,"SurvivorUsed":7829944,"OldGenCommitted":179306496,"PermGenUsed":0,"NonHeapMemoryUsed":21988632,"OldGenMax":2863661056,"SurvivorInit":11010048,"PermGenCommitted":0,"PermGenMax":0,"OldGenUsed":8192,"EdenSpaceUsed":18808208,"NonHeapMemoryCommitted":23003136,"HeapMemoryInit":268435456,"HeapMemoryCommitted":257425408,"SurvivorMax":11010048,"EdenSpaceCommitted":67108864,"OldGenInit":179306496,"EdenSpaceMax":1409286144,"SurvivorCommitted":11010048,"NonHeapMemoryMax":-1,"NonHeapMemoryInit":2555904,"HeapMemoryUsed":26646344,"EdenSpaceInit":67108864,"PermGenInit":0},"threadMap":{"ThreadCount":24,"TotalStartedThreadCount":28,"DeadLockedThreadCount":0,"ProcessCpuTimeRate":2.171,"DaemonThreadCount":21}},"timestamp":1778724360000,"totalRunningTime":0},{"exeExceptionNum":0,"exeFailedNum":0,"exeLaterNum":0,"exeSuccessNum":0,"jvmMData":{"gcMap":{"FullGCCollectionTime":0,"SpanYoungGCCollectionCount":0,"SpanFullGCCollectionCount":0,"YoungGCCollectionCount":1,"FullGCCollectionCount":0,"SpanYoungGCCollectionTime":0,"YoungGCCollectionTime":18,"SpanFullGCCollectionTime":0},"memoryMap":{"HeapMemoryMax":3817865216,"SurvivorUsed":7829944,"OldGenCommitted":179306496,"PermGenUsed":0,"NonHeapMemoryUsed":22197712,"OldGenMax":2863661056,"SurvivorInit":11010048,"PermGenCommitted":0,"PermGenMax":0,"OldGenUsed":8192,"EdenSpaceUsed":23538952,"NonHeapMemoryCommitted":23003136,"HeapMemoryInit":268435456,"HeapMemoryCommitted":257425408,"SurvivorMax":11010048,"EdenSpaceCommitted":67108864,"OldGenInit":179306496,"EdenSpaceMax":1409286144,"SurvivorCommitted":11010048,"NonHeapMemoryMax":-1,"NonHeapMemoryInit":2555904,"HeapMemoryUsed":31377088,"EdenSpaceInit":67108864,"PermGenInit":0},"threadMap":{"ThreadCount":24,"TotalStartedThreadCount":28,"DeadLockedThreadCount":0,"ProcessCpuTimeRate":2.075,"DaemonThreadCount":21}},"timestamp":1778724420000,"totalRunningTime":0},{"exeExceptionNum":0,"exeFailedNum":0,"exeLaterNum":0,"exeSuccessNum":0,"jvmMData":{"gcMap":{"FullGCCollectionTime":0,"SpanYoungGCCollectionCount":0,"SpanFullGCCollectionCount":0,"YoungGCCollectionCount":1,"FullGCCollectionCount":0,"SpanYoungGCCollectionTime":0,"YoungGCCollectionTime":18,"SpanFullGCCollectionTime":0},"memoryMap":{"HeapMemoryMax":3817865216,"SurvivorUsed":7829944,"OldGenCommitted":179306496,"PermGenUsed":0,"NonHeapMemoryUsed":22475176,"OldGenMax":2863661056,"SurvivorInit":11010048,"PermGenCommitted":0,"PermGenMax":0,"OldGenUsed":8192,"EdenSpaceUsed":25552312,"NonHeapMemoryCommitted":23396352,"HeapMemoryInit":268435456,"HeapMemoryCommitted":257425408,"SurvivorMax":11010048,"EdenSpaceCommitted":67108864,"OldGenInit":179306496,"EdenSpaceMax":1409286144,"SurvivorCommitted":11010048,"NonHeapMemoryMax":-1,"NonHeapMemoryInit":2555904,"HeapMemoryUsed":33390448,"EdenSpaceInit":67108864,"PermGenInit":0},"threadMap":{"ThreadCount":24,"TotalStartedThreadCount":28,"DeadLockedThreadCount":0,"ProcessCpuTimeRate":2.404,"DaemonThreadCount":21}},"timestamp":1778724480000,"totalRunningTime":0},{"exeExceptionNum":0,"exeFailedNum":0,"exeLaterNum":0,"exeSuccessNum":0,"jvmMData":{"gcMap":{"FullGCCollectionTime":0,"SpanYoungGCCollectionCount":0,"SpanFullGCCollectionCount":0,"YoungGCCollectionCount":1,"FullGCCollectionCount":0,"SpanYoungGCCollectionTime":0,"YoungGCCollectionTime":18,"SpanFullGCCollectionTime":0},"memoryMap":{"HeapMemoryMax":3817865216,"SurvivorUsed":7829944,"OldGenCommitted":179306496,"PermGenUsed":0,"NonHeapMemoryUsed":22553792,"OldGenMax":2863661056,"SurvivorInit":11010048,"PermGenCommitted":0,"PermGenMax":0,"OldGenUsed":8192,"EdenSpaceUsed":28276760,"NonHeapMemoryCommitted":23461888,"HeapMemoryInit":268435456,"HeapMemoryCommitted":257425408,"SurvivorMax":11010048,"EdenSpaceCommitted":67108864,"OldGenInit":179306496,"EdenSpaceMax":1409286144,"SurvivorCommitted":11010048,"NonHeapMemoryMax":-1,"NonHeapMemoryInit":2555904,"HeapMemoryUsed":36114896,"EdenSpaceInit":67108864,"PermGenInit":0},"threadMap":{"ThreadCount":24,"TotalStartedThreadCount":28,"DeadLockedThreadCount":0,"ProcessCpuTimeRate":2.029,"DaemonThreadCount":21}},"timestamp":1778724540000,"totalRunningTime":0},{"exeExceptionNum":0,"exeFailedNum":0,"exeLaterNum":0,"exeSuccessNum":0,"jvmMData":{"gcMap":{"FullGCCollectionTime":0,"SpanYoungGCCollectionCount":0,"SpanFullGCCollectionCount":0,"YoungGCCollectionCount":1,"FullGCCollectionCount":0,"SpanYoungGCCollectionTime":0,"YoungGCCollectionTime":18,"SpanFullGCCollectionTime":0},"memoryMap":{"HeapMemoryMax":3817865216,"SurvivorUsed":7829944,"OldGenCommitted":179306496,"PermGenUsed":0,"NonHeapMemoryUsed":22749224,"OldGenMax":2863661056,"SurvivorInit":11010048,"PermGenCommitted":0,"PermGenMax":0,"OldGenUsed":8192,"EdenSpaceUsed":30993144,"NonHeapMemoryCommitted":23592960,"HeapMemoryInit":268435456,"HeapMemoryCommitted":257425408,"SurvivorMax":11010048,"EdenSpaceCommitted":67108864,"OldGenInit":179306496,"EdenSpaceMax":1409286144,"SurvivorCommitted":11010048,"NonHeapMemoryMax":-1,"NonHeapMemoryInit":2555904,"HeapMemoryUsed":38831280,"EdenSpaceInit":67108864,"PermGenInit":0},"threadMap":{"ThreadCount":24,"TotalStartedThreadCount":28,"DeadLockedThreadCount":0,"ProcessCpuTimeRate":1.943,"DaemonThreadCount":21}},"timestamp":1778724600000,"totalRunningTime":0},{"exeExceptionNum":0,"exeFailedNum":0,"exeLaterNum":0,"exeSuccessNum":0,"jvmMData":{"gcMap":{"FullGCCollectionTime":0,"SpanYoungGCCollectionCount":0,"SpanFullGCCollectionCount":0,"YoungGCCollectionCount":1,"FullGCCollectionCount":0,"SpanYoungGCCollectionTime":0,"YoungGCCollectionTime":18,"SpanFullGCCollectionTime":0},"memoryMap":{"HeapMemoryMax":3817865216,"SurvivorUsed":7829944,"OldGenCommitted":179306496,"PermGenUsed":0,"NonHeapMemoryUsed":22875216,"OldGenMax":2863661056,"SurvivorInit":11010048,"PermGenCommitted":0,"PermGenMax":0,"OldGenUsed":8192,"EdenSpaceUsed":34362312,"NonHeapMemoryCommitted":23724032,"HeapMemoryInit":268435456,"HeapMemoryCommitted":257425408,"SurvivorMax":11010048,"EdenSpaceCommitted":67108864,"OldGenInit":179306496,"EdenSpaceMax":1409286144,"SurvivorCommitted":11010048,"NonHeapMemoryMax":-1,"NonHeapMemoryInit":2555904,"HeapMemoryUsed":42200448,"EdenSpaceInit":67108864,"PermGenInit":0},"threadMap":{"ThreadCount":24,"TotalStartedThreadCount":28,"DeadLockedThreadCount":0,"ProcessCpuTimeRate":1.731,"DaemonThreadCount":21}},"timestamp":1778724660000,"totalRunningTime":0},{"exeExceptionNum":0,"exeFailedNum":0,"exeLaterNum":0,"exeSuccessNum":0,"jvmMData":{"gcMap":{"FullGCCollectionTime":0,"SpanYoungGCCollectionCount":0,"SpanFullGCCollectionCount":0,"YoungGCCollectionCount":1,"FullGCCollectionCount":0,"SpanYoungGCCollectionTime":0,"YoungGCCollectionTime":18,"SpanFullGCCollectionTime":0},"memoryMap":{"HeapMemoryMax":3817865216,"SurvivorUsed":7829944,"OldGenCommitted":179306496,"PermGenUsed":0,"NonHeapMemoryUsed":23121600,"OldGenMax":2863661056,"SurvivorInit":11010048,"PermGenCommitted":0,"PermGenMax":0,"OldGenUsed":8192,"EdenSpaceUsed":36375672,"NonHeapMemoryCommitted":24051712,"HeapMemoryInit":268435456,"HeapMemoryCommitted":257425408,"SurvivorMax":11010048,"EdenSpaceCommitted":67108864,"OldGenInit":179306496,"EdenSpaceMax":1409286144,"SurvivorCommitted":11010048,"NonHeapMemoryMax":-1,"NonHeapMemoryInit":2555904,"HeapMemoryUsed":44213808,"EdenSpaceInit":67108864,"PermGenInit":0},"threadMap":{"ThreadCount":24,"TotalStartedThreadCount":28,"DeadLockedThreadCount":0,"ProcessCpuTimeRate":2.058,"DaemonThreadCount":21}},"timestamp":1778724720000,"totalRunningTime":0}], lts version: 1.7.3-SNAPSHOT, current host: 192.168.64.1
[lts] 2026-05-14 10:18:01,008 DEBUG [pool-1-thread-6] com.github.ltsopensource.core.logger.slf4j.Slf4jLogger.debug(32) | Add Monitor Data success, mNode={"identity":"JT_192.168.64.1_19709_10-02-49.861_1","nodeGroup":"lts","nodeType":"JOB_TRACKER"}, mData=[{"exeExceptionNum":0,"exeFailedNum":0,"exeLaterNum":0,"exeSuccessNum":0,"fixExecutingJobNum":0,"jvmMData":{"gcMap":{"FullGCCollectionTime":14,"SpanYoungGCCollectionCount":0,"SpanFullGCCollectionCount":0,"YoungGCCollectionCount":2,"FullGCCollectionCount":1,"SpanYoungGCCollectionTime":0,"YoungGCCollectionTime":39,"SpanFullGCCollectionTime":0},"memoryMap":{"HeapMemoryMax":3817865216,"SurvivorUsed":0,"OldGenCommitted":86507520,"PermGenUsed":0,"NonHeapMemoryUsed":30571448,"OldGenMax":2863661056,"SurvivorInit":11010048,"PermGenCommitted":0,"PermGenMax":0,"OldGenUsed":7197256,"EdenSpaceUsed":27307064,"NonHeapMemoryCommitted":31637504,"HeapMemoryInit":268435456,"HeapMemoryCommitted":231735296,"SurvivorMax":11010048,"EdenSpaceCommitted":134217728,"OldGenInit":179306496,"EdenSpaceMax":1409286144,"SurvivorCommitted":11010048,"NonHeapMemoryMax":-1,"NonHeapMemoryInit":2555904,"HeapMemoryUsed":34504320,"EdenSpaceInit":67108864,"PermGenInit":0},"threadMap":{"ThreadCount":30,"TotalStartedThreadCount":34,"DeadLockedThreadCount":0,"ProcessCpuTimeRate":5.441,"DaemonThreadCount":27}},"pushJobNum":0,"receiveJobNum":0,"timestamp":1778724120000},{"exeExceptionNum":0,"exeFailedNum":0,"exeLaterNum":0,"exeSuccessNum":0,"fixExecutingJobNum":0,"jvmMData":{"gcMap":{"FullGCCollectionTime":14,"SpanYoungGCCollectionCount":0,"SpanFullGCCollectionCount":0,"YoungGCCollectionCount":2,"FullGCCollectionCount":1,"SpanYoungGCCollectionTime":0,"YoungGCCollectionTime":39,"SpanFullGCCollectionTime":0},"memoryMap":{"HeapMemoryMax":3817865216,"SurvivorUsed":0,"OldGenCommitted":86507520,"PermGenUsed":0,"NonHeapMemoryUsed":31927272,"OldGenMax":2863661056,"SurvivorInit":11010048,"PermGenCommitted":0,"PermGenMax":0,"OldGenUsed":7197256,"EdenSpaceUsed":41404560,"NonHeapMemoryCommitted":32899072,"HeapMemoryInit":268435456,"HeapMemoryCommitted":231735296,"SurvivorMax":11010048,"EdenSpaceCommitted":134217728,"OldGenInit":179306496,"EdenSpaceMax":1409286144,"SurvivorCommitted":11010048,"NonHeapMemoryMax":-1,"NonHeapMemoryInit":2555904,"HeapMemoryUsed":48601816,"EdenSpaceInit":67108864,"PermGenInit":0},"threadMap":{"ThreadCount":41,"TotalStartedThreadCount":49,"DeadLockedThreadCount":0,"ProcessCpuTimeRate":3.235,"DaemonThreadCount":37}},"pushJobNum":0,"receiveJobNum":0,"timestamp":1778724180000},{"exeExceptionNum":0,"exeFailedNum":0,"exeLaterNum":0,"exeSuccessNum":0,"fixExecutingJobNum":0,"jvmMData":{"gcMap":{"FullGCCollectionTime":14,"SpanYoungGCCollectionCount":1,"SpanFullGCCollectionCount":0,"YoungGCCollectionCount":3,"FullGCCollectionCount":1,"SpanYoungGCCollectionTime":14,"YoungGCCollectionTime":53,"SpanFullGCCollectionTime":0},"memoryMap":{"HeapMemoryMax":3817865216,"SurvivorUsed":2341800,"OldGenCommitted":86507520,"PermGenUsed":0,"NonHeapMemoryUsed":33150888,"OldGenMax":2863661056,"SurvivorInit":11010048,"PermGenCommitted":0,"PermGenMax":0,"OldGenUsed":7205448,"EdenSpaceUsed":20897976,"NonHeapMemoryCommitted":34275328,"HeapMemoryInit":268435456,"HeapMemoryCommitted":231735296,"SurvivorMax":11010048,"EdenSpaceCommitted":134217728,"OldGenInit":179306496,"EdenSpaceMax":1409286144,"SurvivorCommitted":11010048,"NonHeapMemoryMax":-1,"NonHeapMemoryInit":2555904,"HeapMemoryUsed":30445224,"EdenSpaceInit":67108864,"PermGenInit":0},"threadMap":{"ThreadCount":196,"TotalStartedThreadCount":262,"DeadLockedThreadCount":0,"ProcessCpuTimeRate":6.438,"DaemonThreadCount":192}},"pushJobNum":0,"receiveJobNum":0,"timestamp":1778724240000},{"exeExceptionNum":0,"exeFailedNum":0,"exeLaterNum":0,"exeSuccessNum":0,"fixExecutingJobNum":0,"jvmMData":{"gcMap":{"FullGCCollectionTime":14,"SpanYoungGCCollectionCount":0,"SpanFullGCCollectionCount":0,"YoungGCCollectionCount":3,"FullGCCollectionCount":1,"SpanYoungGCCollectionTime":0,"YoungGCCollectionTime":53,"SpanFullGCCollectionTime":0},"memoryMap":{"HeapMemoryMax":3817865216,"SurvivorUsed":2341800,"OldGenCommitted":86507520,"PermGenUsed":0,"NonHeapMemoryUsed":34708688,"OldGenMax":2863661056,"SurvivorInit":11010048,"PermGenCommitted":0,"PermGenMax":0,"OldGenUsed":7205448,"EdenSpaceUsed":60142632,"NonHeapMemoryCommitted":35782656,"HeapMemoryInit":268435456,"HeapMemoryCommitted":231735296,"SurvivorMax":11010048,"EdenSpaceCommitted":134217728,"OldGenInit":179306496,"EdenSpaceMax":1409286144,"SurvivorCommitted":11010048,"NonHeapMemoryMax":-1,"NonHeapMemoryInit":2555904,"HeapMemoryUsed":69689880,"EdenSpaceInit":67108864,"PermGenInit":0},"threadMap":{"ThreadCount":215,"TotalStartedThreadCount":340,"DeadLockedThreadCount":0,"ProcessCpuTimeRate":4.987,"DaemonThreadCount":211}},"pushJobNum":0,"receiveJobNum":0,"timestamp":1778724300000},{"exeExceptionNum":0,"exeFailedNum":0,"exeLaterNum":0,"exeSuccessNum":0,"fixExecutingJobNum":0,"jvmMData":{"gcMap":{"FullGCCollectionTime":14,"SpanYoungGCCollectionCount":0,"SpanFullGCCollectionCount":0,"YoungGCCollectionCount":3,"FullGCCollectionCount":1,"SpanYoungGCCollectionTime":0,"YoungGCCollectionTime":53,"SpanFullGCCollectionTime":0},"memoryMap":{"HeapMemoryMax":3817865216,"SurvivorUsed":2341800,"OldGenCommitted":86507520,"PermGenUsed":0,"NonHeapMemoryUsed":35370336,"OldGenMax":2863661056,"SurvivorInit":11010048,"PermGenCommitted":0,"PermGenMax":0,"OldGenUsed":7205448,"EdenSpaceUsed":69433392,"NonHeapMemoryCommitted":36372480,"HeapMemoryInit":268435456,"HeapMemoryCommitted":231735296,"SurvivorMax":11010048,"EdenSpaceCommitted":134217728,"OldGenInit":179306496,"EdenSpaceMax":1409286144,"SurvivorCommitted":11010048,"NonHeapMemoryMax":-1,"NonHeapMemoryInit":2555904,"HeapMemoryUsed":78980640,"EdenSpaceInit":67108864,"PermGenInit":0},"threadMap":{"ThreadCount":215,"TotalStartedThreadCount":400,"DeadLockedThreadCount":0,"ProcessCpuTimeRate":4.004,"DaemonThreadCount":211}},"pushJobNum":0,"receiveJobNum":0,"timestamp":1778724360000},{"exeExceptionNum":0,"exeFailedNum":0,"exeLaterNum":0,"exeSuccessNum":0,"fixExecutingJobNum":0,"jvmMData":{"gcMap":{"FullGCCollectionTime":14,"SpanYoungGCCollectionCount":0,"SpanFullGCCollectionCount":0,"YoungGCCollectionCount":3,"FullGCCollectionCount":1,"SpanYoungGCCollectionTime":0,"YoungGCCollectionTime":53,"SpanFullGCCollectionTime":0},"memoryMap":{"HeapMemoryMax":3817865216,"SurvivorUsed":2341800,"OldGenCommitted":86507520,"PermGenUsed":0,"NonHeapMemoryUsed":36527472,"OldGenMax":2863661056,"SurvivorInit":11010048,"PermGenCommitted":0,"PermGenMax":0,"OldGenUsed":7205448,"EdenSpaceUsed":75563112,"NonHeapMemoryCommitted":37552128,"HeapMemoryInit":268435456,"HeapMemoryCommitted":231735296,"SurvivorMax":11010048,"EdenSpaceCommitted":134217728,"OldGenInit":179306496,"EdenSpaceMax":1409286144,"SurvivorCommitted":11010048,"NonHeapMemoryMax":-1,"NonHeapMemoryInit":2555904,"HeapMemoryUsed":85110360,"EdenSpaceInit":67108864,"PermGenInit":0},"threadMap":{"ThreadCount":215,"TotalStartedThreadCount":460,"DeadLockedThreadCount":0,"ProcessCpuTimeRate":5.054,"DaemonThreadCount":211}},"pushJobNum":0,"receiveJobNum":0,"timestamp":1778724420000},{"exeExceptionNum":0,"exeFailedNum":0,"exeLaterNum":0,"exeSuccessNum":0,"fixExecutingJobNum":0,"jvmMData":{"gcMap":{"FullGCCollectionTime":14,"SpanYoungGCCollectionCount":0,"SpanFullGCCollectionCount":0,"YoungGCCollectionCount":3,"FullGCCollectionCount":1,"SpanYoungGCCollectionTime":0,"YoungGCCollectionTime":53,"SpanFullGCCollectionTime":0},"memoryMap":{"HeapMemoryMax":3817865216,"SurvivorUsed":2341800,"OldGenCommitted":86507520,"PermGenUsed":0,"NonHeapMemoryUsed":37098240,"OldGenMax":2863661056,"SurvivorInit":11010048,"PermGenCommitted":0,"PermGenMax":0,"OldGenUsed":7205448,"EdenSpaceUsed":81165552,"NonHeapMemoryCommitted":38010880,"HeapMemoryInit":268435456,"HeapMemoryCommitted":231735296,"SurvivorMax":11010048,"EdenSpaceCommitted":134217728,"OldGenInit":179306496,"EdenSpaceMax":1409286144,"SurvivorCommitted":11010048,"NonHeapMemoryMax":-1,"NonHeapMemoryInit":2555904,"HeapMemoryUsed":90712800,"EdenSpaceInit":67108864,"PermGenInit":0},"threadMap":{"ThreadCount":215,"TotalStartedThreadCount":518,"DeadLockedThreadCount":0,"ProcessCpuTimeRate":4.220,"DaemonThreadCount":211}},"pushJobNum":0,"receiveJobNum":0,"timestamp":1778724480000},{"exeExceptionNum":0,"exeFailedNum":0,"exeLaterNum":0,"exeSuccessNum":0,"fixExecutingJobNum":0,"jvmMData":{"gcMap":{"FullGCCollectionTime":14,"SpanYoungGCCollectionCount":0,"SpanFullGCCollectionCount":0,"YoungGCCollectionCount":3,"FullGCCollectionCount":1,"SpanYoungGCCollectionTime":0,"YoungGCCollectionTime":53,"SpanFullGCCollectionTime":0},"memoryMap":{"HeapMemoryMax":3817865216,"SurvivorUsed":2341800,"OldGenCommitted":86507520,"PermGenUsed":0,"NonHeapMemoryUsed":37775888,"OldGenMax":2863661056,"SurvivorInit":11010048,"PermGenCommitted":0,"PermGenMax":0,"OldGenUsed":7205448,"EdenSpaceUsed":87675712,"NonHeapMemoryCommitted":38797312,"HeapMemoryInit":268435456,"HeapMemoryCommitted":231735296,"SurvivorMax":11010048,"EdenSpaceCommitted":134217728,"OldGenInit":179306496,"EdenSpaceMax":1409286144,"SurvivorCommitted":11010048,"NonHeapMemoryMax":-1,"NonHeapMemoryInit":2555904,"HeapMemoryUsed":97222960,"EdenSpaceInit":67108864,"PermGenInit":0},"threadMap":{"ThreadCount":215,"TotalStartedThreadCount":578,"DeadLockedThreadCount":0,"ProcessCpuTimeRate":3.795,"DaemonThreadCount":211}},"pushJobNum":0,"receiveJobNum":0,"timestamp":1778724540000},{"exeExceptionNum":0,"exeFailedNum":0,"exeLaterNum":0,"exeSuccessNum":0,"fixExecutingJobNum":0,"jvmMData":{"gcMap":{"FullGCCollectionTime":14,"SpanYoungGCCollectionCount":0,"SpanFullGCCollectionCount":0,"YoungGCCollectionCount":3,"FullGCCollectionCount":1,"SpanYoungGCCollectionTime":0,"YoungGCCollectionTime":53,"SpanFullGCCollectionTime":0},"memoryMap":{"HeapMemoryMax":3817865216,"SurvivorUsed":2341800,"OldGenCommitted":86507520,"PermGenUsed":0,"NonHeapMemoryUsed":38210672,"OldGenMax":2863661056,"SurvivorInit":11010048,"PermGenCommitted":0,"PermGenMax":0,"OldGenUsed":7205448,"EdenSpaceUsed":94224568,"NonHeapMemoryCommitted":39190528,"HeapMemoryInit":268435456,"HeapMemoryCommitted":231735296,"SurvivorMax":11010048,"EdenSpaceCommitted":134217728,"OldGenInit":179306496,"EdenSpaceMax":1409286144,"SurvivorCommitted":11010048,"NonHeapMemoryMax":-1,"NonHeapMemoryInit":2555904,"HeapMemoryUsed":103771816,"EdenSpaceInit":67108864,"PermGenInit":0},"threadMap":{"ThreadCount":215,"TotalStartedThreadCount":638,"DeadLockedThreadCount":0,"ProcessCpuTimeRate":3.745,"DaemonThreadCount":211}},"pushJobNum":0,"receiveJobNum":0,"timestamp":1778724600000},{"exeExceptionNum":0,"exeFailedNum":0,"exeLaterNum":0,"exeSuccessNum":0,"fixExecutingJobNum":0,"jvmMData":{"gcMap":{"FullGCCollectionTime":14,"SpanYoungGCCollectionCount":0,"SpanFullGCCollectionCount":0,"YoungGCCollectionCount":3,"FullGCCollectionCount":1,"SpanYoungGCCollectionTime":0,"YoungGCCollectionTime":53,"SpanFullGCCollectionTime":0},"memoryMap":{"HeapMemoryMax":3817865216,"SurvivorUsed":2341800,"OldGenCommitted":86507520,"PermGenUsed":0,"NonHeapMemoryUsed":38465144,"OldGenMax":2863661056,"SurvivorInit":11010048,"PermGenCommitted":0,"PermGenMax":0,"OldGenUsed":7205448,"EdenSpaceUsed":101464760,"NonHeapMemoryCommitted":39649280,"HeapMemoryInit":268435456,"HeapMemoryCommitted":231735296,"SurvivorMax":11010048,"EdenSpaceCommitted":134217728,"OldGenInit":179306496,"EdenSpaceMax":1409286144,"SurvivorCommitted":11010048,"NonHeapMemoryMax":-1,"NonHeapMemoryInit":2555904,"HeapMemoryUsed":111012008,"EdenSpaceInit":67108864,"PermGenInit":0},"threadMap":{"ThreadCount":215,"TotalStartedThreadCount":696,"DeadLockedThreadCount":0,"ProcessCpuTimeRate":3.330,"DaemonThreadCount":211}},"pushJobNum":0,"receiveJobNum":0,"timestamp":1778724660000}], lts version: 1.7.3-SNAPSHOT, current host: 192.168.64.1
[lts] 2026-05-14 10:19:00,129 DEBUG [pool-1-thread-7] com.github.ltsopensource.core.logger.slf4j.Slf4jLogger.debug(32) | 
    INSERT 
    INTO
        `
        lts_admin_job_tracker_monitor_data`(
            `gmt_created`, `identity`, `timestamp`, `receive_job_num`, `push_job_num`, `exe_success_num`, `exe_failed_num`, `exe_later_num`, `exe_exception_num`, `fix_executing_job_num`
        ) 
    VALUES
        (?,?,?,?,?,?,?,?,?,?), lts version: 1.7.3-SNAPSHOT, current host: 192.168.64.1
[lts] 2026-05-14 10:19:00,168 DEBUG [pool-1-thread-7] com.github.ltsopensource.core.logger.slf4j.Slf4jLogger.debug(32) | 
    INSERT 
    INTO
        `
        lts_admin_jvm_gc`(
            `gmt_created`, `identity`, `timestamp`, `node_type`, `node_group`, `young_gc_collection_count`, `young_gc_collection_time`, `full_gc_collection_count`, `full_gc_collection_time`, `span_young_gc_collection_count`, `span_young_gc_collection_time`, `span_full_gc_collection_count`, `span_full_gc_collection_time`
        ) 
    VALUES
        (?,?,?,?,?,?,?,?,?,?,?,?,?), lts version: 1.7.3-SNAPSHOT, current host: 192.168.64.1
[lts] 2026-05-14 10:19:00,171 DEBUG [pool-1-thread-8] com.github.ltsopensource.core.logger.slf4j.Slf4jLogger.debug(32) | 
    INSERT 
    INTO
        `
        lts_admin_task_tracker_monitor_data`(
            `gmt_created`, `node_group`, `identity`, `timestamp`, `exe_success_num`, `exe_failed_num`, `exe_later_num`, `exe_exception_num`, `total_running_time`
        ) 
    VALUES
        (?,?,?,?,?,?,?,?,?), lts version: 1.7.3-SNAPSHOT, current host: 192.168.64.1
[lts] 2026-05-14 10:19:00,198 DEBUG [pool-1-thread-7] com.github.ltsopensource.core.logger.slf4j.Slf4jLogger.debug(32) | 
    INSERT 
    INTO
        `
        lts_admin_jvm_memory`(
            `gmt_created`, `identity`, `timestamp`, `node_type`, `node_group`, `heap_memory_committed`, `heap_memory_init`, `heap_memory_max`, `heap_memory_used`, `non_heap_memory_committed`, `non_heap_memory_init`, `non_heap_memory_max`, `non_heap_memory_used`, `perm_gen_committed`, `perm_gen_init`, `perm_gen_max`, `perm_gen_used`, `old_gen_committed`, `old_gen_init`, `old_gen_max`, `old_gen_used`, `eden_space_committed`, `eden_space_init`, `eden_space_max`, `eden_space_used`, `survivor_committed`, `survivor_init`, `survivor_max`, `survivor_used`
        ) 
    VALUES
        (?,?,?,?,?,?,?,?,?,?,?,?,?,?,?,?,?,?,?,?,?,?,?,?,?,?,?,?,?), lts version: 1.7.3-SNAPSHOT, current host: 192.168.64.1
[lts] 2026-05-14 10:19:00,199 DEBUG [pool-1-thread-8] com.github.ltsopensource.core.logger.slf4j.Slf4jLogger.debug(32) | 
    INSERT 
    INTO
        `
        lts_admin_jvm_gc`(
            `gmt_created`, `identity`, `timestamp`, `node_type`, `node_group`, `young_gc_collection_count`, `young_gc_collection_time`, `full_gc_collection_count`, `full_gc_collection_time`, `span_young_gc_collection_count`, `span_young_gc_collection_time`, `span_full_gc_collection_count`, `span_full_gc_collection_time`
        ) 
    VALUES
        (?,?,?,?,?,?,?,?,?,?,?,?,?), lts version: 1.7.3-SNAPSHOT, current host: 192.168.64.1
[lts] 2026-05-14 10:19:00,214 DEBUG [pool-1-thread-8] com.github.ltsopensource.core.logger.slf4j.Slf4jLogger.debug(32) | 
    INSERT 
    INTO
        `
        lts_admin_jvm_memory`(
            `gmt_created`, `identity`, `timestamp`, `node_type`, `node_group`, `heap_memory_committed`, `heap_memory_init`, `heap_memory_max`, `heap_memory_used`, `non_heap_memory_committed`, `non_heap_memory_init`, `non_heap_memory_max`, `non_heap_memory_used`, `perm_gen_committed`, `perm_gen_init`, `perm_gen_max`, `perm_gen_used`, `old_gen_committed`, `old_gen_init`, `old_gen_max`, `old_gen_used`, `eden_space_committed`, `eden_space_init`, `eden_space_max`, `eden_space_used`, `survivor_committed`, `survivor_init`, `survivor_max`, `survivor_used`
        ) 
    VALUES
        (?,?,?,?,?,?,?,?,?,?,?,?,?,?,?,?,?,?,?,?,?,?,?,?,?,?,?,?,?), lts version: 1.7.3-SNAPSHOT, current host: 192.168.64.1
[lts] 2026-05-14 10:19:00,214 DEBUG [pool-1-thread-7] com.github.ltsopensource.core.logger.slf4j.Slf4jLogger.debug(32) | 
    INSERT 
    INTO
        `
        lts_admin_jvm_thread`(
            `gmt_created`, `identity`, `timestamp`, `node_type`, `node_group`, `daemon_thread_count`, `thread_count`, `total_started_thread_count`, `dead_locked_thread_count`, `process_cpu_time_rate`
        ) 
    VALUES
        (?,?,?,?,?,?,?,?,?,?), lts version: 1.7.3-SNAPSHOT, current host: 192.168.64.1
[lts] 2026-05-14 10:19:00,230 DEBUG [pool-1-thread-7] com.github.ltsopensource.core.logger.slf4j.Slf4jLogger.debug(32) | Add Monitor Data success, mNode={"identity":"JT_192.168.64.1_19709_10-02-49.861_1","nodeGroup":"lts","nodeType":"JOB_TRACKER"}, mData=[{"exeExceptionNum":0,"exeFailedNum":0,"exeLaterNum":0,"exeSuccessNum":0,"fixExecutingJobNum":0,"jvmMData":{"gcMap":{"FullGCCollectionTime":14,"SpanYoungGCCollectionCount":0,"SpanFullGCCollectionCount":0,"YoungGCCollectionCount":2,"FullGCCollectionCount":1,"SpanYoungGCCollectionTime":0,"YoungGCCollectionTime":39,"SpanFullGCCollectionTime":0},"memoryMap":{"HeapMemoryMax":3817865216,"SurvivorUsed":0,"OldGenCommitted":86507520,"PermGenUsed":0,"NonHeapMemoryUsed":30571448,"OldGenMax":2863661056,"SurvivorInit":11010048,"PermGenCommitted":0,"PermGenMax":0,"OldGenUsed":7197256,"EdenSpaceUsed":27307064,"NonHeapMemoryCommitted":31637504,"HeapMemoryInit":268435456,"HeapMemoryCommitted":231735296,"SurvivorMax":11010048,"EdenSpaceCommitted":134217728,"OldGenInit":179306496,"EdenSpaceMax":1409286144,"SurvivorCommitted":11010048,"NonHeapMemoryMax":-1,"NonHeapMemoryInit":2555904,"HeapMemoryUsed":34504320,"EdenSpaceInit":67108864,"PermGenInit":0},"threadMap":{"ThreadCount":30,"TotalStartedThreadCount":34,"DeadLockedThreadCount":0,"ProcessCpuTimeRate":5.441,"DaemonThreadCount":27}},"pushJobNum":0,"receiveJobNum":0,"timestamp":1778724120000},{"exeExceptionNum":0,"exeFailedNum":0,"exeLaterNum":0,"exeSuccessNum":0,"fixExecutingJobNum":0,"jvmMData":{"gcMap":{"FullGCCollectionTime":14,"SpanYoungGCCollectionCount":0,"SpanFullGCCollectionCount":0,"YoungGCCollectionCount":2,"FullGCCollectionCount":1,"SpanYoungGCCollectionTime":0,"YoungGCCollectionTime":39,"SpanFullGCCollectionTime":0},"memoryMap":{"HeapMemoryMax":3817865216,"SurvivorUsed":0,"OldGenCommitted":86507520,"PermGenUsed":0,"NonHeapMemoryUsed":31927272,"OldGenMax":2863661056,"SurvivorInit":11010048,"PermGenCommitted":0,"PermGenMax":0,"OldGenUsed":7197256,"EdenSpaceUsed":41404560,"NonHeapMemoryCommitted":32899072,"HeapMemoryInit":268435456,"HeapMemoryCommitted":231735296,"SurvivorMax":11010048,"EdenSpaceCommitted":134217728,"OldGenInit":179306496,"EdenSpaceMax":1409286144,"SurvivorCommitted":11010048,"NonHeapMemoryMax":-1,"NonHeapMemoryInit":2555904,"HeapMemoryUsed":48601816,"EdenSpaceInit":67108864,"PermGenInit":0},"threadMap":{"ThreadCount":41,"TotalStartedThreadCount":49,"DeadLockedThreadCount":0,"ProcessCpuTimeRate":3.235,"DaemonThreadCount":37}},"pushJobNum":0,"receiveJobNum":0,"timestamp":1778724180000},{"exeExceptionNum":0,"exeFailedNum":0,"exeLaterNum":0,"exeSuccessNum":0,"fixExecutingJobNum":0,"jvmMData":{"gcMap":{"FullGCCollectionTime":14,"SpanYoungGCCollectionCount":1,"SpanFullGCCollectionCount":0,"YoungGCCollectionCount":3,"FullGCCollectionCount":1,"SpanYoungGCCollectionTime":14,"YoungGCCollectionTime":53,"SpanFullGCCollectionTime":0},"memoryMap":{"HeapMemoryMax":3817865216,"SurvivorUsed":2341800,"OldGenCommitted":86507520,"PermGenUsed":0,"NonHeapMemoryUsed":33150888,"OldGenMax":2863661056,"SurvivorInit":11010048,"PermGenCommitted":0,"PermGenMax":0,"OldGenUsed":7205448,"EdenSpaceUsed":20897976,"NonHeapMemoryCommitted":34275328,"HeapMemoryInit":268435456,"HeapMemoryCommitted":231735296,"SurvivorMax":11010048,"EdenSpaceCommitted":134217728,"OldGenInit":179306496,"EdenSpaceMax":1409286144,"SurvivorCommitted":11010048,"NonHeapMemoryMax":-1,"NonHeapMemoryInit":2555904,"HeapMemoryUsed":30445224,"EdenSpaceInit":67108864,"PermGenInit":0},"threadMap":{"ThreadCount":196,"TotalStartedThreadCount":262,"DeadLockedThreadCount":0,"ProcessCpuTimeRate":6.438,"DaemonThreadCount":192}},"pushJobNum":0,"receiveJobNum":0,"timestamp":1778724240000},{"exeExceptionNum":0,"exeFailedNum":0,"exeLaterNum":0,"exeSuccessNum":0,"fixExecutingJobNum":0,"jvmMData":{"gcMap":{"FullGCCollectionTime":14,"SpanYoungGCCollectionCount":0,"SpanFullGCCollectionCount":0,"YoungGCCollectionCount":3,"FullGCCollectionCount":1,"SpanYoungGCCollectionTime":0,"YoungGCCollectionTime":53,"SpanFullGCCollectionTime":0},"memoryMap":{"HeapMemoryMax":3817865216,"SurvivorUsed":2341800,"OldGenCommitted":86507520,"PermGenUsed":0,"NonHeapMemoryUsed":34708688,"OldGenMax":2863661056,"SurvivorInit":11010048,"PermGenCommitted":0,"PermGenMax":0,"OldGenUsed":7205448,"EdenSpaceUsed":60142632,"NonHeapMemoryCommitted":35782656,"HeapMemoryInit":268435456,"HeapMemoryCommitted":231735296,"SurvivorMax":11010048,"EdenSpaceCommitted":134217728,"OldGenInit":179306496,"EdenSpaceMax":1409286144,"SurvivorCommitted":11010048,"NonHeapMemoryMax":-1,"NonHeapMemoryInit":2555904,"HeapMemoryUsed":69689880,"EdenSpaceInit":67108864,"PermGenInit":0},"threadMap":{"ThreadCount":215,"TotalStartedThreadCount":340,"DeadLockedThreadCount":0,"ProcessCpuTimeRate":4.987,"DaemonThreadCount":211}},"pushJobNum":0,"receiveJobNum":0,"timestamp":1778724300000},{"exeExceptionNum":0,"exeFailedNum":0,"exeLaterNum":0,"exeSuccessNum":0,"fixExecutingJobNum":0,"jvmMData":{"gcMap":{"FullGCCollectionTime":14,"SpanYoungGCCollectionCount":0,"SpanFullGCCollectionCount":0,"YoungGCCollectionCount":3,"FullGCCollectionCount":1,"SpanYoungGCCollectionTime":0,"YoungGCCollectionTime":53,"SpanFullGCCollectionTime":0},"memoryMap":{"HeapMemoryMax":3817865216,"SurvivorUsed":2341800,"OldGenCommitted":86507520,"PermGenUsed":0,"NonHeapMemoryUsed":35370336,"OldGenMax":2863661056,"SurvivorInit":11010048,"PermGenCommitted":0,"PermGenMax":0,"OldGenUsed":7205448,"EdenSpaceUsed":69433392,"NonHeapMemoryCommitted":36372480,"HeapMemoryInit":268435456,"HeapMemoryCommitted":231735296,"SurvivorMax":11010048,"EdenSpaceCommitted":134217728,"OldGenInit":179306496,"EdenSpaceMax":1409286144,"SurvivorCommitted":11010048,"NonHeapMemoryMax":-1,"NonHeapMemoryInit":2555904,"HeapMemoryUsed":78980640,"EdenSpaceInit":67108864,"PermGenInit":0},"threadMap":{"ThreadCount":215,"TotalStartedThreadCount":400,"DeadLockedThreadCount":0,"ProcessCpuTimeRate":4.004,"DaemonThreadCount":211}},"pushJobNum":0,"receiveJobNum":0,"timestamp":1778724360000},{"exeExceptionNum":0,"exeFailedNum":0,"exeLaterNum":0,"exeSuccessNum":0,"fixExecutingJobNum":0,"jvmMData":{"gcMap":{"FullGCCollectionTime":14,"SpanYoungGCCollectionCount":0,"SpanFullGCCollectionCount":0,"YoungGCCollectionCount":3,"FullGCCollectionCount":1,"SpanYoungGCCollectionTime":0,"YoungGCCollectionTime":53,"SpanFullGCCollectionTime":0},"memoryMap":{"HeapMemoryMax":3817865216,"SurvivorUsed":2341800,"OldGenCommitted":86507520,"PermGenUsed":0,"NonHeapMemoryUsed":36527472,"OldGenMax":2863661056,"SurvivorInit":11010048,"PermGenCommitted":0,"PermGenMax":0,"OldGenUsed":7205448,"EdenSpaceUsed":75563112,"NonHeapMemoryCommitted":37552128,"HeapMemoryInit":268435456,"HeapMemoryCommitted":231735296,"SurvivorMax":11010048,"EdenSpaceCommitted":134217728,"OldGenInit":179306496,"EdenSpaceMax":1409286144,"SurvivorCommitted":11010048,"NonHeapMemoryMax":-1,"NonHeapMemoryInit":2555904,"HeapMemoryUsed":85110360,"EdenSpaceInit":67108864,"PermGenInit":0},"threadMap":{"ThreadCount":215,"TotalStartedThreadCount":460,"DeadLockedThreadCount":0,"ProcessCpuTimeRate":5.054,"DaemonThreadCount":211}},"pushJobNum":0,"receiveJobNum":0,"timestamp":1778724420000},{"exeExceptionNum":0,"exeFailedNum":0,"exeLaterNum":0,"exeSuccessNum":0,"fixExecutingJobNum":0,"jvmMData":{"gcMap":{"FullGCCollectionTime":14,"SpanYoungGCCollectionCount":0,"SpanFullGCCollectionCount":0,"YoungGCCollectionCount":3,"FullGCCollectionCount":1,"SpanYoungGCCollectionTime":0,"YoungGCCollectionTime":53,"SpanFullGCCollectionTime":0},"memoryMap":{"HeapMemoryMax":3817865216,"SurvivorUsed":2341800,"OldGenCommitted":86507520,"PermGenUsed":0,"NonHeapMemoryUsed":37098240,"OldGenMax":2863661056,"SurvivorInit":11010048,"PermGenCommitted":0,"PermGenMax":0,"OldGenUsed":7205448,"EdenSpaceUsed":81165552,"NonHeapMemoryCommitted":38010880,"HeapMemoryInit":268435456,"HeapMemoryCommitted":231735296,"SurvivorMax":11010048,"EdenSpaceCommitted":134217728,"OldGenInit":179306496,"EdenSpaceMax":1409286144,"SurvivorCommitted":11010048,"NonHeapMemoryMax":-1,"NonHeapMemoryInit":2555904,"HeapMemoryUsed":90712800,"EdenSpaceInit":67108864,"PermGenInit":0},"threadMap":{"ThreadCount":215,"TotalStartedThreadCount":518,"DeadLockedThreadCount":0,"ProcessCpuTimeRate":4.220,"DaemonThreadCount":211}},"pushJobNum":0,"receiveJobNum":0,"timestamp":1778724480000},{"exeExceptionNum":0,"exeFailedNum":0,"exeLaterNum":0,"exeSuccessNum":0,"fixExecutingJobNum":0,"jvmMData":{"gcMap":{"FullGCCollectionTime":14,"SpanYoungGCCollectionCount":0,"SpanFullGCCollectionCount":0,"YoungGCCollectionCount":3,"FullGCCollectionCount":1,"SpanYoungGCCollectionTime":0,"YoungGCCollectionTime":53,"SpanFullGCCollectionTime":0},"memoryMap":{"HeapMemoryMax":3817865216,"SurvivorUsed":2341800,"OldGenCommitted":86507520,"PermGenUsed":0,"NonHeapMemoryUsed":37775888,"OldGenMax":2863661056,"SurvivorInit":11010048,"PermGenCommitted":0,"PermGenMax":0,"OldGenUsed":7205448,"EdenSpaceUsed":87675712,"NonHeapMemoryCommitted":38797312,"HeapMemoryInit":268435456,"HeapMemoryCommitted":231735296,"SurvivorMax":11010048,"EdenSpaceCommitted":134217728,"OldGenInit":179306496,"EdenSpaceMax":1409286144,"SurvivorCommitted":11010048,"NonHeapMemoryMax":-1,"NonHeapMemoryInit":2555904,"HeapMemoryUsed":97222960,"EdenSpaceInit":67108864,"PermGenInit":0},"threadMap":{"ThreadCount":215,"TotalStartedThreadCount":578,"DeadLockedThreadCount":0,"ProcessCpuTimeRate":3.795,"DaemonThreadCount":211}},"pushJobNum":0,"receiveJobNum":0,"timestamp":1778724540000},{"exeExceptionNum":0,"exeFailedNum":0,"exeLaterNum":0,"exeSuccessNum":0,"fixExecutingJobNum":0,"jvmMData":{"gcMap":{"FullGCCollectionTime":14,"SpanYoungGCCollectionCount":0,"SpanFullGCCollectionCount":0,"YoungGCCollectionCount":3,"FullGCCollectionCount":1,"SpanYoungGCCollectionTime":0,"YoungGCCollectionTime":53,"SpanFullGCCollectionTime":0},"memoryMap":{"HeapMemoryMax":3817865216,"SurvivorUsed":2341800,"OldGenCommitted":86507520,"PermGenUsed":0,"NonHeapMemoryUsed":38210672,"OldGenMax":2863661056,"SurvivorInit":11010048,"PermGenCommitted":0,"PermGenMax":0,"OldGenUsed":7205448,"EdenSpaceUsed":94224568,"NonHeapMemoryCommitted":39190528,"HeapMemoryInit":268435456,"HeapMemoryCommitted":231735296,"SurvivorMax":11010048,"EdenSpaceCommitted":134217728,"OldGenInit":179306496,"EdenSpaceMax":1409286144,"SurvivorCommitted":11010048,"NonHeapMemoryMax":-1,"NonHeapMemoryInit":2555904,"HeapMemoryUsed":103771816,"EdenSpaceInit":67108864,"PermGenInit":0},"threadMap":{"ThreadCount":215,"TotalStartedThreadCount":638,"DeadLockedThreadCount":0,"ProcessCpuTimeRate":3.745,"DaemonThreadCount":211}},"pushJobNum":0,"receiveJobNum":0,"timestamp":1778724600000},{"exeExceptionNum":0,"exeFailedNum":0,"exeLaterNum":0,"exeSuccessNum":0,"fixExecutingJobNum":0,"jvmMData":{"gcMap":{"FullGCCollectionTime":14,"SpanYoungGCCollectionCount":0,"SpanFullGCCollectionCount":0,"YoungGCCollectionCount":3,"FullGCCollectionCount":1,"SpanYoungGCCollectionTime":0,"YoungGCCollectionTime":53,"SpanFullGCCollectionTime":0},"memoryMap":{"HeapMemoryMax":3817865216,"SurvivorUsed":2341800,"OldGenCommitted":86507520,"PermGenUsed":0,"NonHeapMemoryUsed":38465144,"OldGenMax":2863661056,"SurvivorInit":11010048,"PermGenCommitted":0,"PermGenMax":0,"OldGenUsed":7205448,"EdenSpaceUsed":101464760,"NonHeapMemoryCommitted":39649280,"HeapMemoryInit":268435456,"HeapMemoryCommitted":231735296,"SurvivorMax":11010048,"EdenSpaceCommitted":134217728,"OldGenInit":179306496,"EdenSpaceMax":1409286144,"SurvivorCommitted":11010048,"NonHeapMemoryMax":-1,"NonHeapMemoryInit":2555904,"HeapMemoryUsed":111012008,"EdenSpaceInit":67108864,"PermGenInit":0},"threadMap":{"ThreadCount":215,"TotalStartedThreadCount":696,"DeadLockedThreadCount":0,"ProcessCpuTimeRate":3.330,"DaemonThreadCount":211}},"pushJobNum":0,"receiveJobNum":0,"timestamp":1778724660000}], lts version: 1.7.3-SNAPSHOT, current host: 192.168.64.1
[lts] 2026-05-14 10:19:00,230 DEBUG [pool-1-thread-8] com.github.ltsopensource.core.logger.slf4j.Slf4jLogger.debug(32) | 
    INSERT 
    INTO
        `
        lts_admin_jvm_thread`(
            `gmt_created`, `identity`, `timestamp`, `node_type`, `node_group`, `daemon_thread_count`, `thread_count`, `total_started_thread_count`, `dead_locked_thread_count`, `process_cpu_time_rate`
        ) 
    VALUES
        (?,?,?,?,?,?,?,?,?,?), lts version: 1.7.3-SNAPSHOT, current host: 192.168.64.1
[lts] 2026-05-14 10:19:00,249 DEBUG [pool-1-thread-8] com.github.ltsopensource.core.logger.slf4j.Slf4jLogger.debug(32) | Add Monitor Data success, mNode={"identity":"TT_192.168.64.1_19784_10-03-55.606_1","nodeGroup":"test_trade_taskTracker","nodeType":"TASK_TRACKER"}, mData=[{"exeExceptionNum":0,"exeFailedNum":0,"exeLaterNum":0,"exeSuccessNum":0,"jvmMData":{"gcMap":{"FullGCCollectionTime":0,"SpanYoungGCCollectionCount":0,"SpanFullGCCollectionCount":0,"YoungGCCollectionCount":1,"FullGCCollectionCount":0,"SpanYoungGCCollectionTime":0,"YoungGCCollectionTime":18,"SpanFullGCCollectionTime":0},"memoryMap":{"HeapMemoryMax":3817865216,"SurvivorUsed":7829944,"OldGenCommitted":179306496,"PermGenUsed":0,"NonHeapMemoryUsed":20431784,"OldGenMax":2863661056,"SurvivorInit":11010048,"PermGenCommitted":0,"PermGenMax":0,"OldGenUsed":8192,"EdenSpaceUsed":6688136,"NonHeapMemoryCommitted":21168128,"HeapMemoryInit":268435456,"HeapMemoryCommitted":257425408,"SurvivorMax":11010048,"EdenSpaceCommitted":67108864,"OldGenInit":179306496,"EdenSpaceMax":1409286144,"SurvivorCommitted":11010048,"NonHeapMemoryMax":-1,"NonHeapMemoryInit":2555904,"HeapMemoryUsed":14526272,"EdenSpaceInit":67108864,"PermGenInit":0},"threadMap":{"ThreadCount":25,"TotalStartedThreadCount":28,"DeadLockedThreadCount":0,"ProcessCpuTimeRate":12.10,"DaemonThreadCount":22}},"timestamp":1778724180000,"totalRunningTime":0},{"exeExceptionNum":0,"exeFailedNum":0,"exeLaterNum":0,"exeSuccessNum":0,"jvmMData":{"gcMap":{"FullGCCollectionTime":0,"SpanYoungGCCollectionCount":0,"SpanFullGCCollectionCount":0,"YoungGCCollectionCount":1,"FullGCCollectionCount":0,"SpanYoungGCCollectionTime":0,"YoungGCCollectionTime":18,"SpanFullGCCollectionTime":0},"memoryMap":{"HeapMemoryMax":3817865216,"SurvivorUsed":7829944,"OldGenCommitted":179306496,"PermGenUsed":0,"NonHeapMemoryUsed":21548768,"OldGenMax":2863661056,"SurvivorInit":11010048,"PermGenCommitted":0,"PermGenMax":0,"OldGenUsed":8192,"EdenSpaceUsed":14087256,"NonHeapMemoryCommitted":22413312,"HeapMemoryInit":268435456,"HeapMemoryCommitted":257425408,"SurvivorMax":11010048,"EdenSpaceCommitted":67108864,"OldGenInit":179306496,"EdenSpaceMax":1409286144,"SurvivorCommitted":11010048,"NonHeapMemoryMax":-1,"NonHeapMemoryInit":2555904,"HeapMemoryUsed":21925392,"EdenSpaceInit":67108864,"PermGenInit":0},"threadMap":{"ThreadCount":24,"TotalStartedThreadCount":28,"DeadLockedThreadCount":0,"ProcessCpuTimeRate":3.338,"DaemonThreadCount":21}},"timestamp":1778724240000,"totalRunningTime":0},{"exeExceptionNum":0,"exeFailedNum":0,"exeLaterNum":0,"exeSuccessNum":0,"jvmMData":{"gcMap":{"FullGCCollectionTime":0,"SpanYoungGCCollectionCount":0,"SpanFullGCCollectionCount":0,"YoungGCCollectionCount":1,"FullGCCollectionCount":0,"SpanYoungGCCollectionTime":0,"YoungGCCollectionTime":18,"SpanFullGCCollectionTime":0},"memoryMap":{"HeapMemoryMax":3817865216,"SurvivorUsed":7829944,"OldGenCommitted":179306496,"PermGenUsed":0,"NonHeapMemoryUsed":21989680,"OldGenMax":2863661056,"SurvivorInit":11010048,"PermGenCommitted":0,"PermGenMax":0,"OldGenUsed":8192,"EdenSpaceUsed":16791488,"NonHeapMemoryCommitted":22806528,"HeapMemoryInit":268435456,"HeapMemoryCommitted":257425408,"SurvivorMax":11010048,"EdenSpaceCommitted":67108864,"OldGenInit":179306496,"EdenSpaceMax":1409286144,"SurvivorCommitted":11010048,"NonHeapMemoryMax":-1,"NonHeapMemoryInit":2555904,"HeapMemoryUsed":24629624,"EdenSpaceInit":67108864,"PermGenInit":0},"threadMap":{"ThreadCount":24,"TotalStartedThreadCount":28,"DeadLockedThreadCount":0,"ProcessCpuTimeRate":2.289,"DaemonThreadCount":21}},"timestamp":1778724300000,"totalRunningTime":0},{"exeExceptionNum":0,"exeFailedNum":0,"exeLaterNum":0,"exeSuccessNum":0,"jvmMData":{"gcMap":{"FullGCCollectionTime":0,"SpanYoungGCCollectionCount":0,"SpanFullGCCollectionCount":0,"YoungGCCollectionCount":1,"FullGCCollectionCount":0,"SpanYoungGCCollectionTime":0,"YoungGCCollectionTime":18,"SpanFullGCCollectionTime":0},"memoryMap":{"HeapMemoryMax":3817865216,"SurvivorUsed":7829944,"OldGenCommitted":179306496,"PermGenUsed":0,"NonHeapMemoryUsed":21988632,"OldGenMax":2863661056,"SurvivorInit":11010048,"PermGenCommitted":0,"PermGenMax":0,"OldGenUsed":8192,"EdenSpaceUsed":18808208,"NonHeapMemoryCommitted":23003136,"HeapMemoryInit":268435456,"HeapMemoryCommitted":257425408,"SurvivorMax":11010048,"EdenSpaceCommitted":67108864,"OldGenInit":179306496,"EdenSpaceMax":1409286144,"SurvivorCommitted":11010048,"NonHeapMemoryMax":-1,"NonHeapMemoryInit":2555904,"HeapMemoryUsed":26646344,"EdenSpaceInit":67108864,"PermGenInit":0},"threadMap":{"ThreadCount":24,"TotalStartedThreadCount":28,"DeadLockedThreadCount":0,"ProcessCpuTimeRate":2.171,"DaemonThreadCount":21}},"timestamp":1778724360000,"totalRunningTime":0},{"exeExceptionNum":0,"exeFailedNum":0,"exeLaterNum":0,"exeSuccessNum":0,"jvmMData":{"gcMap":{"FullGCCollectionTime":0,"SpanYoungGCCollectionCount":0,"SpanFullGCCollectionCount":0,"YoungGCCollectionCount":1,"FullGCCollectionCount":0,"SpanYoungGCCollectionTime":0,"YoungGCCollectionTime":18,"SpanFullGCCollectionTime":0},"memoryMap":{"HeapMemoryMax":3817865216,"SurvivorUsed":7829944,"OldGenCommitted":179306496,"PermGenUsed":0,"NonHeapMemoryUsed":22197712,"OldGenMax":2863661056,"SurvivorInit":11010048,"PermGenCommitted":0,"PermGenMax":0,"OldGenUsed":8192,"EdenSpaceUsed":23538952,"NonHeapMemoryCommitted":23003136,"HeapMemoryInit":268435456,"HeapMemoryCommitted":257425408,"SurvivorMax":11010048,"EdenSpaceCommitted":67108864,"OldGenInit":179306496,"EdenSpaceMax":1409286144,"SurvivorCommitted":11010048,"NonHeapMemoryMax":-1,"NonHeapMemoryInit":2555904,"HeapMemoryUsed":31377088,"EdenSpaceInit":67108864,"PermGenInit":0},"threadMap":{"ThreadCount":24,"TotalStartedThreadCount":28,"DeadLockedThreadCount":0,"ProcessCpuTimeRate":2.075,"DaemonThreadCount":21}},"timestamp":1778724420000,"totalRunningTime":0},{"exeExceptionNum":0,"exeFailedNum":0,"exeLaterNum":0,"exeSuccessNum":0,"jvmMData":{"gcMap":{"FullGCCollectionTime":0,"SpanYoungGCCollectionCount":0,"SpanFullGCCollectionCount":0,"YoungGCCollectionCount":1,"FullGCCollectionCount":0,"SpanYoungGCCollectionTime":0,"YoungGCCollectionTime":18,"SpanFullGCCollectionTime":0},"memoryMap":{"HeapMemoryMax":3817865216,"SurvivorUsed":7829944,"OldGenCommitted":179306496,"PermGenUsed":0,"NonHeapMemoryUsed":22475176,"OldGenMax":2863661056,"SurvivorInit":11010048,"PermGenCommitted":0,"PermGenMax":0,"OldGenUsed":8192,"EdenSpaceUsed":25552312,"NonHeapMemoryCommitted":23396352,"HeapMemoryInit":268435456,"HeapMemoryCommitted":257425408,"SurvivorMax":11010048,"EdenSpaceCommitted":67108864,"OldGenInit":179306496,"EdenSpaceMax":1409286144,"SurvivorCommitted":11010048,"NonHeapMemoryMax":-1,"NonHeapMemoryInit":2555904,"HeapMemoryUsed":33390448,"EdenSpaceInit":67108864,"PermGenInit":0},"threadMap":{"ThreadCount":24,"TotalStartedThreadCount":28,"DeadLockedThreadCount":0,"ProcessCpuTimeRate":2.404,"DaemonThreadCount":21}},"timestamp":1778724480000,"totalRunningTime":0},{"exeExceptionNum":0,"exeFailedNum":0,"exeLaterNum":0,"exeSuccessNum":0,"jvmMData":{"gcMap":{"FullGCCollectionTime":0,"SpanYoungGCCollectionCount":0,"SpanFullGCCollectionCount":0,"YoungGCCollectionCount":1,"FullGCCollectionCount":0,"SpanYoungGCCollectionTime":0,"YoungGCCollectionTime":18,"SpanFullGCCollectionTime":0},"memoryMap":{"HeapMemoryMax":3817865216,"SurvivorUsed":7829944,"OldGenCommitted":179306496,"PermGenUsed":0,"NonHeapMemoryUsed":22553792,"OldGenMax":2863661056,"SurvivorInit":11010048,"PermGenCommitted":0,"PermGenMax":0,"OldGenUsed":8192,"EdenSpaceUsed":28276760,"NonHeapMemoryCommitted":23461888,"HeapMemoryInit":268435456,"HeapMemoryCommitted":257425408,"SurvivorMax":11010048,"EdenSpaceCommitted":67108864,"OldGenInit":179306496,"EdenSpaceMax":1409286144,"SurvivorCommitted":11010048,"NonHeapMemoryMax":-1,"NonHeapMemoryInit":2555904,"HeapMemoryUsed":36114896,"EdenSpaceInit":67108864,"PermGenInit":0},"threadMap":{"ThreadCount":24,"TotalStartedThreadCount":28,"DeadLockedThreadCount":0,"ProcessCpuTimeRate":2.029,"DaemonThreadCount":21}},"timestamp":1778724540000,"totalRunningTime":0},{"exeExceptionNum":0,"exeFailedNum":0,"exeLaterNum":0,"exeSuccessNum":0,"jvmMData":{"gcMap":{"FullGCCollectionTime":0,"SpanYoungGCCollectionCount":0,"SpanFullGCCollectionCount":0,"YoungGCCollectionCount":1,"FullGCCollectionCount":0,"SpanYoungGCCollectionTime":0,"YoungGCCollectionTime":18,"SpanFullGCCollectionTime":0},"memoryMap":{"HeapMemoryMax":3817865216,"SurvivorUsed":7829944,"OldGenCommitted":179306496,"PermGenUsed":0,"NonHeapMemoryUsed":22749224,"OldGenMax":2863661056,"SurvivorInit":11010048,"PermGenCommitted":0,"PermGenMax":0,"OldGenUsed":8192,"EdenSpaceUsed":30993144,"NonHeapMemoryCommitted":23592960,"HeapMemoryInit":268435456,"HeapMemoryCommitted":257425408,"SurvivorMax":11010048,"EdenSpaceCommitted":67108864,"OldGenInit":179306496,"EdenSpaceMax":1409286144,"SurvivorCommitted":11010048,"NonHeapMemoryMax":-1,"NonHeapMemoryInit":2555904,"HeapMemoryUsed":38831280,"EdenSpaceInit":67108864,"PermGenInit":0},"threadMap":{"ThreadCount":24,"TotalStartedThreadCount":28,"DeadLockedThreadCount":0,"ProcessCpuTimeRate":1.943,"DaemonThreadCount":21}},"timestamp":1778724600000,"totalRunningTime":0},{"exeExceptionNum":0,"exeFailedNum":0,"exeLaterNum":0,"exeSuccessNum":0,"jvmMData":{"gcMap":{"FullGCCollectionTime":0,"SpanYoungGCCollectionCount":0,"SpanFullGCCollectionCount":0,"YoungGCCollectionCount":1,"FullGCCollectionCount":0,"SpanYoungGCCollectionTime":0,"YoungGCCollectionTime":18,"SpanFullGCCollectionTime":0},"memoryMap":{"HeapMemoryMax":3817865216,"SurvivorUsed":7829944,"OldGenCommitted":179306496,"PermGenUsed":0,"NonHeapMemoryUsed":22875216,"OldGenMax":2863661056,"SurvivorInit":11010048,"PermGenCommitted":0,"PermGenMax":0,"OldGenUsed":8192,"EdenSpaceUsed":34362312,"NonHeapMemoryCommitted":23724032,"HeapMemoryInit":268435456,"HeapMemoryCommitted":257425408,"SurvivorMax":11010048,"EdenSpaceCommitted":67108864,"OldGenInit":179306496,"EdenSpaceMax":1409286144,"SurvivorCommitted":11010048,"NonHeapMemoryMax":-1,"NonHeapMemoryInit":2555904,"HeapMemoryUsed":42200448,"EdenSpaceInit":67108864,"PermGenInit":0},"threadMap":{"ThreadCount":24,"TotalStartedThreadCount":28,"DeadLockedThreadCount":0,"ProcessCpuTimeRate":1.731,"DaemonThreadCount":21}},"timestamp":1778724660000,"totalRunningTime":0},{"exeExceptionNum":0,"exeFailedNum":0,"exeLaterNum":0,"exeSuccessNum":0,"jvmMData":{"gcMap":{"FullGCCollectionTime":0,"SpanYoungGCCollectionCount":0,"SpanFullGCCollectionCount":0,"YoungGCCollectionCount":1,"FullGCCollectionCount":0,"SpanYoungGCCollectionTime":0,"YoungGCCollectionTime":18,"SpanFullGCCollectionTime":0},"memoryMap":{"HeapMemoryMax":3817865216,"SurvivorUsed":7829944,"OldGenCommitted":179306496,"PermGenUsed":0,"NonHeapMemoryUsed":23121600,"OldGenMax":2863661056,"SurvivorInit":11010048,"PermGenCommitted":0,"PermGenMax":0,"OldGenUsed":8192,"EdenSpaceUsed":36375672,"NonHeapMemoryCommitted":24051712,"HeapMemoryInit":268435456,"HeapMemoryCommitted":257425408,"SurvivorMax":11010048,"EdenSpaceCommitted":67108864,"OldGenInit":179306496,"EdenSpaceMax":1409286144,"SurvivorCommitted":11010048,"NonHeapMemoryMax":-1,"NonHeapMemoryInit":2555904,"HeapMemoryUsed":44213808,"EdenSpaceInit":67108864,"PermGenInit":0},"threadMap":{"ThreadCount":24,"TotalStartedThreadCount":28,"DeadLockedThreadCount":0,"ProcessCpuTimeRate":2.058,"DaemonThreadCount":21}},"timestamp":1778724720000,"totalRunningTime":0}], lts version: 1.7.3-SNAPSHOT, current host: 192.168.64.1
[lts] 2026-05-14 10:20:00,371 DEBUG [pool-1-thread-1] com.github.ltsopensource.core.logger.slf4j.Slf4jLogger.debug(32) | 
    INSERT 
    INTO
        `
        lts_admin_job_tracker_monitor_data`(
            `gmt_created`, `identity`, `timestamp`, `receive_job_num`, `push_job_num`, `exe_success_num`, `exe_failed_num`, `exe_later_num`, `exe_exception_num`, `fix_executing_job_num`
        ) 
    VALUES
        (?,?,?,?,?,?,?,?,?,?), lts version: 1.7.3-SNAPSHOT, current host: 192.168.64.1
[lts] 2026-05-14 10:20:00,374 DEBUG [pool-1-thread-2] com.github.ltsopensource.core.logger.slf4j.Slf4jLogger.debug(32) | 
    INSERT 
    INTO
        `
        lts_admin_task_tracker_monitor_data`(
            `gmt_created`, `node_group`, `identity`, `timestamp`, `exe_success_num`, `exe_failed_num`, `exe_later_num`, `exe_exception_num`, `total_running_time`
        ) 
    VALUES
        (?,?,?,?,?,?,?,?,?), lts version: 1.7.3-SNAPSHOT, current host: 192.168.64.1
[lts] 2026-05-14 10:20:00,405 DEBUG [pool-1-thread-1] com.github.ltsopensource.core.logger.slf4j.Slf4jLogger.debug(32) | 
    INSERT 
    INTO
        `
        lts_admin_jvm_gc`(
            `gmt_created`, `identity`, `timestamp`, `node_type`, `node_group`, `young_gc_collection_count`, `young_gc_collection_time`, `full_gc_collection_count`, `full_gc_collection_time`, `span_young_gc_collection_count`, `span_young_gc_collection_time`, `span_full_gc_collection_count`, `span_full_gc_collection_time`
        ) 
    VALUES
        (?,?,?,?,?,?,?,?,?,?,?,?,?), lts version: 1.7.3-SNAPSHOT, current host: 192.168.64.1
[lts] 2026-05-14 10:20:00,408 DEBUG [pool-1-thread-2] com.github.ltsopensource.core.logger.slf4j.Slf4jLogger.debug(32) | 
    INSERT 
    INTO
        `
        lts_admin_jvm_gc`(
            `gmt_created`, `identity`, `timestamp`, `node_type`, `node_group`, `young_gc_collection_count`, `young_gc_collection_time`, `full_gc_collection_count`, `full_gc_collection_time`, `span_young_gc_collection_count`, `span_young_gc_collection_time`, `span_full_gc_collection_count`, `span_full_gc_collection_time`
        ) 
    VALUES
        (?,?,?,?,?,?,?,?,?,?,?,?,?), lts version: 1.7.3-SNAPSHOT, current host: 192.168.64.1
[lts] 2026-05-14 10:20:00,425 DEBUG [pool-1-thread-1] com.github.ltsopensource.core.logger.slf4j.Slf4jLogger.debug(32) | 
    INSERT 
    INTO
        `
        lts_admin_jvm_memory`(
            `gmt_created`, `identity`, `timestamp`, `node_type`, `node_group`, `heap_memory_committed`, `heap_memory_init`, `heap_memory_max`, `heap_memory_used`, `non_heap_memory_committed`, `non_heap_memory_init`, `non_heap_memory_max`, `non_heap_memory_used`, `perm_gen_committed`, `perm_gen_init`, `perm_gen_max`, `perm_gen_used`, `old_gen_committed`, `old_gen_init`, `old_gen_max`, `old_gen_used`, `eden_space_committed`, `eden_space_init`, `eden_space_max`, `eden_space_used`, `survivor_committed`, `survivor_init`, `survivor_max`, `survivor_used`
        ) 
    VALUES
        (?,?,?,?,?,?,?,?,?,?,?,?,?,?,?,?,?,?,?,?,?,?,?,?,?,?,?,?,?), lts version: 1.7.3-SNAPSHOT, current host: 192.168.64.1
[lts] 2026-05-14 10:20:00,426 DEBUG [pool-1-thread-2] com.github.ltsopensource.core.logger.slf4j.Slf4jLogger.debug(32) | 
    INSERT 
    INTO
        `
        lts_admin_jvm_memory`(
            `gmt_created`, `identity`, `timestamp`, `node_type`, `node_group`, `heap_memory_committed`, `heap_memory_init`, `heap_memory_max`, `heap_memory_used`, `non_heap_memory_committed`, `non_heap_memory_init`, `non_heap_memory_max`, `non_heap_memory_used`, `perm_gen_committed`, `perm_gen_init`, `perm_gen_max`, `perm_gen_used`, `old_gen_committed`, `old_gen_init`, `old_gen_max`, `old_gen_used`, `eden_space_committed`, `eden_space_init`, `eden_space_max`, `eden_space_used`, `survivor_committed`, `survivor_init`, `survivor_max`, `survivor_used`
        ) 
    VALUES
        (?,?,?,?,?,?,?,?,?,?,?,?,?,?,?,?,?,?,?,?,?,?,?,?,?,?,?,?,?), lts version: 1.7.3-SNAPSHOT, current host: 192.168.64.1
[lts] 2026-05-14 10:20:00,440 DEBUG [pool-1-thread-2] com.github.ltsopensource.core.logger.slf4j.Slf4jLogger.debug(32) | 
    INSERT 
    INTO
        `
        lts_admin_jvm_thread`(
            `gmt_created`, `identity`, `timestamp`, `node_type`, `node_group`, `daemon_thread_count`, `thread_count`, `total_started_thread_count`, `dead_locked_thread_count`, `process_cpu_time_rate`
        ) 
    VALUES
        (?,?,?,?,?,?,?,?,?,?), lts version: 1.7.3-SNAPSHOT, current host: 192.168.64.1
[lts] 2026-05-14 10:20:00,441 DEBUG [pool-1-thread-1] com.github.ltsopensource.core.logger.slf4j.Slf4jLogger.debug(32) | 
    INSERT 
    INTO
        `
        lts_admin_jvm_thread`(
            `gmt_created`, `identity`, `timestamp`, `node_type`, `node_group`, `daemon_thread_count`, `thread_count`, `total_started_thread_count`, `dead_locked_thread_count`, `process_cpu_time_rate`
        ) 
    VALUES
        (?,?,?,?,?,?,?,?,?,?), lts version: 1.7.3-SNAPSHOT, current host: 192.168.64.1
[lts] 2026-05-14 10:20:00,457 DEBUG [pool-1-thread-2] com.github.ltsopensource.core.logger.slf4j.Slf4jLogger.debug(32) | Add Monitor Data success, mNode={"identity":"TT_192.168.64.1_19784_10-03-55.606_1","nodeGroup":"test_trade_taskTracker","nodeType":"TASK_TRACKER"}, mData=[{"exeExceptionNum":0,"exeFailedNum":0,"exeLaterNum":0,"exeSuccessNum":0,"jvmMData":{"gcMap":{"FullGCCollectionTime":0,"SpanYoungGCCollectionCount":0,"SpanFullGCCollectionCount":0,"YoungGCCollectionCount":1,"FullGCCollectionCount":0,"SpanYoungGCCollectionTime":0,"YoungGCCollectionTime":18,"SpanFullGCCollectionTime":0},"memoryMap":{"HeapMemoryMax":3817865216,"SurvivorUsed":7829944,"OldGenCommitted":179306496,"PermGenUsed":0,"NonHeapMemoryUsed":20431784,"OldGenMax":2863661056,"SurvivorInit":11010048,"PermGenCommitted":0,"PermGenMax":0,"OldGenUsed":8192,"EdenSpaceUsed":6688136,"NonHeapMemoryCommitted":21168128,"HeapMemoryInit":268435456,"HeapMemoryCommitted":257425408,"SurvivorMax":11010048,"EdenSpaceCommitted":67108864,"OldGenInit":179306496,"EdenSpaceMax":1409286144,"SurvivorCommitted":11010048,"NonHeapMemoryMax":-1,"NonHeapMemoryInit":2555904,"HeapMemoryUsed":14526272,"EdenSpaceInit":67108864,"PermGenInit":0},"threadMap":{"ThreadCount":25,"TotalStartedThreadCount":28,"DeadLockedThreadCount":0,"ProcessCpuTimeRate":12.10,"DaemonThreadCount":22}},"timestamp":1778724180000,"totalRunningTime":0},{"exeExceptionNum":0,"exeFailedNum":0,"exeLaterNum":0,"exeSuccessNum":0,"jvmMData":{"gcMap":{"FullGCCollectionTime":0,"SpanYoungGCCollectionCount":0,"SpanFullGCCollectionCount":0,"YoungGCCollectionCount":1,"FullGCCollectionCount":0,"SpanYoungGCCollectionTime":0,"YoungGCCollectionTime":18,"SpanFullGCCollectionTime":0},"memoryMap":{"HeapMemoryMax":3817865216,"SurvivorUsed":7829944,"OldGenCommitted":179306496,"PermGenUsed":0,"NonHeapMemoryUsed":21548768,"OldGenMax":2863661056,"SurvivorInit":11010048,"PermGenCommitted":0,"PermGenMax":0,"OldGenUsed":8192,"EdenSpaceUsed":14087256,"NonHeapMemoryCommitted":22413312,"HeapMemoryInit":268435456,"HeapMemoryCommitted":257425408,"SurvivorMax":11010048,"EdenSpaceCommitted":67108864,"OldGenInit":179306496,"EdenSpaceMax":1409286144,"SurvivorCommitted":11010048,"NonHeapMemoryMax":-1,"NonHeapMemoryInit":2555904,"HeapMemoryUsed":21925392,"EdenSpaceInit":67108864,"PermGenInit":0},"threadMap":{"ThreadCount":24,"TotalStartedThreadCount":28,"DeadLockedThreadCount":0,"ProcessCpuTimeRate":3.338,"DaemonThreadCount":21}},"timestamp":1778724240000,"totalRunningTime":0},{"exeExceptionNum":0,"exeFailedNum":0,"exeLaterNum":0,"exeSuccessNum":0,"jvmMData":{"gcMap":{"FullGCCollectionTime":0,"SpanYoungGCCollectionCount":0,"SpanFullGCCollectionCount":0,"YoungGCCollectionCount":1,"FullGCCollectionCount":0,"SpanYoungGCCollectionTime":0,"YoungGCCollectionTime":18,"SpanFullGCCollectionTime":0},"memoryMap":{"HeapMemoryMax":3817865216,"SurvivorUsed":7829944,"OldGenCommitted":179306496,"PermGenUsed":0,"NonHeapMemoryUsed":21989680,"OldGenMax":2863661056,"SurvivorInit":11010048,"PermGenCommitted":0,"PermGenMax":0,"OldGenUsed":8192,"EdenSpaceUsed":16791488,"NonHeapMemoryCommitted":22806528,"HeapMemoryInit":268435456,"HeapMemoryCommitted":257425408,"SurvivorMax":11010048,"EdenSpaceCommitted":67108864,"OldGenInit":179306496,"EdenSpaceMax":1409286144,"SurvivorCommitted":11010048,"NonHeapMemoryMax":-1,"NonHeapMemoryInit":2555904,"HeapMemoryUsed":24629624,"EdenSpaceInit":67108864,"PermGenInit":0},"threadMap":{"ThreadCount":24,"TotalStartedThreadCount":28,"DeadLockedThreadCount":0,"ProcessCpuTimeRate":2.289,"DaemonThreadCount":21}},"timestamp":1778724300000,"totalRunningTime":0},{"exeExceptionNum":0,"exeFailedNum":0,"exeLaterNum":0,"exeSuccessNum":0,"jvmMData":{"gcMap":{"FullGCCollectionTime":0,"SpanYoungGCCollectionCount":0,"SpanFullGCCollectionCount":0,"YoungGCCollectionCount":1,"FullGCCollectionCount":0,"SpanYoungGCCollectionTime":0,"YoungGCCollectionTime":18,"SpanFullGCCollectionTime":0},"memoryMap":{"HeapMemoryMax":3817865216,"SurvivorUsed":7829944,"OldGenCommitted":179306496,"PermGenUsed":0,"NonHeapMemoryUsed":21988632,"OldGenMax":2863661056,"SurvivorInit":11010048,"PermGenCommitted":0,"PermGenMax":0,"OldGenUsed":8192,"EdenSpaceUsed":18808208,"NonHeapMemoryCommitted":23003136,"HeapMemoryInit":268435456,"HeapMemoryCommitted":257425408,"SurvivorMax":11010048,"EdenSpaceCommitted":67108864,"OldGenInit":179306496,"EdenSpaceMax":1409286144,"SurvivorCommitted":11010048,"NonHeapMemoryMax":-1,"NonHeapMemoryInit":2555904,"HeapMemoryUsed":26646344,"EdenSpaceInit":67108864,"PermGenInit":0},"threadMap":{"ThreadCount":24,"TotalStartedThreadCount":28,"DeadLockedThreadCount":0,"ProcessCpuTimeRate":2.171,"DaemonThreadCount":21}},"timestamp":1778724360000,"totalRunningTime":0},{"exeExceptionNum":0,"exeFailedNum":0,"exeLaterNum":0,"exeSuccessNum":0,"jvmMData":{"gcMap":{"FullGCCollectionTime":0,"SpanYoungGCCollectionCount":0,"SpanFullGCCollectionCount":0,"YoungGCCollectionCount":1,"FullGCCollectionCount":0,"SpanYoungGCCollectionTime":0,"YoungGCCollectionTime":18,"SpanFullGCCollectionTime":0},"memoryMap":{"HeapMemoryMax":3817865216,"SurvivorUsed":7829944,"OldGenCommitted":179306496,"PermGenUsed":0,"NonHeapMemoryUsed":22197712,"OldGenMax":2863661056,"SurvivorInit":11010048,"PermGenCommitted":0,"PermGenMax":0,"OldGenUsed":8192,"EdenSpaceUsed":23538952,"NonHeapMemoryCommitted":23003136,"HeapMemoryInit":268435456,"HeapMemoryCommitted":257425408,"SurvivorMax":11010048,"EdenSpaceCommitted":67108864,"OldGenInit":179306496,"EdenSpaceMax":1409286144,"SurvivorCommitted":11010048,"NonHeapMemoryMax":-1,"NonHeapMemoryInit":2555904,"HeapMemoryUsed":31377088,"EdenSpaceInit":67108864,"PermGenInit":0},"threadMap":{"ThreadCount":24,"TotalStartedThreadCount":28,"DeadLockedThreadCount":0,"ProcessCpuTimeRate":2.075,"DaemonThreadCount":21}},"timestamp":1778724420000,"totalRunningTime":0},{"exeExceptionNum":0,"exeFailedNum":0,"exeLaterNum":0,"exeSuccessNum":0,"jvmMData":{"gcMap":{"FullGCCollectionTime":0,"SpanYoungGCCollectionCount":0,"SpanFullGCCollectionCount":0,"YoungGCCollectionCount":1,"FullGCCollectionCount":0,"SpanYoungGCCollectionTime":0,"YoungGCCollectionTime":18,"SpanFullGCCollectionTime":0},"memoryMap":{"HeapMemoryMax":3817865216,"SurvivorUsed":7829944,"OldGenCommitted":179306496,"PermGenUsed":0,"NonHeapMemoryUsed":22475176,"OldGenMax":2863661056,"SurvivorInit":11010048,"PermGenCommitted":0,"PermGenMax":0,"OldGenUsed":8192,"EdenSpaceUsed":25552312,"NonHeapMemoryCommitted":23396352,"HeapMemoryInit":268435456,"HeapMemoryCommitted":257425408,"SurvivorMax":11010048,"EdenSpaceCommitted":67108864,"OldGenInit":179306496,"EdenSpaceMax":1409286144,"SurvivorCommitted":11010048,"NonHeapMemoryMax":-1,"NonHeapMemoryInit":2555904,"HeapMemoryUsed":33390448,"EdenSpaceInit":67108864,"PermGenInit":0},"threadMap":{"ThreadCount":24,"TotalStartedThreadCount":28,"DeadLockedThreadCount":0,"ProcessCpuTimeRate":2.404,"DaemonThreadCount":21}},"timestamp":1778724480000,"totalRunningTime":0},{"exeExceptionNum":0,"exeFailedNum":0,"exeLaterNum":0,"exeSuccessNum":0,"jvmMData":{"gcMap":{"FullGCCollectionTime":0,"SpanYoungGCCollectionCount":0,"SpanFullGCCollectionCount":0,"YoungGCCollectionCount":1,"FullGCCollectionCount":0,"SpanYoungGCCollectionTime":0,"YoungGCCollectionTime":18,"SpanFullGCCollectionTime":0},"memoryMap":{"HeapMemoryMax":3817865216,"SurvivorUsed":7829944,"OldGenCommitted":179306496,"PermGenUsed":0,"NonHeapMemoryUsed":22553792,"OldGenMax":2863661056,"SurvivorInit":11010048,"PermGenCommitted":0,"PermGenMax":0,"OldGenUsed":8192,"EdenSpaceUsed":28276760,"NonHeapMemoryCommitted":23461888,"HeapMemoryInit":268435456,"HeapMemoryCommitted":257425408,"SurvivorMax":11010048,"EdenSpaceCommitted":67108864,"OldGenInit":179306496,"EdenSpaceMax":1409286144,"SurvivorCommitted":11010048,"NonHeapMemoryMax":-1,"NonHeapMemoryInit":2555904,"HeapMemoryUsed":36114896,"EdenSpaceInit":67108864,"PermGenInit":0},"threadMap":{"ThreadCount":24,"TotalStartedThreadCount":28,"DeadLockedThreadCount":0,"ProcessCpuTimeRate":2.029,"DaemonThreadCount":21}},"timestamp":1778724540000,"totalRunningTime":0},{"exeExceptionNum":0,"exeFailedNum":0,"exeLaterNum":0,"exeSuccessNum":0,"jvmMData":{"gcMap":{"FullGCCollectionTime":0,"SpanYoungGCCollectionCount":0,"SpanFullGCCollectionCount":0,"YoungGCCollectionCount":1,"FullGCCollectionCount":0,"SpanYoungGCCollectionTime":0,"YoungGCCollectionTime":18,"SpanFullGCCollectionTime":0},"memoryMap":{"HeapMemoryMax":3817865216,"SurvivorUsed":7829944,"OldGenCommitted":179306496,"PermGenUsed":0,"NonHeapMemoryUsed":22749224,"OldGenMax":2863661056,"SurvivorInit":11010048,"PermGenCommitted":0,"PermGenMax":0,"OldGenUsed":8192,"EdenSpaceUsed":30993144,"NonHeapMemoryCommitted":23592960,"HeapMemoryInit":268435456,"HeapMemoryCommitted":257425408,"SurvivorMax":11010048,"EdenSpaceCommitted":67108864,"OldGenInit":179306496,"EdenSpaceMax":1409286144,"SurvivorCommitted":11010048,"NonHeapMemoryMax":-1,"NonHeapMemoryInit":2555904,"HeapMemoryUsed":38831280,"EdenSpaceInit":67108864,"PermGenInit":0},"threadMap":{"ThreadCount":24,"TotalStartedThreadCount":28,"DeadLockedThreadCount":0,"ProcessCpuTimeRate":1.943,"DaemonThreadCount":21}},"timestamp":1778724600000,"totalRunningTime":0},{"exeExceptionNum":0,"exeFailedNum":0,"exeLaterNum":0,"exeSuccessNum":0,"jvmMData":{"gcMap":{"FullGCCollectionTime":0,"SpanYoungGCCollectionCount":0,"SpanFullGCCollectionCount":0,"YoungGCCollectionCount":1,"FullGCCollectionCount":0,"SpanYoungGCCollectionTime":0,"YoungGCCollectionTime":18,"SpanFullGCCollectionTime":0},"memoryMap":{"HeapMemoryMax":3817865216,"SurvivorUsed":7829944,"OldGenCommitted":179306496,"PermGenUsed":0,"NonHeapMemoryUsed":22875216,"OldGenMax":2863661056,"SurvivorInit":11010048,"PermGenCommitted":0,"PermGenMax":0,"OldGenUsed":8192,"EdenSpaceUsed":34362312,"NonHeapMemoryCommitted":23724032,"HeapMemoryInit":268435456,"HeapMemoryCommitted":257425408,"SurvivorMax":11010048,"EdenSpaceCommitted":67108864,"OldGenInit":179306496,"EdenSpaceMax":1409286144,"SurvivorCommitted":11010048,"NonHeapMemoryMax":-1,"NonHeapMemoryInit":2555904,"HeapMemoryUsed":42200448,"EdenSpaceInit":67108864,"PermGenInit":0},"threadMap":{"ThreadCount":24,"TotalStartedThreadCount":28,"DeadLockedThreadCount":0,"ProcessCpuTimeRate":1.731,"DaemonThreadCount":21}},"timestamp":1778724660000,"totalRunningTime":0},{"exeExceptionNum":0,"exeFailedNum":0,"exeLaterNum":0,"exeSuccessNum":0,"jvmMData":{"gcMap":{"FullGCCollectionTime":0,"SpanYoungGCCollectionCount":0,"SpanFullGCCollectionCount":0,"YoungGCCollectionCount":1,"FullGCCollectionCount":0,"SpanYoungGCCollectionTime":0,"YoungGCCollectionTime":18,"SpanFullGCCollectionTime":0},"memoryMap":{"HeapMemoryMax":3817865216,"SurvivorUsed":7829944,"OldGenCommitted":179306496,"PermGenUsed":0,"NonHeapMemoryUsed":23121600,"OldGenMax":2863661056,"SurvivorInit":11010048,"PermGenCommitted":0,"PermGenMax":0,"OldGenUsed":8192,"EdenSpaceUsed":36375672,"NonHeapMemoryCommitted":24051712,"HeapMemoryInit":268435456,"HeapMemoryCommitted":257425408,"SurvivorMax":11010048,"EdenSpaceCommitted":67108864,"OldGenInit":179306496,"EdenSpaceMax":1409286144,"SurvivorCommitted":11010048,"NonHeapMemoryMax":-1,"NonHeapMemoryInit":2555904,"HeapMemoryUsed":44213808,"EdenSpaceInit":67108864,"PermGenInit":0},"threadMap":{"ThreadCount":24,"TotalStartedThreadCount":28,"DeadLockedThreadCount":0,"ProcessCpuTimeRate":2.058,"DaemonThreadCount":21}},"timestamp":1778724720000,"totalRunningTime":0}], lts version: 1.7.3-SNAPSHOT, current host: 192.168.64.1
[lts] 2026-05-14 10:20:00,458 DEBUG [pool-1-thread-1] com.github.ltsopensource.core.logger.slf4j.Slf4jLogger.debug(32) | Add Monitor Data success, mNode={"identity":"JT_192.168.64.1_19709_10-02-49.861_1","nodeGroup":"lts","nodeType":"JOB_TRACKER"}, mData=[{"exeExceptionNum":0,"exeFailedNum":0,"exeLaterNum":0,"exeSuccessNum":0,"fixExecutingJobNum":0,"jvmMData":{"gcMap":{"FullGCCollectionTime":14,"SpanYoungGCCollectionCount":0,"SpanFullGCCollectionCount":0,"YoungGCCollectionCount":2,"FullGCCollectionCount":1,"SpanYoungGCCollectionTime":0,"YoungGCCollectionTime":39,"SpanFullGCCollectionTime":0},"memoryMap":{"HeapMemoryMax":3817865216,"SurvivorUsed":0,"OldGenCommitted":86507520,"PermGenUsed":0,"NonHeapMemoryUsed":30571448,"OldGenMax":2863661056,"SurvivorInit":11010048,"PermGenCommitted":0,"PermGenMax":0,"OldGenUsed":7197256,"EdenSpaceUsed":27307064,"NonHeapMemoryCommitted":31637504,"HeapMemoryInit":268435456,"HeapMemoryCommitted":231735296,"SurvivorMax":11010048,"EdenSpaceCommitted":134217728,"OldGenInit":179306496,"EdenSpaceMax":1409286144,"SurvivorCommitted":11010048,"NonHeapMemoryMax":-1,"NonHeapMemoryInit":2555904,"HeapMemoryUsed":34504320,"EdenSpaceInit":67108864,"PermGenInit":0},"threadMap":{"ThreadCount":30,"TotalStartedThreadCount":34,"DeadLockedThreadCount":0,"ProcessCpuTimeRate":5.441,"DaemonThreadCount":27}},"pushJobNum":0,"receiveJobNum":0,"timestamp":1778724120000},{"exeExceptionNum":0,"exeFailedNum":0,"exeLaterNum":0,"exeSuccessNum":0,"fixExecutingJobNum":0,"jvmMData":{"gcMap":{"FullGCCollectionTime":14,"SpanYoungGCCollectionCount":0,"SpanFullGCCollectionCount":0,"YoungGCCollectionCount":2,"FullGCCollectionCount":1,"SpanYoungGCCollectionTime":0,"YoungGCCollectionTime":39,"SpanFullGCCollectionTime":0},"memoryMap":{"HeapMemoryMax":3817865216,"SurvivorUsed":0,"OldGenCommitted":86507520,"PermGenUsed":0,"NonHeapMemoryUsed":31927272,"OldGenMax":2863661056,"SurvivorInit":11010048,"PermGenCommitted":0,"PermGenMax":0,"OldGenUsed":7197256,"EdenSpaceUsed":41404560,"NonHeapMemoryCommitted":32899072,"HeapMemoryInit":268435456,"HeapMemoryCommitted":231735296,"SurvivorMax":11010048,"EdenSpaceCommitted":134217728,"OldGenInit":179306496,"EdenSpaceMax":1409286144,"SurvivorCommitted":11010048,"NonHeapMemoryMax":-1,"NonHeapMemoryInit":2555904,"HeapMemoryUsed":48601816,"EdenSpaceInit":67108864,"PermGenInit":0},"threadMap":{"ThreadCount":41,"TotalStartedThreadCount":49,"DeadLockedThreadCount":0,"ProcessCpuTimeRate":3.235,"DaemonThreadCount":37}},"pushJobNum":0,"receiveJobNum":0,"timestamp":1778724180000},{"exeExceptionNum":0,"exeFailedNum":0,"exeLaterNum":0,"exeSuccessNum":0,"fixExecutingJobNum":0,"jvmMData":{"gcMap":{"FullGCCollectionTime":14,"SpanYoungGCCollectionCount":1,"SpanFullGCCollectionCount":0,"YoungGCCollectionCount":3,"FullGCCollectionCount":1,"SpanYoungGCCollectionTime":14,"YoungGCCollectionTime":53,"SpanFullGCCollectionTime":0},"memoryMap":{"HeapMemoryMax":3817865216,"SurvivorUsed":2341800,"OldGenCommitted":86507520,"PermGenUsed":0,"NonHeapMemoryUsed":33150888,"OldGenMax":2863661056,"SurvivorInit":11010048,"PermGenCommitted":0,"PermGenMax":0,"OldGenUsed":7205448,"EdenSpaceUsed":20897976,"NonHeapMemoryCommitted":34275328,"HeapMemoryInit":268435456,"HeapMemoryCommitted":231735296,"SurvivorMax":11010048,"EdenSpaceCommitted":134217728,"OldGenInit":179306496,"EdenSpaceMax":1409286144,"SurvivorCommitted":11010048,"NonHeapMemoryMax":-1,"NonHeapMemoryInit":2555904,"HeapMemoryUsed":30445224,"EdenSpaceInit":67108864,"PermGenInit":0},"threadMap":{"ThreadCount":196,"TotalStartedThreadCount":262,"DeadLockedThreadCount":0,"ProcessCpuTimeRate":6.438,"DaemonThreadCount":192}},"pushJobNum":0,"receiveJobNum":0,"timestamp":1778724240000},{"exeExceptionNum":0,"exeFailedNum":0,"exeLaterNum":0,"exeSuccessNum":0,"fixExecutingJobNum":0,"jvmMData":{"gcMap":{"FullGCCollectionTime":14,"SpanYoungGCCollectionCount":0,"SpanFullGCCollectionCount":0,"YoungGCCollectionCount":3,"FullGCCollectionCount":1,"SpanYoungGCCollectionTime":0,"YoungGCCollectionTime":53,"SpanFullGCCollectionTime":0},"memoryMap":{"HeapMemoryMax":3817865216,"SurvivorUsed":2341800,"OldGenCommitted":86507520,"PermGenUsed":0,"NonHeapMemoryUsed":34708688,"OldGenMax":2863661056,"SurvivorInit":11010048,"PermGenCommitted":0,"PermGenMax":0,"OldGenUsed":7205448,"EdenSpaceUsed":60142632,"NonHeapMemoryCommitted":35782656,"HeapMemoryInit":268435456,"HeapMemoryCommitted":231735296,"SurvivorMax":11010048,"EdenSpaceCommitted":134217728,"OldGenInit":179306496,"EdenSpaceMax":1409286144,"SurvivorCommitted":11010048,"NonHeapMemoryMax":-1,"NonHeapMemoryInit":2555904,"HeapMemoryUsed":69689880,"EdenSpaceInit":67108864,"PermGenInit":0},"threadMap":{"ThreadCount":215,"TotalStartedThreadCount":340,"DeadLockedThreadCount":0,"ProcessCpuTimeRate":4.987,"DaemonThreadCount":211}},"pushJobNum":0,"receiveJobNum":0,"timestamp":1778724300000},{"exeExceptionNum":0,"exeFailedNum":0,"exeLaterNum":0,"exeSuccessNum":0,"fixExecutingJobNum":0,"jvmMData":{"gcMap":{"FullGCCollectionTime":14,"SpanYoungGCCollectionCount":0,"SpanFullGCCollectionCount":0,"YoungGCCollectionCount":3,"FullGCCollectionCount":1,"SpanYoungGCCollectionTime":0,"YoungGCCollectionTime":53,"SpanFullGCCollectionTime":0},"memoryMap":{"HeapMemoryMax":3817865216,"SurvivorUsed":2341800,"OldGenCommitted":86507520,"PermGenUsed":0,"NonHeapMemoryUsed":35370336,"OldGenMax":2863661056,"SurvivorInit":11010048,"PermGenCommitted":0,"PermGenMax":0,"OldGenUsed":7205448,"EdenSpaceUsed":69433392,"NonHeapMemoryCommitted":36372480,"HeapMemoryInit":268435456,"HeapMemoryCommitted":231735296,"SurvivorMax":11010048,"EdenSpaceCommitted":134217728,"OldGenInit":179306496,"EdenSpaceMax":1409286144,"SurvivorCommitted":11010048,"NonHeapMemoryMax":-1,"NonHeapMemoryInit":2555904,"HeapMemoryUsed":78980640,"EdenSpaceInit":67108864,"PermGenInit":0},"threadMap":{"ThreadCount":215,"TotalStartedThreadCount":400,"DeadLockedThreadCount":0,"ProcessCpuTimeRate":4.004,"DaemonThreadCount":211}},"pushJobNum":0,"receiveJobNum":0,"timestamp":1778724360000},{"exeExceptionNum":0,"exeFailedNum":0,"exeLaterNum":0,"exeSuccessNum":0,"fixExecutingJobNum":0,"jvmMData":{"gcMap":{"FullGCCollectionTime":14,"SpanYoungGCCollectionCount":0,"SpanFullGCCollectionCount":0,"YoungGCCollectionCount":3,"FullGCCollectionCount":1,"SpanYoungGCCollectionTime":0,"YoungGCCollectionTime":53,"SpanFullGCCollectionTime":0},"memoryMap":{"HeapMemoryMax":3817865216,"SurvivorUsed":2341800,"OldGenCommitted":86507520,"PermGenUsed":0,"NonHeapMemoryUsed":36527472,"OldGenMax":2863661056,"SurvivorInit":11010048,"PermGenCommitted":0,"PermGenMax":0,"OldGenUsed":7205448,"EdenSpaceUsed":75563112,"NonHeapMemoryCommitted":37552128,"HeapMemoryInit":268435456,"HeapMemoryCommitted":231735296,"SurvivorMax":11010048,"EdenSpaceCommitted":134217728,"OldGenInit":179306496,"EdenSpaceMax":1409286144,"SurvivorCommitted":11010048,"NonHeapMemoryMax":-1,"NonHeapMemoryInit":2555904,"HeapMemoryUsed":85110360,"EdenSpaceInit":67108864,"PermGenInit":0},"threadMap":{"ThreadCount":215,"TotalStartedThreadCount":460,"DeadLockedThreadCount":0,"ProcessCpuTimeRate":5.054,"DaemonThreadCount":211}},"pushJobNum":0,"receiveJobNum":0,"timestamp":1778724420000},{"exeExceptionNum":0,"exeFailedNum":0,"exeLaterNum":0,"exeSuccessNum":0,"fixExecutingJobNum":0,"jvmMData":{"gcMap":{"FullGCCollectionTime":14,"SpanYoungGCCollectionCount":0,"SpanFullGCCollectionCount":0,"YoungGCCollectionCount":3,"FullGCCollectionCount":1,"SpanYoungGCCollectionTime":0,"YoungGCCollectionTime":53,"SpanFullGCCollectionTime":0},"memoryMap":{"HeapMemoryMax":3817865216,"SurvivorUsed":2341800,"OldGenCommitted":86507520,"PermGenUsed":0,"NonHeapMemoryUsed":37098240,"OldGenMax":2863661056,"SurvivorInit":11010048,"PermGenCommitted":0,"PermGenMax":0,"OldGenUsed":7205448,"EdenSpaceUsed":81165552,"NonHeapMemoryCommitted":38010880,"HeapMemoryInit":268435456,"HeapMemoryCommitted":231735296,"SurvivorMax":11010048,"EdenSpaceCommitted":134217728,"OldGenInit":179306496,"EdenSpaceMax":1409286144,"SurvivorCommitted":11010048,"NonHeapMemoryMax":-1,"NonHeapMemoryInit":2555904,"HeapMemoryUsed":90712800,"EdenSpaceInit":67108864,"PermGenInit":0},"threadMap":{"ThreadCount":215,"TotalStartedThreadCount":518,"DeadLockedThreadCount":0,"ProcessCpuTimeRate":4.220,"DaemonThreadCount":211}},"pushJobNum":0,"receiveJobNum":0,"timestamp":1778724480000},{"exeExceptionNum":0,"exeFailedNum":0,"exeLaterNum":0,"exeSuccessNum":0,"fixExecutingJobNum":0,"jvmMData":{"gcMap":{"FullGCCollectionTime":14,"SpanYoungGCCollectionCount":0,"SpanFullGCCollectionCount":0,"YoungGCCollectionCount":3,"FullGCCollectionCount":1,"SpanYoungGCCollectionTime":0,"YoungGCCollectionTime":53,"SpanFullGCCollectionTime":0},"memoryMap":{"HeapMemoryMax":3817865216,"SurvivorUsed":2341800,"OldGenCommitted":86507520,"PermGenUsed":0,"NonHeapMemoryUsed":37775888,"OldGenMax":2863661056,"SurvivorInit":11010048,"PermGenCommitted":0,"PermGenMax":0,"OldGenUsed":7205448,"EdenSpaceUsed":87675712,"NonHeapMemoryCommitted":38797312,"HeapMemoryInit":268435456,"HeapMemoryCommitted":231735296,"SurvivorMax":11010048,"EdenSpaceCommitted":134217728,"OldGenInit":179306496,"EdenSpaceMax":1409286144,"SurvivorCommitted":11010048,"NonHeapMemoryMax":-1,"NonHeapMemoryInit":2555904,"HeapMemoryUsed":97222960,"EdenSpaceInit":67108864,"PermGenInit":0},"threadMap":{"ThreadCount":215,"TotalStartedThreadCount":578,"DeadLockedThreadCount":0,"ProcessCpuTimeRate":3.795,"DaemonThreadCount":211}},"pushJobNum":0,"receiveJobNum":0,"timestamp":1778724540000},{"exeExceptionNum":0,"exeFailedNum":0,"exeLaterNum":0,"exeSuccessNum":0,"fixExecutingJobNum":0,"jvmMData":{"gcMap":{"FullGCCollectionTime":14,"SpanYoungGCCollectionCount":0,"SpanFullGCCollectionCount":0,"YoungGCCollectionCount":3,"FullGCCollectionCount":1,"SpanYoungGCCollectionTime":0,"YoungGCCollectionTime":53,"SpanFullGCCollectionTime":0},"memoryMap":{"HeapMemoryMax":3817865216,"SurvivorUsed":2341800,"OldGenCommitted":86507520,"PermGenUsed":0,"NonHeapMemoryUsed":38210672,"OldGenMax":2863661056,"SurvivorInit":11010048,"PermGenCommitted":0,"PermGenMax":0,"OldGenUsed":7205448,"EdenSpaceUsed":94224568,"NonHeapMemoryCommitted":39190528,"HeapMemoryInit":268435456,"HeapMemoryCommitted":231735296,"SurvivorMax":11010048,"EdenSpaceCommitted":134217728,"OldGenInit":179306496,"EdenSpaceMax":1409286144,"SurvivorCommitted":11010048,"NonHeapMemoryMax":-1,"NonHeapMemoryInit":2555904,"HeapMemoryUsed":103771816,"EdenSpaceInit":67108864,"PermGenInit":0},"threadMap":{"ThreadCount":215,"TotalStartedThreadCount":638,"DeadLockedThreadCount":0,"ProcessCpuTimeRate":3.745,"DaemonThreadCount":211}},"pushJobNum":0,"receiveJobNum":0,"timestamp":1778724600000},{"exeExceptionNum":0,"exeFailedNum":0,"exeLaterNum":0,"exeSuccessNum":0,"fixExecutingJobNum":0,"jvmMData":{"gcMap":{"FullGCCollectionTime":14,"SpanYoungGCCollectionCount":0,"SpanFullGCCollectionCount":0,"YoungGCCollectionCount":3,"FullGCCollectionCount":1,"SpanYoungGCCollectionTime":0,"YoungGCCollectionTime":53,"SpanFullGCCollectionTime":0},"memoryMap":{"HeapMemoryMax":3817865216,"SurvivorUsed":2341800,"OldGenCommitted":86507520,"PermGenUsed":0,"NonHeapMemoryUsed":38465144,"OldGenMax":2863661056,"SurvivorInit":11010048,"PermGenCommitted":0,"PermGenMax":0,"OldGenUsed":7205448,"EdenSpaceUsed":101464760,"NonHeapMemoryCommitted":39649280,"HeapMemoryInit":268435456,"HeapMemoryCommitted":231735296,"SurvivorMax":11010048,"EdenSpaceCommitted":134217728,"OldGenInit":179306496,"EdenSpaceMax":1409286144,"SurvivorCommitted":11010048,"NonHeapMemoryMax":-1,"NonHeapMemoryInit":2555904,"HeapMemoryUsed":111012008,"EdenSpaceInit":67108864,"PermGenInit":0},"threadMap":{"ThreadCount":215,"TotalStartedThreadCount":696,"DeadLockedThreadCount":0,"ProcessCpuTimeRate":3.330,"DaemonThreadCount":211}},"pushJobNum":0,"receiveJobNum":0,"timestamp":1778724660000}], lts version: 1.7.3-SNAPSHOT, current host: 192.168.64.1
[lts] 2026-05-14 10:21:00,585 DEBUG [pool-1-thread-4] com.github.ltsopensource.core.logger.slf4j.Slf4jLogger.debug(32) | 
    INSERT 
    INTO
        `
        lts_admin_task_tracker_monitor_data`(
            `gmt_created`, `node_group`, `identity`, `timestamp`, `exe_success_num`, `exe_failed_num`, `exe_later_num`, `exe_exception_num`, `total_running_time`
        ) 
    VALUES
        (?,?,?,?,?,?,?,?,?), lts version: 1.7.3-SNAPSHOT, current host: 192.168.64.1
[lts] 2026-05-14 10:21:00,590 DEBUG [pool-1-thread-3] com.github.ltsopensource.core.logger.slf4j.Slf4jLogger.debug(32) | 
    INSERT 
    INTO
        `
        lts_admin_job_tracker_monitor_data`(
            `gmt_created`, `identity`, `timestamp`, `receive_job_num`, `push_job_num`, `exe_success_num`, `exe_failed_num`, `exe_later_num`, `exe_exception_num`, `fix_executing_job_num`
        ) 
    VALUES
        (?,?,?,?,?,?,?,?,?,?), lts version: 1.7.3-SNAPSHOT, current host: 192.168.64.1
[lts] 2026-05-14 10:21:00,639 DEBUG [pool-1-thread-3] com.github.ltsopensource.core.logger.slf4j.Slf4jLogger.debug(32) | 
    INSERT 
    INTO
        `
        lts_admin_jvm_gc`(
            `gmt_created`, `identity`, `timestamp`, `node_type`, `node_group`, `young_gc_collection_count`, `young_gc_collection_time`, `full_gc_collection_count`, `full_gc_collection_time`, `span_young_gc_collection_count`, `span_young_gc_collection_time`, `span_full_gc_collection_count`, `span_full_gc_collection_time`
        ) 
    VALUES
        (?,?,?,?,?,?,?,?,?,?,?,?,?), lts version: 1.7.3-SNAPSHOT, current host: 192.168.64.1
[lts] 2026-05-14 10:21:00,639 DEBUG [pool-1-thread-4] com.github.ltsopensource.core.logger.slf4j.Slf4jLogger.debug(32) | 
    INSERT 
    INTO
        `
        lts_admin_jvm_gc`(
            `gmt_created`, `identity`, `timestamp`, `node_type`, `node_group`, `young_gc_collection_count`, `young_gc_collection_time`, `full_gc_collection_count`, `full_gc_collection_time`, `span_young_gc_collection_count`, `span_young_gc_collection_time`, `span_full_gc_collection_count`, `span_full_gc_collection_time`
        ) 
    VALUES
        (?,?,?,?,?,?,?,?,?,?,?,?,?), lts version: 1.7.3-SNAPSHOT, current host: 192.168.64.1
[lts] 2026-05-14 10:21:00,669 DEBUG [pool-1-thread-3] com.github.ltsopensource.core.logger.slf4j.Slf4jLogger.debug(32) | 
    INSERT 
    INTO
        `
        lts_admin_jvm_memory`(
            `gmt_created`, `identity`, `timestamp`, `node_type`, `node_group`, `heap_memory_committed`, `heap_memory_init`, `heap_memory_max`, `heap_memory_used`, `non_heap_memory_committed`, `non_heap_memory_init`, `non_heap_memory_max`, `non_heap_memory_used`, `perm_gen_committed`, `perm_gen_init`, `perm_gen_max`, `perm_gen_used`, `old_gen_committed`, `old_gen_init`, `old_gen_max`, `old_gen_used`, `eden_space_committed`, `eden_space_init`, `eden_space_max`, `eden_space_used`, `survivor_committed`, `survivor_init`, `survivor_max`, `survivor_used`
        ) 
    VALUES
        (?,?,?,?,?,?,?,?,?,?,?,?,?,?,?,?,?,?,?,?,?,?,?,?,?,?,?,?,?), lts version: 1.7.3-SNAPSHOT, current host: 192.168.64.1
[lts] 2026-05-14 10:21:00,669 DEBUG [pool-1-thread-4] com.github.ltsopensource.core.logger.slf4j.Slf4jLogger.debug(32) | 
    INSERT 
    INTO
        `
        lts_admin_jvm_memory`(
            `gmt_created`, `identity`, `timestamp`, `node_type`, `node_group`, `heap_memory_committed`, `heap_memory_init`, `heap_memory_max`, `heap_memory_used`, `non_heap_memory_committed`, `non_heap_memory_init`, `non_heap_memory_max`, `non_heap_memory_used`, `perm_gen_committed`, `perm_gen_init`, `perm_gen_max`, `perm_gen_used`, `old_gen_committed`, `old_gen_init`, `old_gen_max`, `old_gen_used`, `eden_space_committed`, `eden_space_init`, `eden_space_max`, `eden_space_used`, `survivor_committed`, `survivor_init`, `survivor_max`, `survivor_used`
        ) 
    VALUES
        (?,?,?,?,?,?,?,?,?,?,?,?,?,?,?,?,?,?,?,?,?,?,?,?,?,?,?,?,?), lts version: 1.7.3-SNAPSHOT, current host: 192.168.64.1
[lts] 2026-05-14 10:21:00,694 DEBUG [pool-1-thread-3] com.github.ltsopensource.core.logger.slf4j.Slf4jLogger.debug(32) | 
    INSERT 
    INTO
        `
        lts_admin_jvm_thread`(
            `gmt_created`, `identity`, `timestamp`, `node_type`, `node_group`, `daemon_thread_count`, `thread_count`, `total_started_thread_count`, `dead_locked_thread_count`, `process_cpu_time_rate`
        ) 
    VALUES
        (?,?,?,?,?,?,?,?,?,?), lts version: 1.7.3-SNAPSHOT, current host: 192.168.64.1
[lts] 2026-05-14 10:21:00,694 DEBUG [pool-1-thread-4] com.github.ltsopensource.core.logger.slf4j.Slf4jLogger.debug(32) | 
    INSERT 
    INTO
        `
        lts_admin_jvm_thread`(
            `gmt_created`, `identity`, `timestamp`, `node_type`, `node_group`, `daemon_thread_count`, `thread_count`, `total_started_thread_count`, `dead_locked_thread_count`, `process_cpu_time_rate`
        ) 
    VALUES
        (?,?,?,?,?,?,?,?,?,?), lts version: 1.7.3-SNAPSHOT, current host: 192.168.64.1
[lts] 2026-05-14 10:21:00,714 DEBUG [pool-1-thread-4] com.github.ltsopensource.core.logger.slf4j.Slf4jLogger.debug(32) | Add Monitor Data success, mNode={"identity":"TT_192.168.64.1_19784_10-03-55.606_1","nodeGroup":"test_trade_taskTracker","nodeType":"TASK_TRACKER"}, mData=[{"exeExceptionNum":0,"exeFailedNum":0,"exeLaterNum":0,"exeSuccessNum":0,"jvmMData":{"gcMap":{"FullGCCollectionTime":0,"SpanYoungGCCollectionCount":0,"SpanFullGCCollectionCount":0,"YoungGCCollectionCount":1,"FullGCCollectionCount":0,"SpanYoungGCCollectionTime":0,"YoungGCCollectionTime":18,"SpanFullGCCollectionTime":0},"memoryMap":{"HeapMemoryMax":3817865216,"SurvivorUsed":7829944,"OldGenCommitted":179306496,"PermGenUsed":0,"NonHeapMemoryUsed":20431784,"OldGenMax":2863661056,"SurvivorInit":11010048,"PermGenCommitted":0,"PermGenMax":0,"OldGenUsed":8192,"EdenSpaceUsed":6688136,"NonHeapMemoryCommitted":21168128,"HeapMemoryInit":268435456,"HeapMemoryCommitted":257425408,"SurvivorMax":11010048,"EdenSpaceCommitted":67108864,"OldGenInit":179306496,"EdenSpaceMax":1409286144,"SurvivorCommitted":11010048,"NonHeapMemoryMax":-1,"NonHeapMemoryInit":2555904,"HeapMemoryUsed":14526272,"EdenSpaceInit":67108864,"PermGenInit":0},"threadMap":{"ThreadCount":25,"TotalStartedThreadCount":28,"DeadLockedThreadCount":0,"ProcessCpuTimeRate":12.10,"DaemonThreadCount":22}},"timestamp":1778724180000,"totalRunningTime":0},{"exeExceptionNum":0,"exeFailedNum":0,"exeLaterNum":0,"exeSuccessNum":0,"jvmMData":{"gcMap":{"FullGCCollectionTime":0,"SpanYoungGCCollectionCount":0,"SpanFullGCCollectionCount":0,"YoungGCCollectionCount":1,"FullGCCollectionCount":0,"SpanYoungGCCollectionTime":0,"YoungGCCollectionTime":18,"SpanFullGCCollectionTime":0},"memoryMap":{"HeapMemoryMax":3817865216,"SurvivorUsed":7829944,"OldGenCommitted":179306496,"PermGenUsed":0,"NonHeapMemoryUsed":21548768,"OldGenMax":2863661056,"SurvivorInit":11010048,"PermGenCommitted":0,"PermGenMax":0,"OldGenUsed":8192,"EdenSpaceUsed":14087256,"NonHeapMemoryCommitted":22413312,"HeapMemoryInit":268435456,"HeapMemoryCommitted":257425408,"SurvivorMax":11010048,"EdenSpaceCommitted":67108864,"OldGenInit":179306496,"EdenSpaceMax":1409286144,"SurvivorCommitted":11010048,"NonHeapMemoryMax":-1,"NonHeapMemoryInit":2555904,"HeapMemoryUsed":21925392,"EdenSpaceInit":67108864,"PermGenInit":0},"threadMap":{"ThreadCount":24,"TotalStartedThreadCount":28,"DeadLockedThreadCount":0,"ProcessCpuTimeRate":3.338,"DaemonThreadCount":21}},"timestamp":1778724240000,"totalRunningTime":0},{"exeExceptionNum":0,"exeFailedNum":0,"exeLaterNum":0,"exeSuccessNum":0,"jvmMData":{"gcMap":{"FullGCCollectionTime":0,"SpanYoungGCCollectionCount":0,"SpanFullGCCollectionCount":0,"YoungGCCollectionCount":1,"FullGCCollectionCount":0,"SpanYoungGCCollectionTime":0,"YoungGCCollectionTime":18,"SpanFullGCCollectionTime":0},"memoryMap":{"HeapMemoryMax":3817865216,"SurvivorUsed":7829944,"OldGenCommitted":179306496,"PermGenUsed":0,"NonHeapMemoryUsed":21989680,"OldGenMax":2863661056,"SurvivorInit":11010048,"PermGenCommitted":0,"PermGenMax":0,"OldGenUsed":8192,"EdenSpaceUsed":16791488,"NonHeapMemoryCommitted":22806528,"HeapMemoryInit":268435456,"HeapMemoryCommitted":257425408,"SurvivorMax":11010048,"EdenSpaceCommitted":67108864,"OldGenInit":179306496,"EdenSpaceMax":1409286144,"SurvivorCommitted":11010048,"NonHeapMemoryMax":-1,"NonHeapMemoryInit":2555904,"HeapMemoryUsed":24629624,"EdenSpaceInit":67108864,"PermGenInit":0},"threadMap":{"ThreadCount":24,"TotalStartedThreadCount":28,"DeadLockedThreadCount":0,"ProcessCpuTimeRate":2.289,"DaemonThreadCount":21}},"timestamp":1778724300000,"totalRunningTime":0},{"exeExceptionNum":0,"exeFailedNum":0,"exeLaterNum":0,"exeSuccessNum":0,"jvmMData":{"gcMap":{"FullGCCollectionTime":0,"SpanYoungGCCollectionCount":0,"SpanFullGCCollectionCount":0,"YoungGCCollectionCount":1,"FullGCCollectionCount":0,"SpanYoungGCCollectionTime":0,"YoungGCCollectionTime":18,"SpanFullGCCollectionTime":0},"memoryMap":{"HeapMemoryMax":3817865216,"SurvivorUsed":7829944,"OldGenCommitted":179306496,"PermGenUsed":0,"NonHeapMemoryUsed":21988632,"OldGenMax":2863661056,"SurvivorInit":11010048,"PermGenCommitted":0,"PermGenMax":0,"OldGenUsed":8192,"EdenSpaceUsed":18808208,"NonHeapMemoryCommitted":23003136,"HeapMemoryInit":268435456,"HeapMemoryCommitted":257425408,"SurvivorMax":11010048,"EdenSpaceCommitted":67108864,"OldGenInit":179306496,"EdenSpaceMax":1409286144,"SurvivorCommitted":11010048,"NonHeapMemoryMax":-1,"NonHeapMemoryInit":2555904,"HeapMemoryUsed":26646344,"EdenSpaceInit":67108864,"PermGenInit":0},"threadMap":{"ThreadCount":24,"TotalStartedThreadCount":28,"DeadLockedThreadCount":0,"ProcessCpuTimeRate":2.171,"DaemonThreadCount":21}},"timestamp":1778724360000,"totalRunningTime":0},{"exeExceptionNum":0,"exeFailedNum":0,"exeLaterNum":0,"exeSuccessNum":0,"jvmMData":{"gcMap":{"FullGCCollectionTime":0,"SpanYoungGCCollectionCount":0,"SpanFullGCCollectionCount":0,"YoungGCCollectionCount":1,"FullGCCollectionCount":0,"SpanYoungGCCollectionTime":0,"YoungGCCollectionTime":18,"SpanFullGCCollectionTime":0},"memoryMap":{"HeapMemoryMax":3817865216,"SurvivorUsed":7829944,"OldGenCommitted":179306496,"PermGenUsed":0,"NonHeapMemoryUsed":22197712,"OldGenMax":2863661056,"SurvivorInit":11010048,"PermGenCommitted":0,"PermGenMax":0,"OldGenUsed":8192,"EdenSpaceUsed":23538952,"NonHeapMemoryCommitted":23003136,"HeapMemoryInit":268435456,"HeapMemoryCommitted":257425408,"SurvivorMax":11010048,"EdenSpaceCommitted":67108864,"OldGenInit":179306496,"EdenSpaceMax":1409286144,"SurvivorCommitted":11010048,"NonHeapMemoryMax":-1,"NonHeapMemoryInit":2555904,"HeapMemoryUsed":31377088,"EdenSpaceInit":67108864,"PermGenInit":0},"threadMap":{"ThreadCount":24,"TotalStartedThreadCount":28,"DeadLockedThreadCount":0,"ProcessCpuTimeRate":2.075,"DaemonThreadCount":21}},"timestamp":1778724420000,"totalRunningTime":0},{"exeExceptionNum":0,"exeFailedNum":0,"exeLaterNum":0,"exeSuccessNum":0,"jvmMData":{"gcMap":{"FullGCCollectionTime":0,"SpanYoungGCCollectionCount":0,"SpanFullGCCollectionCount":0,"YoungGCCollectionCount":1,"FullGCCollectionCount":0,"SpanYoungGCCollectionTime":0,"YoungGCCollectionTime":18,"SpanFullGCCollectionTime":0},"memoryMap":{"HeapMemoryMax":3817865216,"SurvivorUsed":7829944,"OldGenCommitted":179306496,"PermGenUsed":0,"NonHeapMemoryUsed":22475176,"OldGenMax":2863661056,"SurvivorInit":11010048,"PermGenCommitted":0,"PermGenMax":0,"OldGenUsed":8192,"EdenSpaceUsed":25552312,"NonHeapMemoryCommitted":23396352,"HeapMemoryInit":268435456,"HeapMemoryCommitted":257425408,"SurvivorMax":11010048,"EdenSpaceCommitted":67108864,"OldGenInit":179306496,"EdenSpaceMax":1409286144,"SurvivorCommitted":11010048,"NonHeapMemoryMax":-1,"NonHeapMemoryInit":2555904,"HeapMemoryUsed":33390448,"EdenSpaceInit":67108864,"PermGenInit":0},"threadMap":{"ThreadCount":24,"TotalStartedThreadCount":28,"DeadLockedThreadCount":0,"ProcessCpuTimeRate":2.404,"DaemonThreadCount":21}},"timestamp":1778724480000,"totalRunningTime":0},{"exeExceptionNum":0,"exeFailedNum":0,"exeLaterNum":0,"exeSuccessNum":0,"jvmMData":{"gcMap":{"FullGCCollectionTime":0,"SpanYoungGCCollectionCount":0,"SpanFullGCCollectionCount":0,"YoungGCCollectionCount":1,"FullGCCollectionCount":0,"SpanYoungGCCollectionTime":0,"YoungGCCollectionTime":18,"SpanFullGCCollectionTime":0},"memoryMap":{"HeapMemoryMax":3817865216,"SurvivorUsed":7829944,"OldGenCommitted":179306496,"PermGenUsed":0,"NonHeapMemoryUsed":22553792,"OldGenMax":2863661056,"SurvivorInit":11010048,"PermGenCommitted":0,"PermGenMax":0,"OldGenUsed":8192,"EdenSpaceUsed":28276760,"NonHeapMemoryCommitted":23461888,"HeapMemoryInit":268435456,"HeapMemoryCommitted":257425408,"SurvivorMax":11010048,"EdenSpaceCommitted":67108864,"OldGenInit":179306496,"EdenSpaceMax":1409286144,"SurvivorCommitted":11010048,"NonHeapMemoryMax":-1,"NonHeapMemoryInit":2555904,"HeapMemoryUsed":36114896,"EdenSpaceInit":67108864,"PermGenInit":0},"threadMap":{"ThreadCount":24,"TotalStartedThreadCount":28,"DeadLockedThreadCount":0,"ProcessCpuTimeRate":2.029,"DaemonThreadCount":21}},"timestamp":1778724540000,"totalRunningTime":0},{"exeExceptionNum":0,"exeFailedNum":0,"exeLaterNum":0,"exeSuccessNum":0,"jvmMData":{"gcMap":{"FullGCCollectionTime":0,"SpanYoungGCCollectionCount":0,"SpanFullGCCollectionCount":0,"YoungGCCollectionCount":1,"FullGCCollectionCount":0,"SpanYoungGCCollectionTime":0,"YoungGCCollectionTime":18,"SpanFullGCCollectionTime":0},"memoryMap":{"HeapMemoryMax":3817865216,"SurvivorUsed":7829944,"OldGenCommitted":179306496,"PermGenUsed":0,"NonHeapMemoryUsed":22749224,"OldGenMax":2863661056,"SurvivorInit":11010048,"PermGenCommitted":0,"PermGenMax":0,"OldGenUsed":8192,"EdenSpaceUsed":30993144,"NonHeapMemoryCommitted":23592960,"HeapMemoryInit":268435456,"HeapMemoryCommitted":257425408,"SurvivorMax":11010048,"EdenSpaceCommitted":67108864,"OldGenInit":179306496,"EdenSpaceMax":1409286144,"SurvivorCommitted":11010048,"NonHeapMemoryMax":-1,"NonHeapMemoryInit":2555904,"HeapMemoryUsed":38831280,"EdenSpaceInit":67108864,"PermGenInit":0},"threadMap":{"ThreadCount":24,"TotalStartedThreadCount":28,"DeadLockedThreadCount":0,"ProcessCpuTimeRate":1.943,"DaemonThreadCount":21}},"timestamp":1778724600000,"totalRunningTime":0},{"exeExceptionNum":0,"exeFailedNum":0,"exeLaterNum":0,"exeSuccessNum":0,"jvmMData":{"gcMap":{"FullGCCollectionTime":0,"SpanYoungGCCollectionCount":0,"SpanFullGCCollectionCount":0,"YoungGCCollectionCount":1,"FullGCCollectionCount":0,"SpanYoungGCCollectionTime":0,"YoungGCCollectionTime":18,"SpanFullGCCollectionTime":0},"memoryMap":{"HeapMemoryMax":3817865216,"SurvivorUsed":7829944,"OldGenCommitted":179306496,"PermGenUsed":0,"NonHeapMemoryUsed":22875216,"OldGenMax":2863661056,"SurvivorInit":11010048,"PermGenCommitted":0,"PermGenMax":0,"OldGenUsed":8192,"EdenSpaceUsed":34362312,"NonHeapMemoryCommitted":23724032,"HeapMemoryInit":268435456,"HeapMemoryCommitted":257425408,"SurvivorMax":11010048,"EdenSpaceCommitted":67108864,"OldGenInit":179306496,"EdenSpaceMax":1409286144,"SurvivorCommitted":11010048,"NonHeapMemoryMax":-1,"NonHeapMemoryInit":2555904,"HeapMemoryUsed":42200448,"EdenSpaceInit":67108864,"PermGenInit":0},"threadMap":{"ThreadCount":24,"TotalStartedThreadCount":28,"DeadLockedThreadCount":0,"ProcessCpuTimeRate":1.731,"DaemonThreadCount":21}},"timestamp":1778724660000,"totalRunningTime":0},{"exeExceptionNum":0,"exeFailedNum":0,"exeLaterNum":0,"exeSuccessNum":0,"jvmMData":{"gcMap":{"FullGCCollectionTime":0,"SpanYoungGCCollectionCount":0,"SpanFullGCCollectionCount":0,"YoungGCCollectionCount":1,"FullGCCollectionCount":0,"SpanYoungGCCollectionTime":0,"YoungGCCollectionTime":18,"SpanFullGCCollectionTime":0},"memoryMap":{"HeapMemoryMax":3817865216,"SurvivorUsed":7829944,"OldGenCommitted":179306496,"PermGenUsed":0,"NonHeapMemoryUsed":23121600,"OldGenMax":2863661056,"SurvivorInit":11010048,"PermGenCommitted":0,"PermGenMax":0,"OldGenUsed":8192,"EdenSpaceUsed":36375672,"NonHeapMemoryCommitted":24051712,"HeapMemoryInit":268435456,"HeapMemoryCommitted":257425408,"SurvivorMax":11010048,"EdenSpaceCommitted":67108864,"OldGenInit":179306496,"EdenSpaceMax":1409286144,"SurvivorCommitted":11010048,"NonHeapMemoryMax":-1,"NonHeapMemoryInit":2555904,"HeapMemoryUsed":44213808,"EdenSpaceInit":67108864,"PermGenInit":0},"threadMap":{"ThreadCount":24,"TotalStartedThreadCount":28,"DeadLockedThreadCount":0,"ProcessCpuTimeRate":2.058,"DaemonThreadCount":21}},"timestamp":1778724720000,"totalRunningTime":0}], lts version: 1.7.3-SNAPSHOT, current host: 192.168.64.1
[lts] 2026-05-14 10:21:00,714 DEBUG [pool-1-thread-3] com.github.ltsopensource.core.logger.slf4j.Slf4jLogger.debug(32) | Add Monitor Data success, mNode={"identity":"JT_192.168.64.1_19709_10-02-49.861_1","nodeGroup":"lts","nodeType":"JOB_TRACKER"}, mData=[{"exeExceptionNum":0,"exeFailedNum":0,"exeLaterNum":0,"exeSuccessNum":0,"fixExecutingJobNum":0,"jvmMData":{"gcMap":{"FullGCCollectionTime":14,"SpanYoungGCCollectionCount":0,"SpanFullGCCollectionCount":0,"YoungGCCollectionCount":2,"FullGCCollectionCount":1,"SpanYoungGCCollectionTime":0,"YoungGCCollectionTime":39,"SpanFullGCCollectionTime":0},"memoryMap":{"HeapMemoryMax":3817865216,"SurvivorUsed":0,"OldGenCommitted":86507520,"PermGenUsed":0,"NonHeapMemoryUsed":30571448,"OldGenMax":2863661056,"SurvivorInit":11010048,"PermGenCommitted":0,"PermGenMax":0,"OldGenUsed":7197256,"EdenSpaceUsed":27307064,"NonHeapMemoryCommitted":31637504,"HeapMemoryInit":268435456,"HeapMemoryCommitted":231735296,"SurvivorMax":11010048,"EdenSpaceCommitted":134217728,"OldGenInit":179306496,"EdenSpaceMax":1409286144,"SurvivorCommitted":11010048,"NonHeapMemoryMax":-1,"NonHeapMemoryInit":2555904,"HeapMemoryUsed":34504320,"EdenSpaceInit":67108864,"PermGenInit":0},"threadMap":{"ThreadCount":30,"TotalStartedThreadCount":34,"DeadLockedThreadCount":0,"ProcessCpuTimeRate":5.441,"DaemonThreadCount":27}},"pushJobNum":0,"receiveJobNum":0,"timestamp":1778724120000},{"exeExceptionNum":0,"exeFailedNum":0,"exeLaterNum":0,"exeSuccessNum":0,"fixExecutingJobNum":0,"jvmMData":{"gcMap":{"FullGCCollectionTime":14,"SpanYoungGCCollectionCount":0,"SpanFullGCCollectionCount":0,"YoungGCCollectionCount":2,"FullGCCollectionCount":1,"SpanYoungGCCollectionTime":0,"YoungGCCollectionTime":39,"SpanFullGCCollectionTime":0},"memoryMap":{"HeapMemoryMax":3817865216,"SurvivorUsed":0,"OldGenCommitted":86507520,"PermGenUsed":0,"NonHeapMemoryUsed":31927272,"OldGenMax":2863661056,"SurvivorInit":11010048,"PermGenCommitted":0,"PermGenMax":0,"OldGenUsed":7197256,"EdenSpaceUsed":41404560,"NonHeapMemoryCommitted":32899072,"HeapMemoryInit":268435456,"HeapMemoryCommitted":231735296,"SurvivorMax":11010048,"EdenSpaceCommitted":134217728,"OldGenInit":179306496,"EdenSpaceMax":1409286144,"SurvivorCommitted":11010048,"NonHeapMemoryMax":-1,"NonHeapMemoryInit":2555904,"HeapMemoryUsed":48601816,"EdenSpaceInit":67108864,"PermGenInit":0},"threadMap":{"ThreadCount":41,"TotalStartedThreadCount":49,"DeadLockedThreadCount":0,"ProcessCpuTimeRate":3.235,"DaemonThreadCount":37}},"pushJobNum":0,"receiveJobNum":0,"timestamp":1778724180000},{"exeExceptionNum":0,"exeFailedNum":0,"exeLaterNum":0,"exeSuccessNum":0,"fixExecutingJobNum":0,"jvmMData":{"gcMap":{"FullGCCollectionTime":14,"SpanYoungGCCollectionCount":1,"SpanFullGCCollectionCount":0,"YoungGCCollectionCount":3,"FullGCCollectionCount":1,"SpanYoungGCCollectionTime":14,"YoungGCCollectionTime":53,"SpanFullGCCollectionTime":0},"memoryMap":{"HeapMemoryMax":3817865216,"SurvivorUsed":2341800,"OldGenCommitted":86507520,"PermGenUsed":0,"NonHeapMemoryUsed":33150888,"OldGenMax":2863661056,"SurvivorInit":11010048,"PermGenCommitted":0,"PermGenMax":0,"OldGenUsed":7205448,"EdenSpaceUsed":20897976,"NonHeapMemoryCommitted":34275328,"HeapMemoryInit":268435456,"HeapMemoryCommitted":231735296,"SurvivorMax":11010048,"EdenSpaceCommitted":134217728,"OldGenInit":179306496,"EdenSpaceMax":1409286144,"SurvivorCommitted":11010048,"NonHeapMemoryMax":-1,"NonHeapMemoryInit":2555904,"HeapMemoryUsed":30445224,"EdenSpaceInit":67108864,"PermGenInit":0},"threadMap":{"ThreadCount":196,"TotalStartedThreadCount":262,"DeadLockedThreadCount":0,"ProcessCpuTimeRate":6.438,"DaemonThreadCount":192}},"pushJobNum":0,"receiveJobNum":0,"timestamp":1778724240000},{"exeExceptionNum":0,"exeFailedNum":0,"exeLaterNum":0,"exeSuccessNum":0,"fixExecutingJobNum":0,"jvmMData":{"gcMap":{"FullGCCollectionTime":14,"SpanYoungGCCollectionCount":0,"SpanFullGCCollectionCount":0,"YoungGCCollectionCount":3,"FullGCCollectionCount":1,"SpanYoungGCCollectionTime":0,"YoungGCCollectionTime":53,"SpanFullGCCollectionTime":0},"memoryMap":{"HeapMemoryMax":3817865216,"SurvivorUsed":2341800,"OldGenCommitted":86507520,"PermGenUsed":0,"NonHeapMemoryUsed":34708688,"OldGenMax":2863661056,"SurvivorInit":11010048,"PermGenCommitted":0,"PermGenMax":0,"OldGenUsed":7205448,"EdenSpaceUsed":60142632,"NonHeapMemoryCommitted":35782656,"HeapMemoryInit":268435456,"HeapMemoryCommitted":231735296,"SurvivorMax":11010048,"EdenSpaceCommitted":134217728,"OldGenInit":179306496,"EdenSpaceMax":1409286144,"SurvivorCommitted":11010048,"NonHeapMemoryMax":-1,"NonHeapMemoryInit":2555904,"HeapMemoryUsed":69689880,"EdenSpaceInit":67108864,"PermGenInit":0},"threadMap":{"ThreadCount":215,"TotalStartedThreadCount":340,"DeadLockedThreadCount":0,"ProcessCpuTimeRate":4.987,"DaemonThreadCount":211}},"pushJobNum":0,"receiveJobNum":0,"timestamp":1778724300000},{"exeExceptionNum":0,"exeFailedNum":0,"exeLaterNum":0,"exeSuccessNum":0,"fixExecutingJobNum":0,"jvmMData":{"gcMap":{"FullGCCollectionTime":14,"SpanYoungGCCollectionCount":0,"SpanFullGCCollectionCount":0,"YoungGCCollectionCount":3,"FullGCCollectionCount":1,"SpanYoungGCCollectionTime":0,"YoungGCCollectionTime":53,"SpanFullGCCollectionTime":0},"memoryMap":{"HeapMemoryMax":3817865216,"SurvivorUsed":2341800,"OldGenCommitted":86507520,"PermGenUsed":0,"NonHeapMemoryUsed":35370336,"OldGenMax":2863661056,"SurvivorInit":11010048,"PermGenCommitted":0,"PermGenMax":0,"OldGenUsed":7205448,"EdenSpaceUsed":69433392,"NonHeapMemoryCommitted":36372480,"HeapMemoryInit":268435456,"HeapMemoryCommitted":231735296,"SurvivorMax":11010048,"EdenSpaceCommitted":134217728,"OldGenInit":179306496,"EdenSpaceMax":1409286144,"SurvivorCommitted":11010048,"NonHeapMemoryMax":-1,"NonHeapMemoryInit":2555904,"HeapMemoryUsed":78980640,"EdenSpaceInit":67108864,"PermGenInit":0},"threadMap":{"ThreadCount":215,"TotalStartedThreadCount":400,"DeadLockedThreadCount":0,"ProcessCpuTimeRate":4.004,"DaemonThreadCount":211}},"pushJobNum":0,"receiveJobNum":0,"timestamp":1778724360000},{"exeExceptionNum":0,"exeFailedNum":0,"exeLaterNum":0,"exeSuccessNum":0,"fixExecutingJobNum":0,"jvmMData":{"gcMap":{"FullGCCollectionTime":14,"SpanYoungGCCollectionCount":0,"SpanFullGCCollectionCount":0,"YoungGCCollectionCount":3,"FullGCCollectionCount":1,"SpanYoungGCCollectionTime":0,"YoungGCCollectionTime":53,"SpanFullGCCollectionTime":0},"memoryMap":{"HeapMemoryMax":3817865216,"SurvivorUsed":2341800,"OldGenCommitted":86507520,"PermGenUsed":0,"NonHeapMemoryUsed":36527472,"OldGenMax":2863661056,"SurvivorInit":11010048,"PermGenCommitted":0,"PermGenMax":0,"OldGenUsed":7205448,"EdenSpaceUsed":75563112,"NonHeapMemoryCommitted":37552128,"HeapMemoryInit":268435456,"HeapMemoryCommitted":231735296,"SurvivorMax":11010048,"EdenSpaceCommitted":134217728,"OldGenInit":179306496,"EdenSpaceMax":1409286144,"SurvivorCommitted":11010048,"NonHeapMemoryMax":-1,"NonHeapMemoryInit":2555904,"HeapMemoryUsed":85110360,"EdenSpaceInit":67108864,"PermGenInit":0},"threadMap":{"ThreadCount":215,"TotalStartedThreadCount":460,"DeadLockedThreadCount":0,"ProcessCpuTimeRate":5.054,"DaemonThreadCount":211}},"pushJobNum":0,"receiveJobNum":0,"timestamp":1778724420000},{"exeExceptionNum":0,"exeFailedNum":0,"exeLaterNum":0,"exeSuccessNum":0,"fixExecutingJobNum":0,"jvmMData":{"gcMap":{"FullGCCollectionTime":14,"SpanYoungGCCollectionCount":0,"SpanFullGCCollectionCount":0,"YoungGCCollectionCount":3,"FullGCCollectionCount":1,"SpanYoungGCCollectionTime":0,"YoungGCCollectionTime":53,"SpanFullGCCollectionTime":0},"memoryMap":{"HeapMemoryMax":3817865216,"SurvivorUsed":2341800,"OldGenCommitted":86507520,"PermGenUsed":0,"NonHeapMemoryUsed":37098240,"OldGenMax":2863661056,"SurvivorInit":11010048,"PermGenCommitted":0,"PermGenMax":0,"OldGenUsed":7205448,"EdenSpaceUsed":81165552,"NonHeapMemoryCommitted":38010880,"HeapMemoryInit":268435456,"HeapMemoryCommitted":231735296,"SurvivorMax":11010048,"EdenSpaceCommitted":134217728,"OldGenInit":179306496,"EdenSpaceMax":1409286144,"SurvivorCommitted":11010048,"NonHeapMemoryMax":-1,"NonHeapMemoryInit":2555904,"HeapMemoryUsed":90712800,"EdenSpaceInit":67108864,"PermGenInit":0},"threadMap":{"ThreadCount":215,"TotalStartedThreadCount":518,"DeadLockedThreadCount":0,"ProcessCpuTimeRate":4.220,"DaemonThreadCount":211}},"pushJobNum":0,"receiveJobNum":0,"timestamp":1778724480000},{"exeExceptionNum":0,"exeFailedNum":0,"exeLaterNum":0,"exeSuccessNum":0,"fixExecutingJobNum":0,"jvmMData":{"gcMap":{"FullGCCollectionTime":14,"SpanYoungGCCollectionCount":0,"SpanFullGCCollectionCount":0,"YoungGCCollectionCount":3,"FullGCCollectionCount":1,"SpanYoungGCCollectionTime":0,"YoungGCCollectionTime":53,"SpanFullGCCollectionTime":0},"memoryMap":{"HeapMemoryMax":3817865216,"SurvivorUsed":2341800,"OldGenCommitted":86507520,"PermGenUsed":0,"NonHeapMemoryUsed":37775888,"OldGenMax":2863661056,"SurvivorInit":11010048,"PermGenCommitted":0,"PermGenMax":0,"OldGenUsed":7205448,"EdenSpaceUsed":87675712,"NonHeapMemoryCommitted":38797312,"HeapMemoryInit":268435456,"HeapMemoryCommitted":231735296,"SurvivorMax":11010048,"EdenSpaceCommitted":134217728,"OldGenInit":179306496,"EdenSpaceMax":1409286144,"SurvivorCommitted":11010048,"NonHeapMemoryMax":-1,"NonHeapMemoryInit":2555904,"HeapMemoryUsed":97222960,"EdenSpaceInit":67108864,"PermGenInit":0},"threadMap":{"ThreadCount":215,"TotalStartedThreadCount":578,"DeadLockedThreadCount":0,"ProcessCpuTimeRate":3.795,"DaemonThreadCount":211}},"pushJobNum":0,"receiveJobNum":0,"timestamp":1778724540000},{"exeExceptionNum":0,"exeFailedNum":0,"exeLaterNum":0,"exeSuccessNum":0,"fixExecutingJobNum":0,"jvmMData":{"gcMap":{"FullGCCollectionTime":14,"SpanYoungGCCollectionCount":0,"SpanFullGCCollectionCount":0,"YoungGCCollectionCount":3,"FullGCCollectionCount":1,"SpanYoungGCCollectionTime":0,"YoungGCCollectionTime":53,"SpanFullGCCollectionTime":0},"memoryMap":{"HeapMemoryMax":3817865216,"SurvivorUsed":2341800,"OldGenCommitted":86507520,"PermGenUsed":0,"NonHeapMemoryUsed":38210672,"OldGenMax":2863661056,"SurvivorInit":11010048,"PermGenCommitted":0,"PermGenMax":0,"OldGenUsed":7205448,"EdenSpaceUsed":94224568,"NonHeapMemoryCommitted":39190528,"HeapMemoryInit":268435456,"HeapMemoryCommitted":231735296,"SurvivorMax":11010048,"EdenSpaceCommitted":134217728,"OldGenInit":179306496,"EdenSpaceMax":1409286144,"SurvivorCommitted":11010048,"NonHeapMemoryMax":-1,"NonHeapMemoryInit":2555904,"HeapMemoryUsed":103771816,"EdenSpaceInit":67108864,"PermGenInit":0},"threadMap":{"ThreadCount":215,"TotalStartedThreadCount":638,"DeadLockedThreadCount":0,"ProcessCpuTimeRate":3.745,"DaemonThreadCount":211}},"pushJobNum":0,"receiveJobNum":0,"timestamp":1778724600000},{"exeExceptionNum":0,"exeFailedNum":0,"exeLaterNum":0,"exeSuccessNum":0,"fixExecutingJobNum":0,"jvmMData":{"gcMap":{"FullGCCollectionTime":14,"SpanYoungGCCollectionCount":0,"SpanFullGCCollectionCount":0,"YoungGCCollectionCount":3,"FullGCCollectionCount":1,"SpanYoungGCCollectionTime":0,"YoungGCCollectionTime":53,"SpanFullGCCollectionTime":0},"memoryMap":{"HeapMemoryMax":3817865216,"SurvivorUsed":2341800,"OldGenCommitted":86507520,"PermGenUsed":0,"NonHeapMemoryUsed":38465144,"OldGenMax":2863661056,"SurvivorInit":11010048,"PermGenCommitted":0,"PermGenMax":0,"OldGenUsed":7205448,"EdenSpaceUsed":101464760,"NonHeapMemoryCommitted":39649280,"HeapMemoryInit":268435456,"HeapMemoryCommitted":231735296,"SurvivorMax":11010048,"EdenSpaceCommitted":134217728,"OldGenInit":179306496,"EdenSpaceMax":1409286144,"SurvivorCommitted":11010048,"NonHeapMemoryMax":-1,"NonHeapMemoryInit":2555904,"HeapMemoryUsed":111012008,"EdenSpaceInit":67108864,"PermGenInit":0},"threadMap":{"ThreadCount":215,"TotalStartedThreadCount":696,"DeadLockedThreadCount":0,"ProcessCpuTimeRate":3.330,"DaemonThreadCount":211}},"pushJobNum":0,"receiveJobNum":0,"timestamp":1778724660000}], lts version: 1.7.3-SNAPSHOT, current host: 192.168.64.1
[lts] 2026-05-14 10:22:00,856 DEBUG [pool-1-thread-6] com.github.ltsopensource.core.logger.slf4j.Slf4jLogger.debug(32) | 
    INSERT 
    INTO
        `
        lts_admin_task_tracker_monitor_data`(
            `gmt_created`, `node_group`, `identity`, `timestamp`, `exe_success_num`, `exe_failed_num`, `exe_later_num`, `exe_exception_num`, `total_running_time`
        ) 
    VALUES
        (?,?,?,?,?,?,?,?,?), lts version: 1.7.3-SNAPSHOT, current host: 192.168.64.1
[lts] 2026-05-14 10:22:00,856 DEBUG [pool-1-thread-5] com.github.ltsopensource.core.logger.slf4j.Slf4jLogger.debug(32) | 
    INSERT 
    INTO
        `
        lts_admin_job_tracker_monitor_data`(
            `gmt_created`, `identity`, `timestamp`, `receive_job_num`, `push_job_num`, `exe_success_num`, `exe_failed_num`, `exe_later_num`, `exe_exception_num`, `fix_executing_job_num`
        ) 
    VALUES
        (?,?,?,?,?,?,?,?,?,?), lts version: 1.7.3-SNAPSHOT, current host: 192.168.64.1
[lts] 2026-05-14 10:22:00,925 DEBUG [pool-1-thread-5] com.github.ltsopensource.core.logger.slf4j.Slf4jLogger.debug(32) | 
    INSERT 
    INTO
        `
        lts_admin_jvm_gc`(
            `gmt_created`, `identity`, `timestamp`, `node_type`, `node_group`, `young_gc_collection_count`, `young_gc_collection_time`, `full_gc_collection_count`, `full_gc_collection_time`, `span_young_gc_collection_count`, `span_young_gc_collection_time`, `span_full_gc_collection_count`, `span_full_gc_collection_time`
        ) 
    VALUES
        (?,?,?,?,?,?,?,?,?,?,?,?,?), lts version: 1.7.3-SNAPSHOT, current host: 192.168.64.1
[lts] 2026-05-14 10:22:00,925 DEBUG [pool-1-thread-6] com.github.ltsopensource.core.logger.slf4j.Slf4jLogger.debug(32) | 
    INSERT 
    INTO
        `
        lts_admin_jvm_gc`(
            `gmt_created`, `identity`, `timestamp`, `node_type`, `node_group`, `young_gc_collection_count`, `young_gc_collection_time`, `full_gc_collection_count`, `full_gc_collection_time`, `span_young_gc_collection_count`, `span_young_gc_collection_time`, `span_full_gc_collection_count`, `span_full_gc_collection_time`
        ) 
    VALUES
        (?,?,?,?,?,?,?,?,?,?,?,?,?), lts version: 1.7.3-SNAPSHOT, current host: 192.168.64.1
[lts] 2026-05-14 10:22:00,938 DEBUG [pool-1-thread-6] com.github.ltsopensource.core.logger.slf4j.Slf4jLogger.debug(32) | 
    INSERT 
    INTO
        `
        lts_admin_jvm_memory`(
            `gmt_created`, `identity`, `timestamp`, `node_type`, `node_group`, `heap_memory_committed`, `heap_memory_init`, `heap_memory_max`, `heap_memory_used`, `non_heap_memory_committed`, `non_heap_memory_init`, `non_heap_memory_max`, `non_heap_memory_used`, `perm_gen_committed`, `perm_gen_init`, `perm_gen_max`, `perm_gen_used`, `old_gen_committed`, `old_gen_init`, `old_gen_max`, `old_gen_used`, `eden_space_committed`, `eden_space_init`, `eden_space_max`, `eden_space_used`, `survivor_committed`, `survivor_init`, `survivor_max`, `survivor_used`
        ) 
    VALUES
        (?,?,?,?,?,?,?,?,?,?,?,?,?,?,?,?,?,?,?,?,?,?,?,?,?,?,?,?,?), lts version: 1.7.3-SNAPSHOT, current host: 192.168.64.1
[lts] 2026-05-14 10:22:00,938 DEBUG [pool-1-thread-5] com.github.ltsopensource.core.logger.slf4j.Slf4jLogger.debug(32) | 
    INSERT 
    INTO
        `
        lts_admin_jvm_memory`(
            `gmt_created`, `identity`, `timestamp`, `node_type`, `node_group`, `heap_memory_committed`, `heap_memory_init`, `heap_memory_max`, `heap_memory_used`, `non_heap_memory_committed`, `non_heap_memory_init`, `non_heap_memory_max`, `non_heap_memory_used`, `perm_gen_committed`, `perm_gen_init`, `perm_gen_max`, `perm_gen_used`, `old_gen_committed`, `old_gen_init`, `old_gen_max`, `old_gen_used`, `eden_space_committed`, `eden_space_init`, `eden_space_max`, `eden_space_used`, `survivor_committed`, `survivor_init`, `survivor_max`, `survivor_used`
        ) 
    VALUES
        (?,?,?,?,?,?,?,?,?,?,?,?,?,?,?,?,?,?,?,?,?,?,?,?,?,?,?,?,?), lts version: 1.7.3-SNAPSHOT, current host: 192.168.64.1
[lts] 2026-05-14 10:22:00,954 DEBUG [pool-1-thread-6] com.github.ltsopensource.core.logger.slf4j.Slf4jLogger.debug(32) | 
    INSERT 
    INTO
        `
        lts_admin_jvm_thread`(
            `gmt_created`, `identity`, `timestamp`, `node_type`, `node_group`, `daemon_thread_count`, `thread_count`, `total_started_thread_count`, `dead_locked_thread_count`, `process_cpu_time_rate`
        ) 
    VALUES
        (?,?,?,?,?,?,?,?,?,?), lts version: 1.7.3-SNAPSHOT, current host: 192.168.64.1
[lts] 2026-05-14 10:22:00,956 DEBUG [pool-1-thread-5] com.github.ltsopensource.core.logger.slf4j.Slf4jLogger.debug(32) | 
    INSERT 
    INTO
        `
        lts_admin_jvm_thread`(
            `gmt_created`, `identity`, `timestamp`, `node_type`, `node_group`, `daemon_thread_count`, `thread_count`, `total_started_thread_count`, `dead_locked_thread_count`, `process_cpu_time_rate`
        ) 
    VALUES
        (?,?,?,?,?,?,?,?,?,?), lts version: 1.7.3-SNAPSHOT, current host: 192.168.64.1
[lts] 2026-05-14 10:22:00,973 DEBUG [pool-1-thread-6] com.github.ltsopensource.core.logger.slf4j.Slf4jLogger.debug(32) | Add Monitor Data success, mNode={"identity":"TT_192.168.64.1_19784_10-03-55.606_1","nodeGroup":"test_trade_taskTracker","nodeType":"TASK_TRACKER"}, mData=[{"exeExceptionNum":0,"exeFailedNum":0,"exeLaterNum":0,"exeSuccessNum":0,"jvmMData":{"gcMap":{"FullGCCollectionTime":0,"SpanYoungGCCollectionCount":0,"SpanFullGCCollectionCount":0,"YoungGCCollectionCount":1,"FullGCCollectionCount":0,"SpanYoungGCCollectionTime":0,"YoungGCCollectionTime":18,"SpanFullGCCollectionTime":0},"memoryMap":{"HeapMemoryMax":3817865216,"SurvivorUsed":7829944,"OldGenCommitted":179306496,"PermGenUsed":0,"NonHeapMemoryUsed":20431784,"OldGenMax":2863661056,"SurvivorInit":11010048,"PermGenCommitted":0,"PermGenMax":0,"OldGenUsed":8192,"EdenSpaceUsed":6688136,"NonHeapMemoryCommitted":21168128,"HeapMemoryInit":268435456,"HeapMemoryCommitted":257425408,"SurvivorMax":11010048,"EdenSpaceCommitted":67108864,"OldGenInit":179306496,"EdenSpaceMax":1409286144,"SurvivorCommitted":11010048,"NonHeapMemoryMax":-1,"NonHeapMemoryInit":2555904,"HeapMemoryUsed":14526272,"EdenSpaceInit":67108864,"PermGenInit":0},"threadMap":{"ThreadCount":25,"TotalStartedThreadCount":28,"DeadLockedThreadCount":0,"ProcessCpuTimeRate":12.10,"DaemonThreadCount":22}},"timestamp":1778724180000,"totalRunningTime":0},{"exeExceptionNum":0,"exeFailedNum":0,"exeLaterNum":0,"exeSuccessNum":0,"jvmMData":{"gcMap":{"FullGCCollectionTime":0,"SpanYoungGCCollectionCount":0,"SpanFullGCCollectionCount":0,"YoungGCCollectionCount":1,"FullGCCollectionCount":0,"SpanYoungGCCollectionTime":0,"YoungGCCollectionTime":18,"SpanFullGCCollectionTime":0},"memoryMap":{"HeapMemoryMax":3817865216,"SurvivorUsed":7829944,"OldGenCommitted":179306496,"PermGenUsed":0,"NonHeapMemoryUsed":21548768,"OldGenMax":2863661056,"SurvivorInit":11010048,"PermGenCommitted":0,"PermGenMax":0,"OldGenUsed":8192,"EdenSpaceUsed":14087256,"NonHeapMemoryCommitted":22413312,"HeapMemoryInit":268435456,"HeapMemoryCommitted":257425408,"SurvivorMax":11010048,"EdenSpaceCommitted":67108864,"OldGenInit":179306496,"EdenSpaceMax":1409286144,"SurvivorCommitted":11010048,"NonHeapMemoryMax":-1,"NonHeapMemoryInit":2555904,"HeapMemoryUsed":21925392,"EdenSpaceInit":67108864,"PermGenInit":0},"threadMap":{"ThreadCount":24,"TotalStartedThreadCount":28,"DeadLockedThreadCount":0,"ProcessCpuTimeRate":3.338,"DaemonThreadCount":21}},"timestamp":1778724240000,"totalRunningTime":0},{"exeExceptionNum":0,"exeFailedNum":0,"exeLaterNum":0,"exeSuccessNum":0,"jvmMData":{"gcMap":{"FullGCCollectionTime":0,"SpanYoungGCCollectionCount":0,"SpanFullGCCollectionCount":0,"YoungGCCollectionCount":1,"FullGCCollectionCount":0,"SpanYoungGCCollectionTime":0,"YoungGCCollectionTime":18,"SpanFullGCCollectionTime":0},"memoryMap":{"HeapMemoryMax":3817865216,"SurvivorUsed":7829944,"OldGenCommitted":179306496,"PermGenUsed":0,"NonHeapMemoryUsed":21989680,"OldGenMax":2863661056,"SurvivorInit":11010048,"PermGenCommitted":0,"PermGenMax":0,"OldGenUsed":8192,"EdenSpaceUsed":16791488,"NonHeapMemoryCommitted":22806528,"HeapMemoryInit":268435456,"HeapMemoryCommitted":257425408,"SurvivorMax":11010048,"EdenSpaceCommitted":67108864,"OldGenInit":179306496,"EdenSpaceMax":1409286144,"SurvivorCommitted":11010048,"NonHeapMemoryMax":-1,"NonHeapMemoryInit":2555904,"HeapMemoryUsed":24629624,"EdenSpaceInit":67108864,"PermGenInit":0},"threadMap":{"ThreadCount":24,"TotalStartedThreadCount":28,"DeadLockedThreadCount":0,"ProcessCpuTimeRate":2.289,"DaemonThreadCount":21}},"timestamp":1778724300000,"totalRunningTime":0},{"exeExceptionNum":0,"exeFailedNum":0,"exeLaterNum":0,"exeSuccessNum":0,"jvmMData":{"gcMap":{"FullGCCollectionTime":0,"SpanYoungGCCollectionCount":0,"SpanFullGCCollectionCount":0,"YoungGCCollectionCount":1,"FullGCCollectionCount":0,"SpanYoungGCCollectionTime":0,"YoungGCCollectionTime":18,"SpanFullGCCollectionTime":0},"memoryMap":{"HeapMemoryMax":3817865216,"SurvivorUsed":7829944,"OldGenCommitted":179306496,"PermGenUsed":0,"NonHeapMemoryUsed":21988632,"OldGenMax":2863661056,"SurvivorInit":11010048,"PermGenCommitted":0,"PermGenMax":0,"OldGenUsed":8192,"EdenSpaceUsed":18808208,"NonHeapMemoryCommitted":23003136,"HeapMemoryInit":268435456,"HeapMemoryCommitted":257425408,"SurvivorMax":11010048,"EdenSpaceCommitted":67108864,"OldGenInit":179306496,"EdenSpaceMax":1409286144,"SurvivorCommitted":11010048,"NonHeapMemoryMax":-1,"NonHeapMemoryInit":2555904,"HeapMemoryUsed":26646344,"EdenSpaceInit":67108864,"PermGenInit":0},"threadMap":{"ThreadCount":24,"TotalStartedThreadCount":28,"DeadLockedThreadCount":0,"ProcessCpuTimeRate":2.171,"DaemonThreadCount":21}},"timestamp":1778724360000,"totalRunningTime":0},{"exeExceptionNum":0,"exeFailedNum":0,"exeLaterNum":0,"exeSuccessNum":0,"jvmMData":{"gcMap":{"FullGCCollectionTime":0,"SpanYoungGCCollectionCount":0,"SpanFullGCCollectionCount":0,"YoungGCCollectionCount":1,"FullGCCollectionCount":0,"SpanYoungGCCollectionTime":0,"YoungGCCollectionTime":18,"SpanFullGCCollectionTime":0},"memoryMap":{"HeapMemoryMax":3817865216,"SurvivorUsed":7829944,"OldGenCommitted":179306496,"PermGenUsed":0,"NonHeapMemoryUsed":22197712,"OldGenMax":2863661056,"SurvivorInit":11010048,"PermGenCommitted":0,"PermGenMax":0,"OldGenUsed":8192,"EdenSpaceUsed":23538952,"NonHeapMemoryCommitted":23003136,"HeapMemoryInit":268435456,"HeapMemoryCommitted":257425408,"SurvivorMax":11010048,"EdenSpaceCommitted":67108864,"OldGenInit":179306496,"EdenSpaceMax":1409286144,"SurvivorCommitted":11010048,"NonHeapMemoryMax":-1,"NonHeapMemoryInit":2555904,"HeapMemoryUsed":31377088,"EdenSpaceInit":67108864,"PermGenInit":0},"threadMap":{"ThreadCount":24,"TotalStartedThreadCount":28,"DeadLockedThreadCount":0,"ProcessCpuTimeRate":2.075,"DaemonThreadCount":21}},"timestamp":1778724420000,"totalRunningTime":0},{"exeExceptionNum":0,"exeFailedNum":0,"exeLaterNum":0,"exeSuccessNum":0,"jvmMData":{"gcMap":{"FullGCCollectionTime":0,"SpanYoungGCCollectionCount":0,"SpanFullGCCollectionCount":0,"YoungGCCollectionCount":1,"FullGCCollectionCount":0,"SpanYoungGCCollectionTime":0,"YoungGCCollectionTime":18,"SpanFullGCCollectionTime":0},"memoryMap":{"HeapMemoryMax":3817865216,"SurvivorUsed":7829944,"OldGenCommitted":179306496,"PermGenUsed":0,"NonHeapMemoryUsed":22475176,"OldGenMax":2863661056,"SurvivorInit":11010048,"PermGenCommitted":0,"PermGenMax":0,"OldGenUsed":8192,"EdenSpaceUsed":25552312,"NonHeapMemoryCommitted":23396352,"HeapMemoryInit":268435456,"HeapMemoryCommitted":257425408,"SurvivorMax":11010048,"EdenSpaceCommitted":67108864,"OldGenInit":179306496,"EdenSpaceMax":1409286144,"SurvivorCommitted":11010048,"NonHeapMemoryMax":-1,"NonHeapMemoryInit":2555904,"HeapMemoryUsed":33390448,"EdenSpaceInit":67108864,"PermGenInit":0},"threadMap":{"ThreadCount":24,"TotalStartedThreadCount":28,"DeadLockedThreadCount":0,"ProcessCpuTimeRate":2.404,"DaemonThreadCount":21}},"timestamp":1778724480000,"totalRunningTime":0},{"exeExceptionNum":0,"exeFailedNum":0,"exeLaterNum":0,"exeSuccessNum":0,"jvmMData":{"gcMap":{"FullGCCollectionTime":0,"SpanYoungGCCollectionCount":0,"SpanFullGCCollectionCount":0,"YoungGCCollectionCount":1,"FullGCCollectionCount":0,"SpanYoungGCCollectionTime":0,"YoungGCCollectionTime":18,"SpanFullGCCollectionTime":0},"memoryMap":{"HeapMemoryMax":3817865216,"SurvivorUsed":7829944,"OldGenCommitted":179306496,"PermGenUsed":0,"NonHeapMemoryUsed":22553792,"OldGenMax":2863661056,"SurvivorInit":11010048,"PermGenCommitted":0,"PermGenMax":0,"OldGenUsed":8192,"EdenSpaceUsed":28276760,"NonHeapMemoryCommitted":23461888,"HeapMemoryInit":268435456,"HeapMemoryCommitted":257425408,"SurvivorMax":11010048,"EdenSpaceCommitted":67108864,"OldGenInit":179306496,"EdenSpaceMax":1409286144,"SurvivorCommitted":11010048,"NonHeapMemoryMax":-1,"NonHeapMemoryInit":2555904,"HeapMemoryUsed":36114896,"EdenSpaceInit":67108864,"PermGenInit":0},"threadMap":{"ThreadCount":24,"TotalStartedThreadCount":28,"DeadLockedThreadCount":0,"ProcessCpuTimeRate":2.029,"DaemonThreadCount":21}},"timestamp":1778724540000,"totalRunningTime":0},{"exeExceptionNum":0,"exeFailedNum":0,"exeLaterNum":0,"exeSuccessNum":0,"jvmMData":{"gcMap":{"FullGCCollectionTime":0,"SpanYoungGCCollectionCount":0,"SpanFullGCCollectionCount":0,"YoungGCCollectionCount":1,"FullGCCollectionCount":0,"SpanYoungGCCollectionTime":0,"YoungGCCollectionTime":18,"SpanFullGCCollectionTime":0},"memoryMap":{"HeapMemoryMax":3817865216,"SurvivorUsed":7829944,"OldGenCommitted":179306496,"PermGenUsed":0,"NonHeapMemoryUsed":22749224,"OldGenMax":2863661056,"SurvivorInit":11010048,"PermGenCommitted":0,"PermGenMax":0,"OldGenUsed":8192,"EdenSpaceUsed":30993144,"NonHeapMemoryCommitted":23592960,"HeapMemoryInit":268435456,"HeapMemoryCommitted":257425408,"SurvivorMax":11010048,"EdenSpaceCommitted":67108864,"OldGenInit":179306496,"EdenSpaceMax":1409286144,"SurvivorCommitted":11010048,"NonHeapMemoryMax":-1,"NonHeapMemoryInit":2555904,"HeapMemoryUsed":38831280,"EdenSpaceInit":67108864,"PermGenInit":0},"threadMap":{"ThreadCount":24,"TotalStartedThreadCount":28,"DeadLockedThreadCount":0,"ProcessCpuTimeRate":1.943,"DaemonThreadCount":21}},"timestamp":1778724600000,"totalRunningTime":0},{"exeExceptionNum":0,"exeFailedNum":0,"exeLaterNum":0,"exeSuccessNum":0,"jvmMData":{"gcMap":{"FullGCCollectionTime":0,"SpanYoungGCCollectionCount":0,"SpanFullGCCollectionCount":0,"YoungGCCollectionCount":1,"FullGCCollectionCount":0,"SpanYoungGCCollectionTime":0,"YoungGCCollectionTime":18,"SpanFullGCCollectionTime":0},"memoryMap":{"HeapMemoryMax":3817865216,"SurvivorUsed":7829944,"OldGenCommitted":179306496,"PermGenUsed":0,"NonHeapMemoryUsed":22875216,"OldGenMax":2863661056,"SurvivorInit":11010048,"PermGenCommitted":0,"PermGenMax":0,"OldGenUsed":8192,"EdenSpaceUsed":34362312,"NonHeapMemoryCommitted":23724032,"HeapMemoryInit":268435456,"HeapMemoryCommitted":257425408,"SurvivorMax":11010048,"EdenSpaceCommitted":67108864,"OldGenInit":179306496,"EdenSpaceMax":1409286144,"SurvivorCommitted":11010048,"NonHeapMemoryMax":-1,"NonHeapMemoryInit":2555904,"HeapMemoryUsed":42200448,"EdenSpaceInit":67108864,"PermGenInit":0},"threadMap":{"ThreadCount":24,"TotalStartedThreadCount":28,"DeadLockedThreadCount":0,"ProcessCpuTimeRate":1.731,"DaemonThreadCount":21}},"timestamp":1778724660000,"totalRunningTime":0},{"exeExceptionNum":0,"exeFailedNum":0,"exeLaterNum":0,"exeSuccessNum":0,"jvmMData":{"gcMap":{"FullGCCollectionTime":0,"SpanYoungGCCollectionCount":0,"SpanFullGCCollectionCount":0,"YoungGCCollectionCount":1,"FullGCCollectionCount":0,"SpanYoungGCCollectionTime":0,"YoungGCCollectionTime":18,"SpanFullGCCollectionTime":0},"memoryMap":{"HeapMemoryMax":3817865216,"SurvivorUsed":7829944,"OldGenCommitted":179306496,"PermGenUsed":0,"NonHeapMemoryUsed":23121600,"OldGenMax":2863661056,"SurvivorInit":11010048,"PermGenCommitted":0,"PermGenMax":0,"OldGenUsed":8192,"EdenSpaceUsed":36375672,"NonHeapMemoryCommitted":24051712,"HeapMemoryInit":268435456,"HeapMemoryCommitted":257425408,"SurvivorMax":11010048,"EdenSpaceCommitted":67108864,"OldGenInit":179306496,"EdenSpaceMax":1409286144,"SurvivorCommitted":11010048,"NonHeapMemoryMax":-1,"NonHeapMemoryInit":2555904,"HeapMemoryUsed":44213808,"EdenSpaceInit":67108864,"PermGenInit":0},"threadMap":{"ThreadCount":24,"TotalStartedThreadCount":28,"DeadLockedThreadCount":0,"ProcessCpuTimeRate":2.058,"DaemonThreadCount":21}},"timestamp":1778724720000,"totalRunningTime":0}], lts version: 1.7.3-SNAPSHOT, current host: 192.168.64.1
[lts] 2026-05-14 10:22:00,974 DEBUG [pool-1-thread-5] com.github.ltsopensource.core.logger.slf4j.Slf4jLogger.debug(32) | Add Monitor Data success, mNode={"identity":"JT_192.168.64.1_19709_10-02-49.861_1","nodeGroup":"lts","nodeType":"JOB_TRACKER"}, mData=[{"exeExceptionNum":0,"exeFailedNum":0,"exeLaterNum":0,"exeSuccessNum":0,"fixExecutingJobNum":0,"jvmMData":{"gcMap":{"FullGCCollectionTime":14,"SpanYoungGCCollectionCount":0,"SpanFullGCCollectionCount":0,"YoungGCCollectionCount":2,"FullGCCollectionCount":1,"SpanYoungGCCollectionTime":0,"YoungGCCollectionTime":39,"SpanFullGCCollectionTime":0},"memoryMap":{"HeapMemoryMax":3817865216,"SurvivorUsed":0,"OldGenCommitted":86507520,"PermGenUsed":0,"NonHeapMemoryUsed":30571448,"OldGenMax":2863661056,"SurvivorInit":11010048,"PermGenCommitted":0,"PermGenMax":0,"OldGenUsed":7197256,"EdenSpaceUsed":27307064,"NonHeapMemoryCommitted":31637504,"HeapMemoryInit":268435456,"HeapMemoryCommitted":231735296,"SurvivorMax":11010048,"EdenSpaceCommitted":134217728,"OldGenInit":179306496,"EdenSpaceMax":1409286144,"SurvivorCommitted":11010048,"NonHeapMemoryMax":-1,"NonHeapMemoryInit":2555904,"HeapMemoryUsed":34504320,"EdenSpaceInit":67108864,"PermGenInit":0},"threadMap":{"ThreadCount":30,"TotalStartedThreadCount":34,"DeadLockedThreadCount":0,"ProcessCpuTimeRate":5.441,"DaemonThreadCount":27}},"pushJobNum":0,"receiveJobNum":0,"timestamp":1778724120000},{"exeExceptionNum":0,"exeFailedNum":0,"exeLaterNum":0,"exeSuccessNum":0,"fixExecutingJobNum":0,"jvmMData":{"gcMap":{"FullGCCollectionTime":14,"SpanYoungGCCollectionCount":0,"SpanFullGCCollectionCount":0,"YoungGCCollectionCount":2,"FullGCCollectionCount":1,"SpanYoungGCCollectionTime":0,"YoungGCCollectionTime":39,"SpanFullGCCollectionTime":0},"memoryMap":{"HeapMemoryMax":3817865216,"SurvivorUsed":0,"OldGenCommitted":86507520,"PermGenUsed":0,"NonHeapMemoryUsed":31927272,"OldGenMax":2863661056,"SurvivorInit":11010048,"PermGenCommitted":0,"PermGenMax":0,"OldGenUsed":7197256,"EdenSpaceUsed":41404560,"NonHeapMemoryCommitted":32899072,"HeapMemoryInit":268435456,"HeapMemoryCommitted":231735296,"SurvivorMax":11010048,"EdenSpaceCommitted":134217728,"OldGenInit":179306496,"EdenSpaceMax":1409286144,"SurvivorCommitted":11010048,"NonHeapMemoryMax":-1,"NonHeapMemoryInit":2555904,"HeapMemoryUsed":48601816,"EdenSpaceInit":67108864,"PermGenInit":0},"threadMap":{"ThreadCount":41,"TotalStartedThreadCount":49,"DeadLockedThreadCount":0,"ProcessCpuTimeRate":3.235,"DaemonThreadCount":37}},"pushJobNum":0,"receiveJobNum":0,"timestamp":1778724180000},{"exeExceptionNum":0,"exeFailedNum":0,"exeLaterNum":0,"exeSuccessNum":0,"fixExecutingJobNum":0,"jvmMData":{"gcMap":{"FullGCCollectionTime":14,"SpanYoungGCCollectionCount":1,"SpanFullGCCollectionCount":0,"YoungGCCollectionCount":3,"FullGCCollectionCount":1,"SpanYoungGCCollectionTime":14,"YoungGCCollectionTime":53,"SpanFullGCCollectionTime":0},"memoryMap":{"HeapMemoryMax":3817865216,"SurvivorUsed":2341800,"OldGenCommitted":86507520,"PermGenUsed":0,"NonHeapMemoryUsed":33150888,"OldGenMax":2863661056,"SurvivorInit":11010048,"PermGenCommitted":0,"PermGenMax":0,"OldGenUsed":7205448,"EdenSpaceUsed":20897976,"NonHeapMemoryCommitted":34275328,"HeapMemoryInit":268435456,"HeapMemoryCommitted":231735296,"SurvivorMax":11010048,"EdenSpaceCommitted":134217728,"OldGenInit":179306496,"EdenSpaceMax":1409286144,"SurvivorCommitted":11010048,"NonHeapMemoryMax":-1,"NonHeapMemoryInit":2555904,"HeapMemoryUsed":30445224,"EdenSpaceInit":67108864,"PermGenInit":0},"threadMap":{"ThreadCount":196,"TotalStartedThreadCount":262,"DeadLockedThreadCount":0,"ProcessCpuTimeRate":6.438,"DaemonThreadCount":192}},"pushJobNum":0,"receiveJobNum":0,"timestamp":1778724240000},{"exeExceptionNum":0,"exeFailedNum":0,"exeLaterNum":0,"exeSuccessNum":0,"fixExecutingJobNum":0,"jvmMData":{"gcMap":{"FullGCCollectionTime":14,"SpanYoungGCCollectionCount":0,"SpanFullGCCollectionCount":0,"YoungGCCollectionCount":3,"FullGCCollectionCount":1,"SpanYoungGCCollectionTime":0,"YoungGCCollectionTime":53,"SpanFullGCCollectionTime":0},"memoryMap":{"HeapMemoryMax":3817865216,"SurvivorUsed":2341800,"OldGenCommitted":86507520,"PermGenUsed":0,"NonHeapMemoryUsed":34708688,"OldGenMax":2863661056,"SurvivorInit":11010048,"PermGenCommitted":0,"PermGenMax":0,"OldGenUsed":7205448,"EdenSpaceUsed":60142632,"NonHeapMemoryCommitted":35782656,"HeapMemoryInit":268435456,"HeapMemoryCommitted":231735296,"SurvivorMax":11010048,"EdenSpaceCommitted":134217728,"OldGenInit":179306496,"EdenSpaceMax":1409286144,"SurvivorCommitted":11010048,"NonHeapMemoryMax":-1,"NonHeapMemoryInit":2555904,"HeapMemoryUsed":69689880,"EdenSpaceInit":67108864,"PermGenInit":0},"threadMap":{"ThreadCount":215,"TotalStartedThreadCount":340,"DeadLockedThreadCount":0,"ProcessCpuTimeRate":4.987,"DaemonThreadCount":211}},"pushJobNum":0,"receiveJobNum":0,"timestamp":1778724300000},{"exeExceptionNum":0,"exeFailedNum":0,"exeLaterNum":0,"exeSuccessNum":0,"fixExecutingJobNum":0,"jvmMData":{"gcMap":{"FullGCCollectionTime":14,"SpanYoungGCCollectionCount":0,"SpanFullGCCollectionCount":0,"YoungGCCollectionCount":3,"FullGCCollectionCount":1,"SpanYoungGCCollectionTime":0,"YoungGCCollectionTime":53,"SpanFullGCCollectionTime":0},"memoryMap":{"HeapMemoryMax":3817865216,"SurvivorUsed":2341800,"OldGenCommitted":86507520,"PermGenUsed":0,"NonHeapMemoryUsed":35370336,"OldGenMax":2863661056,"SurvivorInit":11010048,"PermGenCommitted":0,"PermGenMax":0,"OldGenUsed":7205448,"EdenSpaceUsed":69433392,"NonHeapMemoryCommitted":36372480,"HeapMemoryInit":268435456,"HeapMemoryCommitted":231735296,"SurvivorMax":11010048,"EdenSpaceCommitted":134217728,"OldGenInit":179306496,"EdenSpaceMax":1409286144,"SurvivorCommitted":11010048,"NonHeapMemoryMax":-1,"NonHeapMemoryInit":2555904,"HeapMemoryUsed":78980640,"EdenSpaceInit":67108864,"PermGenInit":0},"threadMap":{"ThreadCount":215,"TotalStartedThreadCount":400,"DeadLockedThreadCount":0,"ProcessCpuTimeRate":4.004,"DaemonThreadCount":211}},"pushJobNum":0,"receiveJobNum":0,"timestamp":1778724360000},{"exeExceptionNum":0,"exeFailedNum":0,"exeLaterNum":0,"exeSuccessNum":0,"fixExecutingJobNum":0,"jvmMData":{"gcMap":{"FullGCCollectionTime":14,"SpanYoungGCCollectionCount":0,"SpanFullGCCollectionCount":0,"YoungGCCollectionCount":3,"FullGCCollectionCount":1,"SpanYoungGCCollectionTime":0,"YoungGCCollectionTime":53,"SpanFullGCCollectionTime":0},"memoryMap":{"HeapMemoryMax":3817865216,"SurvivorUsed":2341800,"OldGenCommitted":86507520,"PermGenUsed":0,"NonHeapMemoryUsed":36527472,"OldGenMax":2863661056,"SurvivorInit":11010048,"PermGenCommitted":0,"PermGenMax":0,"OldGenUsed":7205448,"EdenSpaceUsed":75563112,"NonHeapMemoryCommitted":37552128,"HeapMemoryInit":268435456,"HeapMemoryCommitted":231735296,"SurvivorMax":11010048,"EdenSpaceCommitted":134217728,"OldGenInit":179306496,"EdenSpaceMax":1409286144,"SurvivorCommitted":11010048,"NonHeapMemoryMax":-1,"NonHeapMemoryInit":2555904,"HeapMemoryUsed":85110360,"EdenSpaceInit":67108864,"PermGenInit":0},"threadMap":{"ThreadCount":215,"TotalStartedThreadCount":460,"DeadLockedThreadCount":0,"ProcessCpuTimeRate":5.054,"DaemonThreadCount":211}},"pushJobNum":0,"receiveJobNum":0,"timestamp":1778724420000},{"exeExceptionNum":0,"exeFailedNum":0,"exeLaterNum":0,"exeSuccessNum":0,"fixExecutingJobNum":0,"jvmMData":{"gcMap":{"FullGCCollectionTime":14,"SpanYoungGCCollectionCount":0,"SpanFullGCCollectionCount":0,"YoungGCCollectionCount":3,"FullGCCollectionCount":1,"SpanYoungGCCollectionTime":0,"YoungGCCollectionTime":53,"SpanFullGCCollectionTime":0},"memoryMap":{"HeapMemoryMax":3817865216,"SurvivorUsed":2341800,"OldGenCommitted":86507520,"PermGenUsed":0,"NonHeapMemoryUsed":37098240,"OldGenMax":2863661056,"SurvivorInit":11010048,"PermGenCommitted":0,"PermGenMax":0,"OldGenUsed":7205448,"EdenSpaceUsed":81165552,"NonHeapMemoryCommitted":38010880,"HeapMemoryInit":268435456,"HeapMemoryCommitted":231735296,"SurvivorMax":11010048,"EdenSpaceCommitted":134217728,"OldGenInit":179306496,"EdenSpaceMax":1409286144,"SurvivorCommitted":11010048,"NonHeapMemoryMax":-1,"NonHeapMemoryInit":2555904,"HeapMemoryUsed":90712800,"EdenSpaceInit":67108864,"PermGenInit":0},"threadMap":{"ThreadCount":215,"TotalStartedThreadCount":518,"DeadLockedThreadCount":0,"ProcessCpuTimeRate":4.220,"DaemonThreadCount":211}},"pushJobNum":0,"receiveJobNum":0,"timestamp":1778724480000},{"exeExceptionNum":0,"exeFailedNum":0,"exeLaterNum":0,"exeSuccessNum":0,"fixExecutingJobNum":0,"jvmMData":{"gcMap":{"FullGCCollectionTime":14,"SpanYoungGCCollectionCount":0,"SpanFullGCCollectionCount":0,"YoungGCCollectionCount":3,"FullGCCollectionCount":1,"SpanYoungGCCollectionTime":0,"YoungGCCollectionTime":53,"SpanFullGCCollectionTime":0},"memoryMap":{"HeapMemoryMax":3817865216,"SurvivorUsed":2341800,"OldGenCommitted":86507520,"PermGenUsed":0,"NonHeapMemoryUsed":37775888,"OldGenMax":2863661056,"SurvivorInit":11010048,"PermGenCommitted":0,"PermGenMax":0,"OldGenUsed":7205448,"EdenSpaceUsed":87675712,"NonHeapMemoryCommitted":38797312,"HeapMemoryInit":268435456,"HeapMemoryCommitted":231735296,"SurvivorMax":11010048,"EdenSpaceCommitted":134217728,"OldGenInit":179306496,"EdenSpaceMax":1409286144,"SurvivorCommitted":11010048,"NonHeapMemoryMax":-1,"NonHeapMemoryInit":2555904,"HeapMemoryUsed":97222960,"EdenSpaceInit":67108864,"PermGenInit":0},"threadMap":{"ThreadCount":215,"TotalStartedThreadCount":578,"DeadLockedThreadCount":0,"ProcessCpuTimeRate":3.795,"DaemonThreadCount":211}},"pushJobNum":0,"receiveJobNum":0,"timestamp":1778724540000},{"exeExceptionNum":0,"exeFailedNum":0,"exeLaterNum":0,"exeSuccessNum":0,"fixExecutingJobNum":0,"jvmMData":{"gcMap":{"FullGCCollectionTime":14,"SpanYoungGCCollectionCount":0,"SpanFullGCCollectionCount":0,"YoungGCCollectionCount":3,"FullGCCollectionCount":1,"SpanYoungGCCollectionTime":0,"YoungGCCollectionTime":53,"SpanFullGCCollectionTime":0},"memoryMap":{"HeapMemoryMax":3817865216,"SurvivorUsed":2341800,"OldGenCommitted":86507520,"PermGenUsed":0,"NonHeapMemoryUsed":38210672,"OldGenMax":2863661056,"SurvivorInit":11010048,"PermGenCommitted":0,"PermGenMax":0,"OldGenUsed":7205448,"EdenSpaceUsed":94224568,"NonHeapMemoryCommitted":39190528,"HeapMemoryInit":268435456,"HeapMemoryCommitted":231735296,"SurvivorMax":11010048,"EdenSpaceCommitted":134217728,"OldGenInit":179306496,"EdenSpaceMax":1409286144,"SurvivorCommitted":11010048,"NonHeapMemoryMax":-1,"NonHeapMemoryInit":2555904,"HeapMemoryUsed":103771816,"EdenSpaceInit":67108864,"PermGenInit":0},"threadMap":{"ThreadCount":215,"TotalStartedThreadCount":638,"DeadLockedThreadCount":0,"ProcessCpuTimeRate":3.745,"DaemonThreadCount":211}},"pushJobNum":0,"receiveJobNum":0,"timestamp":1778724600000},{"exeExceptionNum":0,"exeFailedNum":0,"exeLaterNum":0,"exeSuccessNum":0,"fixExecutingJobNum":0,"jvmMData":{"gcMap":{"FullGCCollectionTime":14,"SpanYoungGCCollectionCount":0,"SpanFullGCCollectionCount":0,"YoungGCCollectionCount":3,"FullGCCollectionCount":1,"SpanYoungGCCollectionTime":0,"YoungGCCollectionTime":53,"SpanFullGCCollectionTime":0},"memoryMap":{"HeapMemoryMax":3817865216,"SurvivorUsed":2341800,"OldGenCommitted":86507520,"PermGenUsed":0,"NonHeapMemoryUsed":38465144,"OldGenMax":2863661056,"SurvivorInit":11010048,"PermGenCommitted":0,"PermGenMax":0,"OldGenUsed":7205448,"EdenSpaceUsed":101464760,"NonHeapMemoryCommitted":39649280,"HeapMemoryInit":268435456,"HeapMemoryCommitted":231735296,"SurvivorMax":11010048,"EdenSpaceCommitted":134217728,"OldGenInit":179306496,"EdenSpaceMax":1409286144,"SurvivorCommitted":11010048,"NonHeapMemoryMax":-1,"NonHeapMemoryInit":2555904,"HeapMemoryUsed":111012008,"EdenSpaceInit":67108864,"PermGenInit":0},"threadMap":{"ThreadCount":215,"TotalStartedThreadCount":696,"DeadLockedThreadCount":0,"ProcessCpuTimeRate":3.330,"DaemonThreadCount":211}},"pushJobNum":0,"receiveJobNum":0,"timestamp":1778724660000}], lts version: 1.7.3-SNAPSHOT, current host: 192.168.64.1
[lts] 2026-05-14 10:23:00,086 DEBUG [pool-1-thread-7] com.github.ltsopensource.core.logger.slf4j.Slf4jLogger.debug(32) | 
    INSERT 
    INTO
        `
        lts_admin_job_tracker_monitor_data`(
            `gmt_created`, `identity`, `timestamp`, `receive_job_num`, `push_job_num`, `exe_success_num`, `exe_failed_num`, `exe_later_num`, `exe_exception_num`, `fix_executing_job_num`
        ) 
    VALUES
        (?,?,?,?,?,?,?,?,?,?), lts version: 1.7.3-SNAPSHOT, current host: 192.168.64.1
[lts] 2026-05-14 10:23:00,099 DEBUG [pool-1-thread-8] com.github.ltsopensource.core.logger.slf4j.Slf4jLogger.debug(32) | 
    INSERT 
    INTO
        `
        lts_admin_task_tracker_monitor_data`(
            `gmt_created`, `node_group`, `identity`, `timestamp`, `exe_success_num`, `exe_failed_num`, `exe_later_num`, `exe_exception_num`, `total_running_time`
        ) 
    VALUES
        (?,?,?,?,?,?,?,?,?), lts version: 1.7.3-SNAPSHOT, current host: 192.168.64.1
[lts] 2026-05-14 10:23:00,122 DEBUG [pool-1-thread-7] com.github.ltsopensource.core.logger.slf4j.Slf4jLogger.debug(32) | 
    INSERT 
    INTO
        `
        lts_admin_jvm_gc`(
            `gmt_created`, `identity`, `timestamp`, `node_type`, `node_group`, `young_gc_collection_count`, `young_gc_collection_time`, `full_gc_collection_count`, `full_gc_collection_time`, `span_young_gc_collection_count`, `span_young_gc_collection_time`, `span_full_gc_collection_count`, `span_full_gc_collection_time`
        ) 
    VALUES
        (?,?,?,?,?,?,?,?,?,?,?,?,?), lts version: 1.7.3-SNAPSHOT, current host: 192.168.64.1
[lts] 2026-05-14 10:23:00,123 DEBUG [pool-1-thread-8] com.github.ltsopensource.core.logger.slf4j.Slf4jLogger.debug(32) | 
    INSERT 
    INTO
        `
        lts_admin_jvm_gc`(
            `gmt_created`, `identity`, `timestamp`, `node_type`, `node_group`, `young_gc_collection_count`, `young_gc_collection_time`, `full_gc_collection_count`, `full_gc_collection_time`, `span_young_gc_collection_count`, `span_young_gc_collection_time`, `span_full_gc_collection_count`, `span_full_gc_collection_time`
        ) 
    VALUES
        (?,?,?,?,?,?,?,?,?,?,?,?,?), lts version: 1.7.3-SNAPSHOT, current host: 192.168.64.1
[lts] 2026-05-14 10:23:00,139 DEBUG [pool-1-thread-7] com.github.ltsopensource.core.logger.slf4j.Slf4jLogger.debug(32) | 
    INSERT 
    INTO
        `
        lts_admin_jvm_memory`(
            `gmt_created`, `identity`, `timestamp`, `node_type`, `node_group`, `heap_memory_committed`, `heap_memory_init`, `heap_memory_max`, `heap_memory_used`, `non_heap_memory_committed`, `non_heap_memory_init`, `non_heap_memory_max`, `non_heap_memory_used`, `perm_gen_committed`, `perm_gen_init`, `perm_gen_max`, `perm_gen_used`, `old_gen_committed`, `old_gen_init`, `old_gen_max`, `old_gen_used`, `eden_space_committed`, `eden_space_init`, `eden_space_max`, `eden_space_used`, `survivor_committed`, `survivor_init`, `survivor_max`, `survivor_used`
        ) 
    VALUES
        (?,?,?,?,?,?,?,?,?,?,?,?,?,?,?,?,?,?,?,?,?,?,?,?,?,?,?,?,?), lts version: 1.7.3-SNAPSHOT, current host: 192.168.64.1
[lts] 2026-05-14 10:23:00,142 DEBUG [pool-1-thread-8] com.github.ltsopensource.core.logger.slf4j.Slf4jLogger.debug(32) | 
    INSERT 
    INTO
        `
        lts_admin_jvm_memory`(
            `gmt_created`, `identity`, `timestamp`, `node_type`, `node_group`, `heap_memory_committed`, `heap_memory_init`, `heap_memory_max`, `heap_memory_used`, `non_heap_memory_committed`, `non_heap_memory_init`, `non_heap_memory_max`, `non_heap_memory_used`, `perm_gen_committed`, `perm_gen_init`, `perm_gen_max`, `perm_gen_used`, `old_gen_committed`, `old_gen_init`, `old_gen_max`, `old_gen_used`, `eden_space_committed`, `eden_space_init`, `eden_space_max`, `eden_space_used`, `survivor_committed`, `survivor_init`, `survivor_max`, `survivor_used`
        ) 
    VALUES
        (?,?,?,?,?,?,?,?,?,?,?,?,?,?,?,?,?,?,?,?,?,?,?,?,?,?,?,?,?), lts version: 1.7.3-SNAPSHOT, current host: 192.168.64.1
[lts] 2026-05-14 10:23:00,161 DEBUG [pool-1-thread-7] com.github.ltsopensource.core.logger.slf4j.Slf4jLogger.debug(32) | 
    INSERT 
    INTO
        `
        lts_admin_jvm_thread`(
            `gmt_created`, `identity`, `timestamp`, `node_type`, `node_group`, `daemon_thread_count`, `thread_count`, `total_started_thread_count`, `dead_locked_thread_count`, `process_cpu_time_rate`
        ) 
    VALUES
        (?,?,?,?,?,?,?,?,?,?), lts version: 1.7.3-SNAPSHOT, current host: 192.168.64.1
[lts] 2026-05-14 10:23:00,164 DEBUG [pool-1-thread-8] com.github.ltsopensource.core.logger.slf4j.Slf4jLogger.debug(32) | 
    INSERT 
    INTO
        `
        lts_admin_jvm_thread`(
            `gmt_created`, `identity`, `timestamp`, `node_type`, `node_group`, `daemon_thread_count`, `thread_count`, `total_started_thread_count`, `dead_locked_thread_count`, `process_cpu_time_rate`
        ) 
    VALUES
        (?,?,?,?,?,?,?,?,?,?), lts version: 1.7.3-SNAPSHOT, current host: 192.168.64.1
[lts] 2026-05-14 10:23:00,180 DEBUG [pool-1-thread-8] com.github.ltsopensource.core.logger.slf4j.Slf4jLogger.debug(32) | Add Monitor Data success, mNode={"identity":"TT_192.168.64.1_19784_10-03-55.606_1","nodeGroup":"test_trade_taskTracker","nodeType":"TASK_TRACKER"}, mData=[{"exeExceptionNum":0,"exeFailedNum":0,"exeLaterNum":0,"exeSuccessNum":0,"jvmMData":{"gcMap":{"FullGCCollectionTime":0,"SpanYoungGCCollectionCount":0,"SpanFullGCCollectionCount":0,"YoungGCCollectionCount":1,"FullGCCollectionCount":0,"SpanYoungGCCollectionTime":0,"YoungGCCollectionTime":18,"SpanFullGCCollectionTime":0},"memoryMap":{"HeapMemoryMax":3817865216,"SurvivorUsed":7829944,"OldGenCommitted":179306496,"PermGenUsed":0,"NonHeapMemoryUsed":20431784,"OldGenMax":2863661056,"SurvivorInit":11010048,"PermGenCommitted":0,"PermGenMax":0,"OldGenUsed":8192,"EdenSpaceUsed":6688136,"NonHeapMemoryCommitted":21168128,"HeapMemoryInit":268435456,"HeapMemoryCommitted":257425408,"SurvivorMax":11010048,"EdenSpaceCommitted":67108864,"OldGenInit":179306496,"EdenSpaceMax":1409286144,"SurvivorCommitted":11010048,"NonHeapMemoryMax":-1,"NonHeapMemoryInit":2555904,"HeapMemoryUsed":14526272,"EdenSpaceInit":67108864,"PermGenInit":0},"threadMap":{"ThreadCount":25,"TotalStartedThreadCount":28,"DeadLockedThreadCount":0,"ProcessCpuTimeRate":12.10,"DaemonThreadCount":22}},"timestamp":1778724180000,"totalRunningTime":0},{"exeExceptionNum":0,"exeFailedNum":0,"exeLaterNum":0,"exeSuccessNum":0,"jvmMData":{"gcMap":{"FullGCCollectionTime":0,"SpanYoungGCCollectionCount":0,"SpanFullGCCollectionCount":0,"YoungGCCollectionCount":1,"FullGCCollectionCount":0,"SpanYoungGCCollectionTime":0,"YoungGCCollectionTime":18,"SpanFullGCCollectionTime":0},"memoryMap":{"HeapMemoryMax":3817865216,"SurvivorUsed":7829944,"OldGenCommitted":179306496,"PermGenUsed":0,"NonHeapMemoryUsed":21548768,"OldGenMax":2863661056,"SurvivorInit":11010048,"PermGenCommitted":0,"PermGenMax":0,"OldGenUsed":8192,"EdenSpaceUsed":14087256,"NonHeapMemoryCommitted":22413312,"HeapMemoryInit":268435456,"HeapMemoryCommitted":257425408,"SurvivorMax":11010048,"EdenSpaceCommitted":67108864,"OldGenInit":179306496,"EdenSpaceMax":1409286144,"SurvivorCommitted":11010048,"NonHeapMemoryMax":-1,"NonHeapMemoryInit":2555904,"HeapMemoryUsed":21925392,"EdenSpaceInit":67108864,"PermGenInit":0},"threadMap":{"ThreadCount":24,"TotalStartedThreadCount":28,"DeadLockedThreadCount":0,"ProcessCpuTimeRate":3.338,"DaemonThreadCount":21}},"timestamp":1778724240000,"totalRunningTime":0},{"exeExceptionNum":0,"exeFailedNum":0,"exeLaterNum":0,"exeSuccessNum":0,"jvmMData":{"gcMap":{"FullGCCollectionTime":0,"SpanYoungGCCollectionCount":0,"SpanFullGCCollectionCount":0,"YoungGCCollectionCount":1,"FullGCCollectionCount":0,"SpanYoungGCCollectionTime":0,"YoungGCCollectionTime":18,"SpanFullGCCollectionTime":0},"memoryMap":{"HeapMemoryMax":3817865216,"SurvivorUsed":7829944,"OldGenCommitted":179306496,"PermGenUsed":0,"NonHeapMemoryUsed":21989680,"OldGenMax":2863661056,"SurvivorInit":11010048,"PermGenCommitted":0,"PermGenMax":0,"OldGenUsed":8192,"EdenSpaceUsed":16791488,"NonHeapMemoryCommitted":22806528,"HeapMemoryInit":268435456,"HeapMemoryCommitted":257425408,"SurvivorMax":11010048,"EdenSpaceCommitted":67108864,"OldGenInit":179306496,"EdenSpaceMax":1409286144,"SurvivorCommitted":11010048,"NonHeapMemoryMax":-1,"NonHeapMemoryInit":2555904,"HeapMemoryUsed":24629624,"EdenSpaceInit":67108864,"PermGenInit":0},"threadMap":{"ThreadCount":24,"TotalStartedThreadCount":28,"DeadLockedThreadCount":0,"ProcessCpuTimeRate":2.289,"DaemonThreadCount":21}},"timestamp":1778724300000,"totalRunningTime":0},{"exeExceptionNum":0,"exeFailedNum":0,"exeLaterNum":0,"exeSuccessNum":0,"jvmMData":{"gcMap":{"FullGCCollectionTime":0,"SpanYoungGCCollectionCount":0,"SpanFullGCCollectionCount":0,"YoungGCCollectionCount":1,"FullGCCollectionCount":0,"SpanYoungGCCollectionTime":0,"YoungGCCollectionTime":18,"SpanFullGCCollectionTime":0},"memoryMap":{"HeapMemoryMax":3817865216,"SurvivorUsed":7829944,"OldGenCommitted":179306496,"PermGenUsed":0,"NonHeapMemoryUsed":21988632,"OldGenMax":2863661056,"SurvivorInit":11010048,"PermGenCommitted":0,"PermGenMax":0,"OldGenUsed":8192,"EdenSpaceUsed":18808208,"NonHeapMemoryCommitted":23003136,"HeapMemoryInit":268435456,"HeapMemoryCommitted":257425408,"SurvivorMax":11010048,"EdenSpaceCommitted":67108864,"OldGenInit":179306496,"EdenSpaceMax":1409286144,"SurvivorCommitted":11010048,"NonHeapMemoryMax":-1,"NonHeapMemoryInit":2555904,"HeapMemoryUsed":26646344,"EdenSpaceInit":67108864,"PermGenInit":0},"threadMap":{"ThreadCount":24,"TotalStartedThreadCount":28,"DeadLockedThreadCount":0,"ProcessCpuTimeRate":2.171,"DaemonThreadCount":21}},"timestamp":1778724360000,"totalRunningTime":0},{"exeExceptionNum":0,"exeFailedNum":0,"exeLaterNum":0,"exeSuccessNum":0,"jvmMData":{"gcMap":{"FullGCCollectionTime":0,"SpanYoungGCCollectionCount":0,"SpanFullGCCollectionCount":0,"YoungGCCollectionCount":1,"FullGCCollectionCount":0,"SpanYoungGCCollectionTime":0,"YoungGCCollectionTime":18,"SpanFullGCCollectionTime":0},"memoryMap":{"HeapMemoryMax":3817865216,"SurvivorUsed":7829944,"OldGenCommitted":179306496,"PermGenUsed":0,"NonHeapMemoryUsed":22197712,"OldGenMax":2863661056,"SurvivorInit":11010048,"PermGenCommitted":0,"PermGenMax":0,"OldGenUsed":8192,"EdenSpaceUsed":23538952,"NonHeapMemoryCommitted":23003136,"HeapMemoryInit":268435456,"HeapMemoryCommitted":257425408,"SurvivorMax":11010048,"EdenSpaceCommitted":67108864,"OldGenInit":179306496,"EdenSpaceMax":1409286144,"SurvivorCommitted":11010048,"NonHeapMemoryMax":-1,"NonHeapMemoryInit":2555904,"HeapMemoryUsed":31377088,"EdenSpaceInit":67108864,"PermGenInit":0},"threadMap":{"ThreadCount":24,"TotalStartedThreadCount":28,"DeadLockedThreadCount":0,"ProcessCpuTimeRate":2.075,"DaemonThreadCount":21}},"timestamp":1778724420000,"totalRunningTime":0},{"exeExceptionNum":0,"exeFailedNum":0,"exeLaterNum":0,"exeSuccessNum":0,"jvmMData":{"gcMap":{"FullGCCollectionTime":0,"SpanYoungGCCollectionCount":0,"SpanFullGCCollectionCount":0,"YoungGCCollectionCount":1,"FullGCCollectionCount":0,"SpanYoungGCCollectionTime":0,"YoungGCCollectionTime":18,"SpanFullGCCollectionTime":0},"memoryMap":{"HeapMemoryMax":3817865216,"SurvivorUsed":7829944,"OldGenCommitted":179306496,"PermGenUsed":0,"NonHeapMemoryUsed":22475176,"OldGenMax":2863661056,"SurvivorInit":11010048,"PermGenCommitted":0,"PermGenMax":0,"OldGenUsed":8192,"EdenSpaceUsed":25552312,"NonHeapMemoryCommitted":23396352,"HeapMemoryInit":268435456,"HeapMemoryCommitted":257425408,"SurvivorMax":11010048,"EdenSpaceCommitted":67108864,"OldGenInit":179306496,"EdenSpaceMax":1409286144,"SurvivorCommitted":11010048,"NonHeapMemoryMax":-1,"NonHeapMemoryInit":2555904,"HeapMemoryUsed":33390448,"EdenSpaceInit":67108864,"PermGenInit":0},"threadMap":{"ThreadCount":24,"TotalStartedThreadCount":28,"DeadLockedThreadCount":0,"ProcessCpuTimeRate":2.404,"DaemonThreadCount":21}},"timestamp":1778724480000,"totalRunningTime":0},{"exeExceptionNum":0,"exeFailedNum":0,"exeLaterNum":0,"exeSuccessNum":0,"jvmMData":{"gcMap":{"FullGCCollectionTime":0,"SpanYoungGCCollectionCount":0,"SpanFullGCCollectionCount":0,"YoungGCCollectionCount":1,"FullGCCollectionCount":0,"SpanYoungGCCollectionTime":0,"YoungGCCollectionTime":18,"SpanFullGCCollectionTime":0},"memoryMap":{"HeapMemoryMax":3817865216,"SurvivorUsed":7829944,"OldGenCommitted":179306496,"PermGenUsed":0,"NonHeapMemoryUsed":22553792,"OldGenMax":2863661056,"SurvivorInit":11010048,"PermGenCommitted":0,"PermGenMax":0,"OldGenUsed":8192,"EdenSpaceUsed":28276760,"NonHeapMemoryCommitted":23461888,"HeapMemoryInit":268435456,"HeapMemoryCommitted":257425408,"SurvivorMax":11010048,"EdenSpaceCommitted":67108864,"OldGenInit":179306496,"EdenSpaceMax":1409286144,"SurvivorCommitted":11010048,"NonHeapMemoryMax":-1,"NonHeapMemoryInit":2555904,"HeapMemoryUsed":36114896,"EdenSpaceInit":67108864,"PermGenInit":0},"threadMap":{"ThreadCount":24,"TotalStartedThreadCount":28,"DeadLockedThreadCount":0,"ProcessCpuTimeRate":2.029,"DaemonThreadCount":21}},"timestamp":1778724540000,"totalRunningTime":0},{"exeExceptionNum":0,"exeFailedNum":0,"exeLaterNum":0,"exeSuccessNum":0,"jvmMData":{"gcMap":{"FullGCCollectionTime":0,"SpanYoungGCCollectionCount":0,"SpanFullGCCollectionCount":0,"YoungGCCollectionCount":1,"FullGCCollectionCount":0,"SpanYoungGCCollectionTime":0,"YoungGCCollectionTime":18,"SpanFullGCCollectionTime":0},"memoryMap":{"HeapMemoryMax":3817865216,"SurvivorUsed":7829944,"OldGenCommitted":179306496,"PermGenUsed":0,"NonHeapMemoryUsed":22749224,"OldGenMax":2863661056,"SurvivorInit":11010048,"PermGenCommitted":0,"PermGenMax":0,"OldGenUsed":8192,"EdenSpaceUsed":30993144,"NonHeapMemoryCommitted":23592960,"HeapMemoryInit":268435456,"HeapMemoryCommitted":257425408,"SurvivorMax":11010048,"EdenSpaceCommitted":67108864,"OldGenInit":179306496,"EdenSpaceMax":1409286144,"SurvivorCommitted":11010048,"NonHeapMemoryMax":-1,"NonHeapMemoryInit":2555904,"HeapMemoryUsed":38831280,"EdenSpaceInit":67108864,"PermGenInit":0},"threadMap":{"ThreadCount":24,"TotalStartedThreadCount":28,"DeadLockedThreadCount":0,"ProcessCpuTimeRate":1.943,"DaemonThreadCount":21}},"timestamp":1778724600000,"totalRunningTime":0},{"exeExceptionNum":0,"exeFailedNum":0,"exeLaterNum":0,"exeSuccessNum":0,"jvmMData":{"gcMap":{"FullGCCollectionTime":0,"SpanYoungGCCollectionCount":0,"SpanFullGCCollectionCount":0,"YoungGCCollectionCount":1,"FullGCCollectionCount":0,"SpanYoungGCCollectionTime":0,"YoungGCCollectionTime":18,"SpanFullGCCollectionTime":0},"memoryMap":{"HeapMemoryMax":3817865216,"SurvivorUsed":7829944,"OldGenCommitted":179306496,"PermGenUsed":0,"NonHeapMemoryUsed":22875216,"OldGenMax":2863661056,"SurvivorInit":11010048,"PermGenCommitted":0,"PermGenMax":0,"OldGenUsed":8192,"EdenSpaceUsed":34362312,"NonHeapMemoryCommitted":23724032,"HeapMemoryInit":268435456,"HeapMemoryCommitted":257425408,"SurvivorMax":11010048,"EdenSpaceCommitted":67108864,"OldGenInit":179306496,"EdenSpaceMax":1409286144,"SurvivorCommitted":11010048,"NonHeapMemoryMax":-1,"NonHeapMemoryInit":2555904,"HeapMemoryUsed":42200448,"EdenSpaceInit":67108864,"PermGenInit":0},"threadMap":{"ThreadCount":24,"TotalStartedThreadCount":28,"DeadLockedThreadCount":0,"ProcessCpuTimeRate":1.731,"DaemonThreadCount":21}},"timestamp":1778724660000,"totalRunningTime":0},{"exeExceptionNum":0,"exeFailedNum":0,"exeLaterNum":0,"exeSuccessNum":0,"jvmMData":{"gcMap":{"FullGCCollectionTime":0,"SpanYoungGCCollectionCount":0,"SpanFullGCCollectionCount":0,"YoungGCCollectionCount":1,"FullGCCollectionCount":0,"SpanYoungGCCollectionTime":0,"YoungGCCollectionTime":18,"SpanFullGCCollectionTime":0},"memoryMap":{"HeapMemoryMax":3817865216,"SurvivorUsed":7829944,"OldGenCommitted":179306496,"PermGenUsed":0,"NonHeapMemoryUsed":23121600,"OldGenMax":2863661056,"SurvivorInit":11010048,"PermGenCommitted":0,"PermGenMax":0,"OldGenUsed":8192,"EdenSpaceUsed":36375672,"NonHeapMemoryCommitted":24051712,"HeapMemoryInit":268435456,"HeapMemoryCommitted":257425408,"SurvivorMax":11010048,"EdenSpaceCommitted":67108864,"OldGenInit":179306496,"EdenSpaceMax":1409286144,"SurvivorCommitted":11010048,"NonHeapMemoryMax":-1,"NonHeapMemoryInit":2555904,"HeapMemoryUsed":44213808,"EdenSpaceInit":67108864,"PermGenInit":0},"threadMap":{"ThreadCount":24,"TotalStartedThreadCount":28,"DeadLockedThreadCount":0,"ProcessCpuTimeRate":2.058,"DaemonThreadCount":21}},"timestamp":1778724720000,"totalRunningTime":0}], lts version: 1.7.3-SNAPSHOT, current host: 192.168.64.1
[lts] 2026-05-14 10:23:00,180 DEBUG [pool-1-thread-7] com.github.ltsopensource.core.logger.slf4j.Slf4jLogger.debug(32) | Add Monitor Data success, mNode={"identity":"JT_192.168.64.1_19709_10-02-49.861_1","nodeGroup":"lts","nodeType":"JOB_TRACKER"}, mData=[{"exeExceptionNum":0,"exeFailedNum":0,"exeLaterNum":0,"exeSuccessNum":0,"fixExecutingJobNum":0,"jvmMData":{"gcMap":{"FullGCCollectionTime":14,"SpanYoungGCCollectionCount":0,"SpanFullGCCollectionCount":0,"YoungGCCollectionCount":2,"FullGCCollectionCount":1,"SpanYoungGCCollectionTime":0,"YoungGCCollectionTime":39,"SpanFullGCCollectionTime":0},"memoryMap":{"HeapMemoryMax":3817865216,"SurvivorUsed":0,"OldGenCommitted":86507520,"PermGenUsed":0,"NonHeapMemoryUsed":30571448,"OldGenMax":2863661056,"SurvivorInit":11010048,"PermGenCommitted":0,"PermGenMax":0,"OldGenUsed":7197256,"EdenSpaceUsed":27307064,"NonHeapMemoryCommitted":31637504,"HeapMemoryInit":268435456,"HeapMemoryCommitted":231735296,"SurvivorMax":11010048,"EdenSpaceCommitted":134217728,"OldGenInit":179306496,"EdenSpaceMax":1409286144,"SurvivorCommitted":11010048,"NonHeapMemoryMax":-1,"NonHeapMemoryInit":2555904,"HeapMemoryUsed":34504320,"EdenSpaceInit":67108864,"PermGenInit":0},"threadMap":{"ThreadCount":30,"TotalStartedThreadCount":34,"DeadLockedThreadCount":0,"ProcessCpuTimeRate":5.441,"DaemonThreadCount":27}},"pushJobNum":0,"receiveJobNum":0,"timestamp":1778724120000},{"exeExceptionNum":0,"exeFailedNum":0,"exeLaterNum":0,"exeSuccessNum":0,"fixExecutingJobNum":0,"jvmMData":{"gcMap":{"FullGCCollectionTime":14,"SpanYoungGCCollectionCount":0,"SpanFullGCCollectionCount":0,"YoungGCCollectionCount":2,"FullGCCollectionCount":1,"SpanYoungGCCollectionTime":0,"YoungGCCollectionTime":39,"SpanFullGCCollectionTime":0},"memoryMap":{"HeapMemoryMax":3817865216,"SurvivorUsed":0,"OldGenCommitted":86507520,"PermGenUsed":0,"NonHeapMemoryUsed":31927272,"OldGenMax":2863661056,"SurvivorInit":11010048,"PermGenCommitted":0,"PermGenMax":0,"OldGenUsed":7197256,"EdenSpaceUsed":41404560,"NonHeapMemoryCommitted":32899072,"HeapMemoryInit":268435456,"HeapMemoryCommitted":231735296,"SurvivorMax":11010048,"EdenSpaceCommitted":134217728,"OldGenInit":179306496,"EdenSpaceMax":1409286144,"SurvivorCommitted":11010048,"NonHeapMemoryMax":-1,"NonHeapMemoryInit":2555904,"HeapMemoryUsed":48601816,"EdenSpaceInit":67108864,"PermGenInit":0},"threadMap":{"ThreadCount":41,"TotalStartedThreadCount":49,"DeadLockedThreadCount":0,"ProcessCpuTimeRate":3.235,"DaemonThreadCount":37}},"pushJobNum":0,"receiveJobNum":0,"timestamp":1778724180000},{"exeExceptionNum":0,"exeFailedNum":0,"exeLaterNum":0,"exeSuccessNum":0,"fixExecutingJobNum":0,"jvmMData":{"gcMap":{"FullGCCollectionTime":14,"SpanYoungGCCollectionCount":1,"SpanFullGCCollectionCount":0,"YoungGCCollectionCount":3,"FullGCCollectionCount":1,"SpanYoungGCCollectionTime":14,"YoungGCCollectionTime":53,"SpanFullGCCollectionTime":0},"memoryMap":{"HeapMemoryMax":3817865216,"SurvivorUsed":2341800,"OldGenCommitted":86507520,"PermGenUsed":0,"NonHeapMemoryUsed":33150888,"OldGenMax":2863661056,"SurvivorInit":11010048,"PermGenCommitted":0,"PermGenMax":0,"OldGenUsed":7205448,"EdenSpaceUsed":20897976,"NonHeapMemoryCommitted":34275328,"HeapMemoryInit":268435456,"HeapMemoryCommitted":231735296,"SurvivorMax":11010048,"EdenSpaceCommitted":134217728,"OldGenInit":179306496,"EdenSpaceMax":1409286144,"SurvivorCommitted":11010048,"NonHeapMemoryMax":-1,"NonHeapMemoryInit":2555904,"HeapMemoryUsed":30445224,"EdenSpaceInit":67108864,"PermGenInit":0},"threadMap":{"ThreadCount":196,"TotalStartedThreadCount":262,"DeadLockedThreadCount":0,"ProcessCpuTimeRate":6.438,"DaemonThreadCount":192}},"pushJobNum":0,"receiveJobNum":0,"timestamp":1778724240000},{"exeExceptionNum":0,"exeFailedNum":0,"exeLaterNum":0,"exeSuccessNum":0,"fixExecutingJobNum":0,"jvmMData":{"gcMap":{"FullGCCollectionTime":14,"SpanYoungGCCollectionCount":0,"SpanFullGCCollectionCount":0,"YoungGCCollectionCount":3,"FullGCCollectionCount":1,"SpanYoungGCCollectionTime":0,"YoungGCCollectionTime":53,"SpanFullGCCollectionTime":0},"memoryMap":{"HeapMemoryMax":3817865216,"SurvivorUsed":2341800,"OldGenCommitted":86507520,"PermGenUsed":0,"NonHeapMemoryUsed":34708688,"OldGenMax":2863661056,"SurvivorInit":11010048,"PermGenCommitted":0,"PermGenMax":0,"OldGenUsed":7205448,"EdenSpaceUsed":60142632,"NonHeapMemoryCommitted":35782656,"HeapMemoryInit":268435456,"HeapMemoryCommitted":231735296,"SurvivorMax":11010048,"EdenSpaceCommitted":134217728,"OldGenInit":179306496,"EdenSpaceMax":1409286144,"SurvivorCommitted":11010048,"NonHeapMemoryMax":-1,"NonHeapMemoryInit":2555904,"HeapMemoryUsed":69689880,"EdenSpaceInit":67108864,"PermGenInit":0},"threadMap":{"ThreadCount":215,"TotalStartedThreadCount":340,"DeadLockedThreadCount":0,"ProcessCpuTimeRate":4.987,"DaemonThreadCount":211}},"pushJobNum":0,"receiveJobNum":0,"timestamp":1778724300000},{"exeExceptionNum":0,"exeFailedNum":0,"exeLaterNum":0,"exeSuccessNum":0,"fixExecutingJobNum":0,"jvmMData":{"gcMap":{"FullGCCollectionTime":14,"SpanYoungGCCollectionCount":0,"SpanFullGCCollectionCount":0,"YoungGCCollectionCount":3,"FullGCCollectionCount":1,"SpanYoungGCCollectionTime":0,"YoungGCCollectionTime":53,"SpanFullGCCollectionTime":0},"memoryMap":{"HeapMemoryMax":3817865216,"SurvivorUsed":2341800,"OldGenCommitted":86507520,"PermGenUsed":0,"NonHeapMemoryUsed":35370336,"OldGenMax":2863661056,"SurvivorInit":11010048,"PermGenCommitted":0,"PermGenMax":0,"OldGenUsed":7205448,"EdenSpaceUsed":69433392,"NonHeapMemoryCommitted":36372480,"HeapMemoryInit":268435456,"HeapMemoryCommitted":231735296,"SurvivorMax":11010048,"EdenSpaceCommitted":134217728,"OldGenInit":179306496,"EdenSpaceMax":1409286144,"SurvivorCommitted":11010048,"NonHeapMemoryMax":-1,"NonHeapMemoryInit":2555904,"HeapMemoryUsed":78980640,"EdenSpaceInit":67108864,"PermGenInit":0},"threadMap":{"ThreadCount":215,"TotalStartedThreadCount":400,"DeadLockedThreadCount":0,"ProcessCpuTimeRate":4.004,"DaemonThreadCount":211}},"pushJobNum":0,"receiveJobNum":0,"timestamp":1778724360000},{"exeExceptionNum":0,"exeFailedNum":0,"exeLaterNum":0,"exeSuccessNum":0,"fixExecutingJobNum":0,"jvmMData":{"gcMap":{"FullGCCollectionTime":14,"SpanYoungGCCollectionCount":0,"SpanFullGCCollectionCount":0,"YoungGCCollectionCount":3,"FullGCCollectionCount":1,"SpanYoungGCCollectionTime":0,"YoungGCCollectionTime":53,"SpanFullGCCollectionTime":0},"memoryMap":{"HeapMemoryMax":3817865216,"SurvivorUsed":2341800,"OldGenCommitted":86507520,"PermGenUsed":0,"NonHeapMemoryUsed":36527472,"OldGenMax":2863661056,"SurvivorInit":11010048,"PermGenCommitted":0,"PermGenMax":0,"OldGenUsed":7205448,"EdenSpaceUsed":75563112,"NonHeapMemoryCommitted":37552128,"HeapMemoryInit":268435456,"HeapMemoryCommitted":231735296,"SurvivorMax":11010048,"EdenSpaceCommitted":134217728,"OldGenInit":179306496,"EdenSpaceMax":1409286144,"SurvivorCommitted":11010048,"NonHeapMemoryMax":-1,"NonHeapMemoryInit":2555904,"HeapMemoryUsed":85110360,"EdenSpaceInit":67108864,"PermGenInit":0},"threadMap":{"ThreadCount":215,"TotalStartedThreadCount":460,"DeadLockedThreadCount":0,"ProcessCpuTimeRate":5.054,"DaemonThreadCount":211}},"pushJobNum":0,"receiveJobNum":0,"timestamp":1778724420000},{"exeExceptionNum":0,"exeFailedNum":0,"exeLaterNum":0,"exeSuccessNum":0,"fixExecutingJobNum":0,"jvmMData":{"gcMap":{"FullGCCollectionTime":14,"SpanYoungGCCollectionCount":0,"SpanFullGCCollectionCount":0,"YoungGCCollectionCount":3,"FullGCCollectionCount":1,"SpanYoungGCCollectionTime":0,"YoungGCCollectionTime":53,"SpanFullGCCollectionTime":0},"memoryMap":{"HeapMemoryMax":3817865216,"SurvivorUsed":2341800,"OldGenCommitted":86507520,"PermGenUsed":0,"NonHeapMemoryUsed":37098240,"OldGenMax":2863661056,"SurvivorInit":11010048,"PermGenCommitted":0,"PermGenMax":0,"OldGenUsed":7205448,"EdenSpaceUsed":81165552,"NonHeapMemoryCommitted":38010880,"HeapMemoryInit":268435456,"HeapMemoryCommitted":231735296,"SurvivorMax":11010048,"EdenSpaceCommitted":134217728,"OldGenInit":179306496,"EdenSpaceMax":1409286144,"SurvivorCommitted":11010048,"NonHeapMemoryMax":-1,"NonHeapMemoryInit":2555904,"HeapMemoryUsed":90712800,"EdenSpaceInit":67108864,"PermGenInit":0},"threadMap":{"ThreadCount":215,"TotalStartedThreadCount":518,"DeadLockedThreadCount":0,"ProcessCpuTimeRate":4.220,"DaemonThreadCount":211}},"pushJobNum":0,"receiveJobNum":0,"timestamp":1778724480000},{"exeExceptionNum":0,"exeFailedNum":0,"exeLaterNum":0,"exeSuccessNum":0,"fixExecutingJobNum":0,"jvmMData":{"gcMap":{"FullGCCollectionTime":14,"SpanYoungGCCollectionCount":0,"SpanFullGCCollectionCount":0,"YoungGCCollectionCount":3,"FullGCCollectionCount":1,"SpanYoungGCCollectionTime":0,"YoungGCCollectionTime":53,"SpanFullGCCollectionTime":0},"memoryMap":{"HeapMemoryMax":3817865216,"SurvivorUsed":2341800,"OldGenCommitted":86507520,"PermGenUsed":0,"NonHeapMemoryUsed":37775888,"OldGenMax":2863661056,"SurvivorInit":11010048,"PermGenCommitted":0,"PermGenMax":0,"OldGenUsed":7205448,"EdenSpaceUsed":87675712,"NonHeapMemoryCommitted":38797312,"HeapMemoryInit":268435456,"HeapMemoryCommitted":231735296,"SurvivorMax":11010048,"EdenSpaceCommitted":134217728,"OldGenInit":179306496,"EdenSpaceMax":1409286144,"SurvivorCommitted":11010048,"NonHeapMemoryMax":-1,"NonHeapMemoryInit":2555904,"HeapMemoryUsed":97222960,"EdenSpaceInit":67108864,"PermGenInit":0},"threadMap":{"ThreadCount":215,"TotalStartedThreadCount":578,"DeadLockedThreadCount":0,"ProcessCpuTimeRate":3.795,"DaemonThreadCount":211}},"pushJobNum":0,"receiveJobNum":0,"timestamp":1778724540000},{"exeExceptionNum":0,"exeFailedNum":0,"exeLaterNum":0,"exeSuccessNum":0,"fixExecutingJobNum":0,"jvmMData":{"gcMap":{"FullGCCollectionTime":14,"SpanYoungGCCollectionCount":0,"SpanFullGCCollectionCount":0,"YoungGCCollectionCount":3,"FullGCCollectionCount":1,"SpanYoungGCCollectionTime":0,"YoungGCCollectionTime":53,"SpanFullGCCollectionTime":0},"memoryMap":{"HeapMemoryMax":3817865216,"SurvivorUsed":2341800,"OldGenCommitted":86507520,"PermGenUsed":0,"NonHeapMemoryUsed":38210672,"OldGenMax":2863661056,"SurvivorInit":11010048,"PermGenCommitted":0,"PermGenMax":0,"OldGenUsed":7205448,"EdenSpaceUsed":94224568,"NonHeapMemoryCommitted":39190528,"HeapMemoryInit":268435456,"HeapMemoryCommitted":231735296,"SurvivorMax":11010048,"EdenSpaceCommitted":134217728,"OldGenInit":179306496,"EdenSpaceMax":1409286144,"SurvivorCommitted":11010048,"NonHeapMemoryMax":-1,"NonHeapMemoryInit":2555904,"HeapMemoryUsed":103771816,"EdenSpaceInit":67108864,"PermGenInit":0},"threadMap":{"ThreadCount":215,"TotalStartedThreadCount":638,"DeadLockedThreadCount":0,"ProcessCpuTimeRate":3.745,"DaemonThreadCount":211}},"pushJobNum":0,"receiveJobNum":0,"timestamp":1778724600000},{"exeExceptionNum":0,"exeFailedNum":0,"exeLaterNum":0,"exeSuccessNum":0,"fixExecutingJobNum":0,"jvmMData":{"gcMap":{"FullGCCollectionTime":14,"SpanYoungGCCollectionCount":0,"SpanFullGCCollectionCount":0,"YoungGCCollectionCount":3,"FullGCCollectionCount":1,"SpanYoungGCCollectionTime":0,"YoungGCCollectionTime":53,"SpanFullGCCollectionTime":0},"memoryMap":{"HeapMemoryMax":3817865216,"SurvivorUsed":2341800,"OldGenCommitted":86507520,"PermGenUsed":0,"NonHeapMemoryUsed":38465144,"OldGenMax":2863661056,"SurvivorInit":11010048,"PermGenCommitted":0,"PermGenMax":0,"OldGenUsed":7205448,"EdenSpaceUsed":101464760,"NonHeapMemoryCommitted":39649280,"HeapMemoryInit":268435456,"HeapMemoryCommitted":231735296,"SurvivorMax":11010048,"EdenSpaceCommitted":134217728,"OldGenInit":179306496,"EdenSpaceMax":1409286144,"SurvivorCommitted":11010048,"NonHeapMemoryMax":-1,"NonHeapMemoryInit":2555904,"HeapMemoryUsed":111012008,"EdenSpaceInit":67108864,"PermGenInit":0},"threadMap":{"ThreadCount":215,"TotalStartedThreadCount":696,"DeadLockedThreadCount":0,"ProcessCpuTimeRate":3.330,"DaemonThreadCount":211}},"pushJobNum":0,"receiveJobNum":0,"timestamp":1778724660000}], lts version: 1.7.3-SNAPSHOT, current host: 192.168.64.1
[lts] 2026-05-14 10:23:44,460 DEBUG [AliveKeepingService] com.github.ltsopensource.core.logger.slf4j.Slf4jLogger.debug(32) | I'm alive, lts version: 1.7.3-SNAPSHOT, current host: 192.168.64.1
[lts] 2026-05-14 10:24:00,305 DEBUG [pool-1-thread-2] com.github.ltsopensource.core.logger.slf4j.Slf4jLogger.debug(32) | 
    INSERT 
    INTO
        `
        lts_admin_job_tracker_monitor_data`(
            `gmt_created`, `identity`, `timestamp`, `receive_job_num`, `push_job_num`, `exe_success_num`, `exe_failed_num`, `exe_later_num`, `exe_exception_num`, `fix_executing_job_num`
        ) 
    VALUES
        (?,?,?,?,?,?,?,?,?,?), lts version: 1.7.3-SNAPSHOT, current host: 192.168.64.1
[lts] 2026-05-14 10:24:00,334 DEBUG [pool-1-thread-1] com.github.ltsopensource.core.logger.slf4j.Slf4jLogger.debug(32) | 
    INSERT 
    INTO
        `
        lts_admin_task_tracker_monitor_data`(
            `gmt_created`, `node_group`, `identity`, `timestamp`, `exe_success_num`, `exe_failed_num`, `exe_later_num`, `exe_exception_num`, `total_running_time`
        ) 
    VALUES
        (?,?,?,?,?,?,?,?,?), lts version: 1.7.3-SNAPSHOT, current host: 192.168.64.1
[lts] 2026-05-14 10:24:00,346 DEBUG [pool-1-thread-2] com.github.ltsopensource.core.logger.slf4j.Slf4jLogger.debug(32) | 
    INSERT 
    INTO
        `
        lts_admin_jvm_gc`(
            `gmt_created`, `identity`, `timestamp`, `node_type`, `node_group`, `young_gc_collection_count`, `young_gc_collection_time`, `full_gc_collection_count`, `full_gc_collection_time`, `span_young_gc_collection_count`, `span_young_gc_collection_time`, `span_full_gc_collection_count`, `span_full_gc_collection_time`
        ) 
    VALUES
        (?,?,?,?,?,?,?,?,?,?,?,?,?), lts version: 1.7.3-SNAPSHOT, current host: 192.168.64.1
[lts] 2026-05-14 10:24:00,364 DEBUG [pool-1-thread-1] com.github.ltsopensource.core.logger.slf4j.Slf4jLogger.debug(32) | 
    INSERT 
    INTO
        `
        lts_admin_jvm_gc`(
            `gmt_created`, `identity`, `timestamp`, `node_type`, `node_group`, `young_gc_collection_count`, `young_gc_collection_time`, `full_gc_collection_count`, `full_gc_collection_time`, `span_young_gc_collection_count`, `span_young_gc_collection_time`, `span_full_gc_collection_count`, `span_full_gc_collection_time`
        ) 
    VALUES
        (?,?,?,?,?,?,?,?,?,?,?,?,?), lts version: 1.7.3-SNAPSHOT, current host: 192.168.64.1
[lts] 2026-05-14 10:24:00,369 DEBUG [pool-1-thread-2] com.github.ltsopensource.core.logger.slf4j.Slf4jLogger.debug(32) | 
    INSERT 
    INTO
        `
        lts_admin_jvm_memory`(
            `gmt_created`, `identity`, `timestamp`, `node_type`, `node_group`, `heap_memory_committed`, `heap_memory_init`, `heap_memory_max`, `heap_memory_used`, `non_heap_memory_committed`, `non_heap_memory_init`, `non_heap_memory_max`, `non_heap_memory_used`, `perm_gen_committed`, `perm_gen_init`, `perm_gen_max`, `perm_gen_used`, `old_gen_committed`, `old_gen_init`, `old_gen_max`, `old_gen_used`, `eden_space_committed`, `eden_space_init`, `eden_space_max`, `eden_space_used`, `survivor_committed`, `survivor_init`, `survivor_max`, `survivor_used`
        ) 
    VALUES
        (?,?,?,?,?,?,?,?,?,?,?,?,?,?,?,?,?,?,?,?,?,?,?,?,?,?,?,?,?), lts version: 1.7.3-SNAPSHOT, current host: 192.168.64.1
[lts] 2026-05-14 10:24:00,385 DEBUG [pool-1-thread-1] com.github.ltsopensource.core.logger.slf4j.Slf4jLogger.debug(32) | 
    INSERT 
    INTO
        `
        lts_admin_jvm_memory`(
            `gmt_created`, `identity`, `timestamp`, `node_type`, `node_group`, `heap_memory_committed`, `heap_memory_init`, `heap_memory_max`, `heap_memory_used`, `non_heap_memory_committed`, `non_heap_memory_init`, `non_heap_memory_max`, `non_heap_memory_used`, `perm_gen_committed`, `perm_gen_init`, `perm_gen_max`, `perm_gen_used`, `old_gen_committed`, `old_gen_init`, `old_gen_max`, `old_gen_used`, `eden_space_committed`, `eden_space_init`, `eden_space_max`, `eden_space_used`, `survivor_committed`, `survivor_init`, `survivor_max`, `survivor_used`
        ) 
    VALUES
        (?,?,?,?,?,?,?,?,?,?,?,?,?,?,?,?,?,?,?,?,?,?,?,?,?,?,?,?,?), lts version: 1.7.3-SNAPSHOT, current host: 192.168.64.1
[lts] 2026-05-14 10:24:00,394 DEBUG [pool-1-thread-2] com.github.ltsopensource.core.logger.slf4j.Slf4jLogger.debug(32) | 
    INSERT 
    INTO
        `
        lts_admin_jvm_thread`(
            `gmt_created`, `identity`, `timestamp`, `node_type`, `node_group`, `daemon_thread_count`, `thread_count`, `total_started_thread_count`, `dead_locked_thread_count`, `process_cpu_time_rate`
        ) 
    VALUES
        (?,?,?,?,?,?,?,?,?,?), lts version: 1.7.3-SNAPSHOT, current host: 192.168.64.1
[lts] 2026-05-14 10:24:00,405 DEBUG [pool-1-thread-1] com.github.ltsopensource.core.logger.slf4j.Slf4jLogger.debug(32) | 
    INSERT 
    INTO
        `
        lts_admin_jvm_thread`(
            `gmt_created`, `identity`, `timestamp`, `node_type`, `node_group`, `daemon_thread_count`, `thread_count`, `total_started_thread_count`, `dead_locked_thread_count`, `process_cpu_time_rate`
        ) 
    VALUES
        (?,?,?,?,?,?,?,?,?,?), lts version: 1.7.3-SNAPSHOT, current host: 192.168.64.1
[lts] 2026-05-14 10:24:00,409 DEBUG [pool-1-thread-2] com.github.ltsopensource.core.logger.slf4j.Slf4jLogger.debug(32) | Add Monitor Data success, mNode={"identity":"JT_192.168.64.1_19709_10-02-49.861_1","nodeGroup":"lts","nodeType":"JOB_TRACKER"}, mData=[{"exeExceptionNum":0,"exeFailedNum":0,"exeLaterNum":0,"exeSuccessNum":0,"fixExecutingJobNum":0,"jvmMData":{"gcMap":{"FullGCCollectionTime":14,"SpanYoungGCCollectionCount":0,"SpanFullGCCollectionCount":0,"YoungGCCollectionCount":2,"FullGCCollectionCount":1,"SpanYoungGCCollectionTime":0,"YoungGCCollectionTime":39,"SpanFullGCCollectionTime":0},"memoryMap":{"HeapMemoryMax":3817865216,"SurvivorUsed":0,"OldGenCommitted":86507520,"PermGenUsed":0,"NonHeapMemoryUsed":30571448,"OldGenMax":2863661056,"SurvivorInit":11010048,"PermGenCommitted":0,"PermGenMax":0,"OldGenUsed":7197256,"EdenSpaceUsed":27307064,"NonHeapMemoryCommitted":31637504,"HeapMemoryInit":268435456,"HeapMemoryCommitted":231735296,"SurvivorMax":11010048,"EdenSpaceCommitted":134217728,"OldGenInit":179306496,"EdenSpaceMax":1409286144,"SurvivorCommitted":11010048,"NonHeapMemoryMax":-1,"NonHeapMemoryInit":2555904,"HeapMemoryUsed":34504320,"EdenSpaceInit":67108864,"PermGenInit":0},"threadMap":{"ThreadCount":30,"TotalStartedThreadCount":34,"DeadLockedThreadCount":0,"ProcessCpuTimeRate":5.441,"DaemonThreadCount":27}},"pushJobNum":0,"receiveJobNum":0,"timestamp":1778724120000},{"exeExceptionNum":0,"exeFailedNum":0,"exeLaterNum":0,"exeSuccessNum":0,"fixExecutingJobNum":0,"jvmMData":{"gcMap":{"FullGCCollectionTime":14,"SpanYoungGCCollectionCount":0,"SpanFullGCCollectionCount":0,"YoungGCCollectionCount":2,"FullGCCollectionCount":1,"SpanYoungGCCollectionTime":0,"YoungGCCollectionTime":39,"SpanFullGCCollectionTime":0},"memoryMap":{"HeapMemoryMax":3817865216,"SurvivorUsed":0,"OldGenCommitted":86507520,"PermGenUsed":0,"NonHeapMemoryUsed":31927272,"OldGenMax":2863661056,"SurvivorInit":11010048,"PermGenCommitted":0,"PermGenMax":0,"OldGenUsed":7197256,"EdenSpaceUsed":41404560,"NonHeapMemoryCommitted":32899072,"HeapMemoryInit":268435456,"HeapMemoryCommitted":231735296,"SurvivorMax":11010048,"EdenSpaceCommitted":134217728,"OldGenInit":179306496,"EdenSpaceMax":1409286144,"SurvivorCommitted":11010048,"NonHeapMemoryMax":-1,"NonHeapMemoryInit":2555904,"HeapMemoryUsed":48601816,"EdenSpaceInit":67108864,"PermGenInit":0},"threadMap":{"ThreadCount":41,"TotalStartedThreadCount":49,"DeadLockedThreadCount":0,"ProcessCpuTimeRate":3.235,"DaemonThreadCount":37}},"pushJobNum":0,"receiveJobNum":0,"timestamp":1778724180000},{"exeExceptionNum":0,"exeFailedNum":0,"exeLaterNum":0,"exeSuccessNum":0,"fixExecutingJobNum":0,"jvmMData":{"gcMap":{"FullGCCollectionTime":14,"SpanYoungGCCollectionCount":1,"SpanFullGCCollectionCount":0,"YoungGCCollectionCount":3,"FullGCCollectionCount":1,"SpanYoungGCCollectionTime":14,"YoungGCCollectionTime":53,"SpanFullGCCollectionTime":0},"memoryMap":{"HeapMemoryMax":3817865216,"SurvivorUsed":2341800,"OldGenCommitted":86507520,"PermGenUsed":0,"NonHeapMemoryUsed":33150888,"OldGenMax":2863661056,"SurvivorInit":11010048,"PermGenCommitted":0,"PermGenMax":0,"OldGenUsed":7205448,"EdenSpaceUsed":20897976,"NonHeapMemoryCommitted":34275328,"HeapMemoryInit":268435456,"HeapMemoryCommitted":231735296,"SurvivorMax":11010048,"EdenSpaceCommitted":134217728,"OldGenInit":179306496,"EdenSpaceMax":1409286144,"SurvivorCommitted":11010048,"NonHeapMemoryMax":-1,"NonHeapMemoryInit":2555904,"HeapMemoryUsed":30445224,"EdenSpaceInit":67108864,"PermGenInit":0},"threadMap":{"ThreadCount":196,"TotalStartedThreadCount":262,"DeadLockedThreadCount":0,"ProcessCpuTimeRate":6.438,"DaemonThreadCount":192}},"pushJobNum":0,"receiveJobNum":0,"timestamp":1778724240000},{"exeExceptionNum":0,"exeFailedNum":0,"exeLaterNum":0,"exeSuccessNum":0,"fixExecutingJobNum":0,"jvmMData":{"gcMap":{"FullGCCollectionTime":14,"SpanYoungGCCollectionCount":0,"SpanFullGCCollectionCount":0,"YoungGCCollectionCount":3,"FullGCCollectionCount":1,"SpanYoungGCCollectionTime":0,"YoungGCCollectionTime":53,"SpanFullGCCollectionTime":0},"memoryMap":{"HeapMemoryMax":3817865216,"SurvivorUsed":2341800,"OldGenCommitted":86507520,"PermGenUsed":0,"NonHeapMemoryUsed":34708688,"OldGenMax":2863661056,"SurvivorInit":11010048,"PermGenCommitted":0,"PermGenMax":0,"OldGenUsed":7205448,"EdenSpaceUsed":60142632,"NonHeapMemoryCommitted":35782656,"HeapMemoryInit":268435456,"HeapMemoryCommitted":231735296,"SurvivorMax":11010048,"EdenSpaceCommitted":134217728,"OldGenInit":179306496,"EdenSpaceMax":1409286144,"SurvivorCommitted":11010048,"NonHeapMemoryMax":-1,"NonHeapMemoryInit":2555904,"HeapMemoryUsed":69689880,"EdenSpaceInit":67108864,"PermGenInit":0},"threadMap":{"ThreadCount":215,"TotalStartedThreadCount":340,"DeadLockedThreadCount":0,"ProcessCpuTimeRate":4.987,"DaemonThreadCount":211}},"pushJobNum":0,"receiveJobNum":0,"timestamp":1778724300000},{"exeExceptionNum":0,"exeFailedNum":0,"exeLaterNum":0,"exeSuccessNum":0,"fixExecutingJobNum":0,"jvmMData":{"gcMap":{"FullGCCollectionTime":14,"SpanYoungGCCollectionCount":0,"SpanFullGCCollectionCount":0,"YoungGCCollectionCount":3,"FullGCCollectionCount":1,"SpanYoungGCCollectionTime":0,"YoungGCCollectionTime":53,"SpanFullGCCollectionTime":0},"memoryMap":{"HeapMemoryMax":3817865216,"SurvivorUsed":2341800,"OldGenCommitted":86507520,"PermGenUsed":0,"NonHeapMemoryUsed":35370336,"OldGenMax":2863661056,"SurvivorInit":11010048,"PermGenCommitted":0,"PermGenMax":0,"OldGenUsed":7205448,"EdenSpaceUsed":69433392,"NonHeapMemoryCommitted":36372480,"HeapMemoryInit":268435456,"HeapMemoryCommitted":231735296,"SurvivorMax":11010048,"EdenSpaceCommitted":134217728,"OldGenInit":179306496,"EdenSpaceMax":1409286144,"SurvivorCommitted":11010048,"NonHeapMemoryMax":-1,"NonHeapMemoryInit":2555904,"HeapMemoryUsed":78980640,"EdenSpaceInit":67108864,"PermGenInit":0},"threadMap":{"ThreadCount":215,"TotalStartedThreadCount":400,"DeadLockedThreadCount":0,"ProcessCpuTimeRate":4.004,"DaemonThreadCount":211}},"pushJobNum":0,"receiveJobNum":0,"timestamp":1778724360000},{"exeExceptionNum":0,"exeFailedNum":0,"exeLaterNum":0,"exeSuccessNum":0,"fixExecutingJobNum":0,"jvmMData":{"gcMap":{"FullGCCollectionTime":14,"SpanYoungGCCollectionCount":0,"SpanFullGCCollectionCount":0,"YoungGCCollectionCount":3,"FullGCCollectionCount":1,"SpanYoungGCCollectionTime":0,"YoungGCCollectionTime":53,"SpanFullGCCollectionTime":0},"memoryMap":{"HeapMemoryMax":3817865216,"SurvivorUsed":2341800,"OldGenCommitted":86507520,"PermGenUsed":0,"NonHeapMemoryUsed":36527472,"OldGenMax":2863661056,"SurvivorInit":11010048,"PermGenCommitted":0,"PermGenMax":0,"OldGenUsed":7205448,"EdenSpaceUsed":75563112,"NonHeapMemoryCommitted":37552128,"HeapMemoryInit":268435456,"HeapMemoryCommitted":231735296,"SurvivorMax":11010048,"EdenSpaceCommitted":134217728,"OldGenInit":179306496,"EdenSpaceMax":1409286144,"SurvivorCommitted":11010048,"NonHeapMemoryMax":-1,"NonHeapMemoryInit":2555904,"HeapMemoryUsed":85110360,"EdenSpaceInit":67108864,"PermGenInit":0},"threadMap":{"ThreadCount":215,"TotalStartedThreadCount":460,"DeadLockedThreadCount":0,"ProcessCpuTimeRate":5.054,"DaemonThreadCount":211}},"pushJobNum":0,"receiveJobNum":0,"timestamp":1778724420000},{"exeExceptionNum":0,"exeFailedNum":0,"exeLaterNum":0,"exeSuccessNum":0,"fixExecutingJobNum":0,"jvmMData":{"gcMap":{"FullGCCollectionTime":14,"SpanYoungGCCollectionCount":0,"SpanFullGCCollectionCount":0,"YoungGCCollectionCount":3,"FullGCCollectionCount":1,"SpanYoungGCCollectionTime":0,"YoungGCCollectionTime":53,"SpanFullGCCollectionTime":0},"memoryMap":{"HeapMemoryMax":3817865216,"SurvivorUsed":2341800,"OldGenCommitted":86507520,"PermGenUsed":0,"NonHeapMemoryUsed":37098240,"OldGenMax":2863661056,"SurvivorInit":11010048,"PermGenCommitted":0,"PermGenMax":0,"OldGenUsed":7205448,"EdenSpaceUsed":81165552,"NonHeapMemoryCommitted":38010880,"HeapMemoryInit":268435456,"HeapMemoryCommitted":231735296,"SurvivorMax":11010048,"EdenSpaceCommitted":134217728,"OldGenInit":179306496,"EdenSpaceMax":1409286144,"SurvivorCommitted":11010048,"NonHeapMemoryMax":-1,"NonHeapMemoryInit":2555904,"HeapMemoryUsed":90712800,"EdenSpaceInit":67108864,"PermGenInit":0},"threadMap":{"ThreadCount":215,"TotalStartedThreadCount":518,"DeadLockedThreadCount":0,"ProcessCpuTimeRate":4.220,"DaemonThreadCount":211}},"pushJobNum":0,"receiveJobNum":0,"timestamp":1778724480000},{"exeExceptionNum":0,"exeFailedNum":0,"exeLaterNum":0,"exeSuccessNum":0,"fixExecutingJobNum":0,"jvmMData":{"gcMap":{"FullGCCollectionTime":14,"SpanYoungGCCollectionCount":0,"SpanFullGCCollectionCount":0,"YoungGCCollectionCount":3,"FullGCCollectionCount":1,"SpanYoungGCCollectionTime":0,"YoungGCCollectionTime":53,"SpanFullGCCollectionTime":0},"memoryMap":{"HeapMemoryMax":3817865216,"SurvivorUsed":2341800,"OldGenCommitted":86507520,"PermGenUsed":0,"NonHeapMemoryUsed":37775888,"OldGenMax":2863661056,"SurvivorInit":11010048,"PermGenCommitted":0,"PermGenMax":0,"OldGenUsed":7205448,"EdenSpaceUsed":87675712,"NonHeapMemoryCommitted":38797312,"HeapMemoryInit":268435456,"HeapMemoryCommitted":231735296,"SurvivorMax":11010048,"EdenSpaceCommitted":134217728,"OldGenInit":179306496,"EdenSpaceMax":1409286144,"SurvivorCommitted":11010048,"NonHeapMemoryMax":-1,"NonHeapMemoryInit":2555904,"HeapMemoryUsed":97222960,"EdenSpaceInit":67108864,"PermGenInit":0},"threadMap":{"ThreadCount":215,"TotalStartedThreadCount":578,"DeadLockedThreadCount":0,"ProcessCpuTimeRate":3.795,"DaemonThreadCount":211}},"pushJobNum":0,"receiveJobNum":0,"timestamp":1778724540000},{"exeExceptionNum":0,"exeFailedNum":0,"exeLaterNum":0,"exeSuccessNum":0,"fixExecutingJobNum":0,"jvmMData":{"gcMap":{"FullGCCollectionTime":14,"SpanYoungGCCollectionCount":0,"SpanFullGCCollectionCount":0,"YoungGCCollectionCount":3,"FullGCCollectionCount":1,"SpanYoungGCCollectionTime":0,"YoungGCCollectionTime":53,"SpanFullGCCollectionTime":0},"memoryMap":{"HeapMemoryMax":3817865216,"SurvivorUsed":2341800,"OldGenCommitted":86507520,"PermGenUsed":0,"NonHeapMemoryUsed":38210672,"OldGenMax":2863661056,"SurvivorInit":11010048,"PermGenCommitted":0,"PermGenMax":0,"OldGenUsed":7205448,"EdenSpaceUsed":94224568,"NonHeapMemoryCommitted":39190528,"HeapMemoryInit":268435456,"HeapMemoryCommitted":231735296,"SurvivorMax":11010048,"EdenSpaceCommitted":134217728,"OldGenInit":179306496,"EdenSpaceMax":1409286144,"SurvivorCommitted":11010048,"NonHeapMemoryMax":-1,"NonHeapMemoryInit":2555904,"HeapMemoryUsed":103771816,"EdenSpaceInit":67108864,"PermGenInit":0},"threadMap":{"ThreadCount":215,"TotalStartedThreadCount":638,"DeadLockedThreadCount":0,"ProcessCpuTimeRate":3.745,"DaemonThreadCount":211}},"pushJobNum":0,"receiveJobNum":0,"timestamp":1778724600000},{"exeExceptionNum":0,"exeFailedNum":0,"exeLaterNum":0,"exeSuccessNum":0,"fixExecutingJobNum":0,"jvmMData":{"gcMap":{"FullGCCollectionTime":14,"SpanYoungGCCollectionCount":0,"SpanFullGCCollectionCount":0,"YoungGCCollectionCount":3,"FullGCCollectionCount":1,"SpanYoungGCCollectionTime":0,"YoungGCCollectionTime":53,"SpanFullGCCollectionTime":0},"memoryMap":{"HeapMemoryMax":3817865216,"SurvivorUsed":2341800,"OldGenCommitted":86507520,"PermGenUsed":0,"NonHeapMemoryUsed":38465144,"OldGenMax":2863661056,"SurvivorInit":11010048,"PermGenCommitted":0,"PermGenMax":0,"OldGenUsed":7205448,"EdenSpaceUsed":101464760,"NonHeapMemoryCommitted":39649280,"HeapMemoryInit":268435456,"HeapMemoryCommitted":231735296,"SurvivorMax":11010048,"EdenSpaceCommitted":134217728,"OldGenInit":179306496,"EdenSpaceMax":1409286144,"SurvivorCommitted":11010048,"NonHeapMemoryMax":-1,"NonHeapMemoryInit":2555904,"HeapMemoryUsed":111012008,"EdenSpaceInit":67108864,"PermGenInit":0},"threadMap":{"ThreadCount":215,"TotalStartedThreadCount":696,"DeadLockedThreadCount":0,"ProcessCpuTimeRate":3.330,"DaemonThreadCount":211}},"pushJobNum":0,"receiveJobNum":0,"timestamp":1778724660000}], lts version: 1.7.3-SNAPSHOT, current host: 192.168.64.1
[lts] 2026-05-14 10:24:00,417 DEBUG [pool-1-thread-1] com.github.ltsopensource.core.logger.slf4j.Slf4jLogger.debug(32) | Add Monitor Data success, mNode={"identity":"TT_192.168.64.1_19784_10-03-55.606_1","nodeGroup":"test_trade_taskTracker","nodeType":"TASK_TRACKER"}, mData=[{"exeExceptionNum":0,"exeFailedNum":0,"exeLaterNum":0,"exeSuccessNum":0,"jvmMData":{"gcMap":{"FullGCCollectionTime":0,"SpanYoungGCCollectionCount":0,"SpanFullGCCollectionCount":0,"YoungGCCollectionCount":1,"FullGCCollectionCount":0,"SpanYoungGCCollectionTime":0,"YoungGCCollectionTime":18,"SpanFullGCCollectionTime":0},"memoryMap":{"HeapMemoryMax":3817865216,"SurvivorUsed":7829944,"OldGenCommitted":179306496,"PermGenUsed":0,"NonHeapMemoryUsed":20431784,"OldGenMax":2863661056,"SurvivorInit":11010048,"PermGenCommitted":0,"PermGenMax":0,"OldGenUsed":8192,"EdenSpaceUsed":6688136,"NonHeapMemoryCommitted":21168128,"HeapMemoryInit":268435456,"HeapMemoryCommitted":257425408,"SurvivorMax":11010048,"EdenSpaceCommitted":67108864,"OldGenInit":179306496,"EdenSpaceMax":1409286144,"SurvivorCommitted":11010048,"NonHeapMemoryMax":-1,"NonHeapMemoryInit":2555904,"HeapMemoryUsed":14526272,"EdenSpaceInit":67108864,"PermGenInit":0},"threadMap":{"ThreadCount":25,"TotalStartedThreadCount":28,"DeadLockedThreadCount":0,"ProcessCpuTimeRate":12.10,"DaemonThreadCount":22}},"timestamp":1778724180000,"totalRunningTime":0},{"exeExceptionNum":0,"exeFailedNum":0,"exeLaterNum":0,"exeSuccessNum":0,"jvmMData":{"gcMap":{"FullGCCollectionTime":0,"SpanYoungGCCollectionCount":0,"SpanFullGCCollectionCount":0,"YoungGCCollectionCount":1,"FullGCCollectionCount":0,"SpanYoungGCCollectionTime":0,"YoungGCCollectionTime":18,"SpanFullGCCollectionTime":0},"memoryMap":{"HeapMemoryMax":3817865216,"SurvivorUsed":7829944,"OldGenCommitted":179306496,"PermGenUsed":0,"NonHeapMemoryUsed":21548768,"OldGenMax":2863661056,"SurvivorInit":11010048,"PermGenCommitted":0,"PermGenMax":0,"OldGenUsed":8192,"EdenSpaceUsed":14087256,"NonHeapMemoryCommitted":22413312,"HeapMemoryInit":268435456,"HeapMemoryCommitted":257425408,"SurvivorMax":11010048,"EdenSpaceCommitted":67108864,"OldGenInit":179306496,"EdenSpaceMax":1409286144,"SurvivorCommitted":11010048,"NonHeapMemoryMax":-1,"NonHeapMemoryInit":2555904,"HeapMemoryUsed":21925392,"EdenSpaceInit":67108864,"PermGenInit":0},"threadMap":{"ThreadCount":24,"TotalStartedThreadCount":28,"DeadLockedThreadCount":0,"ProcessCpuTimeRate":3.338,"DaemonThreadCount":21}},"timestamp":1778724240000,"totalRunningTime":0},{"exeExceptionNum":0,"exeFailedNum":0,"exeLaterNum":0,"exeSuccessNum":0,"jvmMData":{"gcMap":{"FullGCCollectionTime":0,"SpanYoungGCCollectionCount":0,"SpanFullGCCollectionCount":0,"YoungGCCollectionCount":1,"FullGCCollectionCount":0,"SpanYoungGCCollectionTime":0,"YoungGCCollectionTime":18,"SpanFullGCCollectionTime":0},"memoryMap":{"HeapMemoryMax":3817865216,"SurvivorUsed":7829944,"OldGenCommitted":179306496,"PermGenUsed":0,"NonHeapMemoryUsed":21989680,"OldGenMax":2863661056,"SurvivorInit":11010048,"PermGenCommitted":0,"PermGenMax":0,"OldGenUsed":8192,"EdenSpaceUsed":16791488,"NonHeapMemoryCommitted":22806528,"HeapMemoryInit":268435456,"HeapMemoryCommitted":257425408,"SurvivorMax":11010048,"EdenSpaceCommitted":67108864,"OldGenInit":179306496,"EdenSpaceMax":1409286144,"SurvivorCommitted":11010048,"NonHeapMemoryMax":-1,"NonHeapMemoryInit":2555904,"HeapMemoryUsed":24629624,"EdenSpaceInit":67108864,"PermGenInit":0},"threadMap":{"ThreadCount":24,"TotalStartedThreadCount":28,"DeadLockedThreadCount":0,"ProcessCpuTimeRate":2.289,"DaemonThreadCount":21}},"timestamp":1778724300000,"totalRunningTime":0},{"exeExceptionNum":0,"exeFailedNum":0,"exeLaterNum":0,"exeSuccessNum":0,"jvmMData":{"gcMap":{"FullGCCollectionTime":0,"SpanYoungGCCollectionCount":0,"SpanFullGCCollectionCount":0,"YoungGCCollectionCount":1,"FullGCCollectionCount":0,"SpanYoungGCCollectionTime":0,"YoungGCCollectionTime":18,"SpanFullGCCollectionTime":0},"memoryMap":{"HeapMemoryMax":3817865216,"SurvivorUsed":7829944,"OldGenCommitted":179306496,"PermGenUsed":0,"NonHeapMemoryUsed":21988632,"OldGenMax":2863661056,"SurvivorInit":11010048,"PermGenCommitted":0,"PermGenMax":0,"OldGenUsed":8192,"EdenSpaceUsed":18808208,"NonHeapMemoryCommitted":23003136,"HeapMemoryInit":268435456,"HeapMemoryCommitted":257425408,"SurvivorMax":11010048,"EdenSpaceCommitted":67108864,"OldGenInit":179306496,"EdenSpaceMax":1409286144,"SurvivorCommitted":11010048,"NonHeapMemoryMax":-1,"NonHeapMemoryInit":2555904,"HeapMemoryUsed":26646344,"EdenSpaceInit":67108864,"PermGenInit":0},"threadMap":{"ThreadCount":24,"TotalStartedThreadCount":28,"DeadLockedThreadCount":0,"ProcessCpuTimeRate":2.171,"DaemonThreadCount":21}},"timestamp":1778724360000,"totalRunningTime":0},{"exeExceptionNum":0,"exeFailedNum":0,"exeLaterNum":0,"exeSuccessNum":0,"jvmMData":{"gcMap":{"FullGCCollectionTime":0,"SpanYoungGCCollectionCount":0,"SpanFullGCCollectionCount":0,"YoungGCCollectionCount":1,"FullGCCollectionCount":0,"SpanYoungGCCollectionTime":0,"YoungGCCollectionTime":18,"SpanFullGCCollectionTime":0},"memoryMap":{"HeapMemoryMax":3817865216,"SurvivorUsed":7829944,"OldGenCommitted":179306496,"PermGenUsed":0,"NonHeapMemoryUsed":22197712,"OldGenMax":2863661056,"SurvivorInit":11010048,"PermGenCommitted":0,"PermGenMax":0,"OldGenUsed":8192,"EdenSpaceUsed":23538952,"NonHeapMemoryCommitted":23003136,"HeapMemoryInit":268435456,"HeapMemoryCommitted":257425408,"SurvivorMax":11010048,"EdenSpaceCommitted":67108864,"OldGenInit":179306496,"EdenSpaceMax":1409286144,"SurvivorCommitted":11010048,"NonHeapMemoryMax":-1,"NonHeapMemoryInit":2555904,"HeapMemoryUsed":31377088,"EdenSpaceInit":67108864,"PermGenInit":0},"threadMap":{"ThreadCount":24,"TotalStartedThreadCount":28,"DeadLockedThreadCount":0,"ProcessCpuTimeRate":2.075,"DaemonThreadCount":21}},"timestamp":1778724420000,"totalRunningTime":0},{"exeExceptionNum":0,"exeFailedNum":0,"exeLaterNum":0,"exeSuccessNum":0,"jvmMData":{"gcMap":{"FullGCCollectionTime":0,"SpanYoungGCCollectionCount":0,"SpanFullGCCollectionCount":0,"YoungGCCollectionCount":1,"FullGCCollectionCount":0,"SpanYoungGCCollectionTime":0,"YoungGCCollectionTime":18,"SpanFullGCCollectionTime":0},"memoryMap":{"HeapMemoryMax":3817865216,"SurvivorUsed":7829944,"OldGenCommitted":179306496,"PermGenUsed":0,"NonHeapMemoryUsed":22475176,"OldGenMax":2863661056,"SurvivorInit":11010048,"PermGenCommitted":0,"PermGenMax":0,"OldGenUsed":8192,"EdenSpaceUsed":25552312,"NonHeapMemoryCommitted":23396352,"HeapMemoryInit":268435456,"HeapMemoryCommitted":257425408,"SurvivorMax":11010048,"EdenSpaceCommitted":67108864,"OldGenInit":179306496,"EdenSpaceMax":1409286144,"SurvivorCommitted":11010048,"NonHeapMemoryMax":-1,"NonHeapMemoryInit":2555904,"HeapMemoryUsed":33390448,"EdenSpaceInit":67108864,"PermGenInit":0},"threadMap":{"ThreadCount":24,"TotalStartedThreadCount":28,"DeadLockedThreadCount":0,"ProcessCpuTimeRate":2.404,"DaemonThreadCount":21}},"timestamp":1778724480000,"totalRunningTime":0},{"exeExceptionNum":0,"exeFailedNum":0,"exeLaterNum":0,"exeSuccessNum":0,"jvmMData":{"gcMap":{"FullGCCollectionTime":0,"SpanYoungGCCollectionCount":0,"SpanFullGCCollectionCount":0,"YoungGCCollectionCount":1,"FullGCCollectionCount":0,"SpanYoungGCCollectionTime":0,"YoungGCCollectionTime":18,"SpanFullGCCollectionTime":0},"memoryMap":{"HeapMemoryMax":3817865216,"SurvivorUsed":7829944,"OldGenCommitted":179306496,"PermGenUsed":0,"NonHeapMemoryUsed":22553792,"OldGenMax":2863661056,"SurvivorInit":11010048,"PermGenCommitted":0,"PermGenMax":0,"OldGenUsed":8192,"EdenSpaceUsed":28276760,"NonHeapMemoryCommitted":23461888,"HeapMemoryInit":268435456,"HeapMemoryCommitted":257425408,"SurvivorMax":11010048,"EdenSpaceCommitted":67108864,"OldGenInit":179306496,"EdenSpaceMax":1409286144,"SurvivorCommitted":11010048,"NonHeapMemoryMax":-1,"NonHeapMemoryInit":2555904,"HeapMemoryUsed":36114896,"EdenSpaceInit":67108864,"PermGenInit":0},"threadMap":{"ThreadCount":24,"TotalStartedThreadCount":28,"DeadLockedThreadCount":0,"ProcessCpuTimeRate":2.029,"DaemonThreadCount":21}},"timestamp":1778724540000,"totalRunningTime":0},{"exeExceptionNum":0,"exeFailedNum":0,"exeLaterNum":0,"exeSuccessNum":0,"jvmMData":{"gcMap":{"FullGCCollectionTime":0,"SpanYoungGCCollectionCount":0,"SpanFullGCCollectionCount":0,"YoungGCCollectionCount":1,"FullGCCollectionCount":0,"SpanYoungGCCollectionTime":0,"YoungGCCollectionTime":18,"SpanFullGCCollectionTime":0},"memoryMap":{"HeapMemoryMax":3817865216,"SurvivorUsed":7829944,"OldGenCommitted":179306496,"PermGenUsed":0,"NonHeapMemoryUsed":22749224,"OldGenMax":2863661056,"SurvivorInit":11010048,"PermGenCommitted":0,"PermGenMax":0,"OldGenUsed":8192,"EdenSpaceUsed":30993144,"NonHeapMemoryCommitted":23592960,"HeapMemoryInit":268435456,"HeapMemoryCommitted":257425408,"SurvivorMax":11010048,"EdenSpaceCommitted":67108864,"OldGenInit":179306496,"EdenSpaceMax":1409286144,"SurvivorCommitted":11010048,"NonHeapMemoryMax":-1,"NonHeapMemoryInit":2555904,"HeapMemoryUsed":38831280,"EdenSpaceInit":67108864,"PermGenInit":0},"threadMap":{"ThreadCount":24,"TotalStartedThreadCount":28,"DeadLockedThreadCount":0,"ProcessCpuTimeRate":1.943,"DaemonThreadCount":21}},"timestamp":1778724600000,"totalRunningTime":0},{"exeExceptionNum":0,"exeFailedNum":0,"exeLaterNum":0,"exeSuccessNum":0,"jvmMData":{"gcMap":{"FullGCCollectionTime":0,"SpanYoungGCCollectionCount":0,"SpanFullGCCollectionCount":0,"YoungGCCollectionCount":1,"FullGCCollectionCount":0,"SpanYoungGCCollectionTime":0,"YoungGCCollectionTime":18,"SpanFullGCCollectionTime":0},"memoryMap":{"HeapMemoryMax":3817865216,"SurvivorUsed":7829944,"OldGenCommitted":179306496,"PermGenUsed":0,"NonHeapMemoryUsed":22875216,"OldGenMax":2863661056,"SurvivorInit":11010048,"PermGenCommitted":0,"PermGenMax":0,"OldGenUsed":8192,"EdenSpaceUsed":34362312,"NonHeapMemoryCommitted":23724032,"HeapMemoryInit":268435456,"HeapMemoryCommitted":257425408,"SurvivorMax":11010048,"EdenSpaceCommitted":67108864,"OldGenInit":179306496,"EdenSpaceMax":1409286144,"SurvivorCommitted":11010048,"NonHeapMemoryMax":-1,"NonHeapMemoryInit":2555904,"HeapMemoryUsed":42200448,"EdenSpaceInit":67108864,"PermGenInit":0},"threadMap":{"ThreadCount":24,"TotalStartedThreadCount":28,"DeadLockedThreadCount":0,"ProcessCpuTimeRate":1.731,"DaemonThreadCount":21}},"timestamp":1778724660000,"totalRunningTime":0},{"exeExceptionNum":0,"exeFailedNum":0,"exeLaterNum":0,"exeSuccessNum":0,"jvmMData":{"gcMap":{"FullGCCollectionTime":0,"SpanYoungGCCollectionCount":0,"SpanFullGCCollectionCount":0,"YoungGCCollectionCount":1,"FullGCCollectionCount":0,"SpanYoungGCCollectionTime":0,"YoungGCCollectionTime":18,"SpanFullGCCollectionTime":0},"memoryMap":{"HeapMemoryMax":3817865216,"SurvivorUsed":7829944,"OldGenCommitted":179306496,"PermGenUsed":0,"NonHeapMemoryUsed":23121600,"OldGenMax":2863661056,"SurvivorInit":11010048,"PermGenCommitted":0,"PermGenMax":0,"OldGenUsed":8192,"EdenSpaceUsed":36375672,"NonHeapMemoryCommitted":24051712,"HeapMemoryInit":268435456,"HeapMemoryCommitted":257425408,"SurvivorMax":11010048,"EdenSpaceCommitted":67108864,"OldGenInit":179306496,"EdenSpaceMax":1409286144,"SurvivorCommitted":11010048,"NonHeapMemoryMax":-1,"NonHeapMemoryInit":2555904,"HeapMemoryUsed":44213808,"EdenSpaceInit":67108864,"PermGenInit":0},"threadMap":{"ThreadCount":24,"TotalStartedThreadCount":28,"DeadLockedThreadCount":0,"ProcessCpuTimeRate":2.058,"DaemonThreadCount":21}},"timestamp":1778724720000,"totalRunningTime":0}], lts version: 1.7.3-SNAPSHOT, current host: 192.168.64.1
[lts] 2026-05-14 10:25:00,586 DEBUG [pool-1-thread-3] com.github.ltsopensource.core.logger.slf4j.Slf4jLogger.debug(32) | 
    INSERT 
    INTO
        `
        lts_admin_job_tracker_monitor_data`(
            `gmt_created`, `identity`, `timestamp`, `receive_job_num`, `push_job_num`, `exe_success_num`, `exe_failed_num`, `exe_later_num`, `exe_exception_num`, `fix_executing_job_num`
        ) 
    VALUES
        (?,?,?,?,?,?,?,?,?,?), lts version: 1.7.3-SNAPSHOT, current host: 192.168.64.1
[lts] 2026-05-14 10:25:00,587 DEBUG [pool-1-thread-4] com.github.ltsopensource.core.logger.slf4j.Slf4jLogger.debug(32) | 
    INSERT 
    INTO
        `
        lts_admin_task_tracker_monitor_data`(
            `gmt_created`, `node_group`, `identity`, `timestamp`, `exe_success_num`, `exe_failed_num`, `exe_later_num`, `exe_exception_num`, `total_running_time`
        ) 
    VALUES
        (?,?,?,?,?,?,?,?,?), lts version: 1.7.3-SNAPSHOT, current host: 192.168.64.1
[lts] 2026-05-14 10:25:00,626 DEBUG [pool-1-thread-3] com.github.ltsopensource.core.logger.slf4j.Slf4jLogger.debug(32) | 
    INSERT 
    INTO
        `
        lts_admin_jvm_gc`(
            `gmt_created`, `identity`, `timestamp`, `node_type`, `node_group`, `young_gc_collection_count`, `young_gc_collection_time`, `full_gc_collection_count`, `full_gc_collection_time`, `span_young_gc_collection_count`, `span_young_gc_collection_time`, `span_full_gc_collection_count`, `span_full_gc_collection_time`
        ) 
    VALUES
        (?,?,?,?,?,?,?,?,?,?,?,?,?), lts version: 1.7.3-SNAPSHOT, current host: 192.168.64.1
[lts] 2026-05-14 10:25:00,626 DEBUG [pool-1-thread-4] com.github.ltsopensource.core.logger.slf4j.Slf4jLogger.debug(32) | 
    INSERT 
    INTO
        `
        lts_admin_jvm_gc`(
            `gmt_created`, `identity`, `timestamp`, `node_type`, `node_group`, `young_gc_collection_count`, `young_gc_collection_time`, `full_gc_collection_count`, `full_gc_collection_time`, `span_young_gc_collection_count`, `span_young_gc_collection_time`, `span_full_gc_collection_count`, `span_full_gc_collection_time`
        ) 
    VALUES
        (?,?,?,?,?,?,?,?,?,?,?,?,?), lts version: 1.7.3-SNAPSHOT, current host: 192.168.64.1
[lts] 2026-05-14 10:25:00,646 DEBUG [pool-1-thread-4] com.github.ltsopensource.core.logger.slf4j.Slf4jLogger.debug(32) | 
    INSERT 
    INTO
        `
        lts_admin_jvm_memory`(
            `gmt_created`, `identity`, `timestamp`, `node_type`, `node_group`, `heap_memory_committed`, `heap_memory_init`, `heap_memory_max`, `heap_memory_used`, `non_heap_memory_committed`, `non_heap_memory_init`, `non_heap_memory_max`, `non_heap_memory_used`, `perm_gen_committed`, `perm_gen_init`, `perm_gen_max`, `perm_gen_used`, `old_gen_committed`, `old_gen_init`, `old_gen_max`, `old_gen_used`, `eden_space_committed`, `eden_space_init`, `eden_space_max`, `eden_space_used`, `survivor_committed`, `survivor_init`, `survivor_max`, `survivor_used`
        ) 
    VALUES
        (?,?,?,?,?,?,?,?,?,?,?,?,?,?,?,?,?,?,?,?,?,?,?,?,?,?,?,?,?), lts version: 1.7.3-SNAPSHOT, current host: 192.168.64.1
[lts] 2026-05-14 10:25:00,646 DEBUG [pool-1-thread-3] com.github.ltsopensource.core.logger.slf4j.Slf4jLogger.debug(32) | 
    INSERT 
    INTO
        `
        lts_admin_jvm_memory`(
            `gmt_created`, `identity`, `timestamp`, `node_type`, `node_group`, `heap_memory_committed`, `heap_memory_init`, `heap_memory_max`, `heap_memory_used`, `non_heap_memory_committed`, `non_heap_memory_init`, `non_heap_memory_max`, `non_heap_memory_used`, `perm_gen_committed`, `perm_gen_init`, `perm_gen_max`, `perm_gen_used`, `old_gen_committed`, `old_gen_init`, `old_gen_max`, `old_gen_used`, `eden_space_committed`, `eden_space_init`, `eden_space_max`, `eden_space_used`, `survivor_committed`, `survivor_init`, `survivor_max`, `survivor_used`
        ) 
    VALUES
        (?,?,?,?,?,?,?,?,?,?,?,?,?,?,?,?,?,?,?,?,?,?,?,?,?,?,?,?,?), lts version: 1.7.3-SNAPSHOT, current host: 192.168.64.1
[lts] 2026-05-14 10:25:00,679 DEBUG [pool-1-thread-4] com.github.ltsopensource.core.logger.slf4j.Slf4jLogger.debug(32) | 
    INSERT 
    INTO
        `
        lts_admin_jvm_thread`(
            `gmt_created`, `identity`, `timestamp`, `node_type`, `node_group`, `daemon_thread_count`, `thread_count`, `total_started_thread_count`, `dead_locked_thread_count`, `process_cpu_time_rate`
        ) 
    VALUES
        (?,?,?,?,?,?,?,?,?,?), lts version: 1.7.3-SNAPSHOT, current host: 192.168.64.1
[lts] 2026-05-14 10:25:00,679 DEBUG [pool-1-thread-3] com.github.ltsopensource.core.logger.slf4j.Slf4jLogger.debug(32) | 
    INSERT 
    INTO
        `
        lts_admin_jvm_thread`(
            `gmt_created`, `identity`, `timestamp`, `node_type`, `node_group`, `daemon_thread_count`, `thread_count`, `total_started_thread_count`, `dead_locked_thread_count`, `process_cpu_time_rate`
        ) 
    VALUES
        (?,?,?,?,?,?,?,?,?,?), lts version: 1.7.3-SNAPSHOT, current host: 192.168.64.1
[lts] 2026-05-14 10:25:00,694 DEBUG [pool-1-thread-3] com.github.ltsopensource.core.logger.slf4j.Slf4jLogger.debug(32) | Add Monitor Data success, mNode={"identity":"JT_192.168.64.1_19709_10-02-49.861_1","nodeGroup":"lts","nodeType":"JOB_TRACKER"}, mData=[{"exeExceptionNum":0,"exeFailedNum":0,"exeLaterNum":0,"exeSuccessNum":0,"fixExecutingJobNum":0,"jvmMData":{"gcMap":{"FullGCCollectionTime":14,"SpanYoungGCCollectionCount":0,"SpanFullGCCollectionCount":0,"YoungGCCollectionCount":2,"FullGCCollectionCount":1,"SpanYoungGCCollectionTime":0,"YoungGCCollectionTime":39,"SpanFullGCCollectionTime":0},"memoryMap":{"HeapMemoryMax":3817865216,"SurvivorUsed":0,"OldGenCommitted":86507520,"PermGenUsed":0,"NonHeapMemoryUsed":30571448,"OldGenMax":2863661056,"SurvivorInit":11010048,"PermGenCommitted":0,"PermGenMax":0,"OldGenUsed":7197256,"EdenSpaceUsed":27307064,"NonHeapMemoryCommitted":31637504,"HeapMemoryInit":268435456,"HeapMemoryCommitted":231735296,"SurvivorMax":11010048,"EdenSpaceCommitted":134217728,"OldGenInit":179306496,"EdenSpaceMax":1409286144,"SurvivorCommitted":11010048,"NonHeapMemoryMax":-1,"NonHeapMemoryInit":2555904,"HeapMemoryUsed":34504320,"EdenSpaceInit":67108864,"PermGenInit":0},"threadMap":{"ThreadCount":30,"TotalStartedThreadCount":34,"DeadLockedThreadCount":0,"ProcessCpuTimeRate":5.441,"DaemonThreadCount":27}},"pushJobNum":0,"receiveJobNum":0,"timestamp":1778724120000},{"exeExceptionNum":0,"exeFailedNum":0,"exeLaterNum":0,"exeSuccessNum":0,"fixExecutingJobNum":0,"jvmMData":{"gcMap":{"FullGCCollectionTime":14,"SpanYoungGCCollectionCount":0,"SpanFullGCCollectionCount":0,"YoungGCCollectionCount":2,"FullGCCollectionCount":1,"SpanYoungGCCollectionTime":0,"YoungGCCollectionTime":39,"SpanFullGCCollectionTime":0},"memoryMap":{"HeapMemoryMax":3817865216,"SurvivorUsed":0,"OldGenCommitted":86507520,"PermGenUsed":0,"NonHeapMemoryUsed":31927272,"OldGenMax":2863661056,"SurvivorInit":11010048,"PermGenCommitted":0,"PermGenMax":0,"OldGenUsed":7197256,"EdenSpaceUsed":41404560,"NonHeapMemoryCommitted":32899072,"HeapMemoryInit":268435456,"HeapMemoryCommitted":231735296,"SurvivorMax":11010048,"EdenSpaceCommitted":134217728,"OldGenInit":179306496,"EdenSpaceMax":1409286144,"SurvivorCommitted":11010048,"NonHeapMemoryMax":-1,"NonHeapMemoryInit":2555904,"HeapMemoryUsed":48601816,"EdenSpaceInit":67108864,"PermGenInit":0},"threadMap":{"ThreadCount":41,"TotalStartedThreadCount":49,"DeadLockedThreadCount":0,"ProcessCpuTimeRate":3.235,"DaemonThreadCount":37}},"pushJobNum":0,"receiveJobNum":0,"timestamp":1778724180000},{"exeExceptionNum":0,"exeFailedNum":0,"exeLaterNum":0,"exeSuccessNum":0,"fixExecutingJobNum":0,"jvmMData":{"gcMap":{"FullGCCollectionTime":14,"SpanYoungGCCollectionCount":1,"SpanFullGCCollectionCount":0,"YoungGCCollectionCount":3,"FullGCCollectionCount":1,"SpanYoungGCCollectionTime":14,"YoungGCCollectionTime":53,"SpanFullGCCollectionTime":0},"memoryMap":{"HeapMemoryMax":3817865216,"SurvivorUsed":2341800,"OldGenCommitted":86507520,"PermGenUsed":0,"NonHeapMemoryUsed":33150888,"OldGenMax":2863661056,"SurvivorInit":11010048,"PermGenCommitted":0,"PermGenMax":0,"OldGenUsed":7205448,"EdenSpaceUsed":20897976,"NonHeapMemoryCommitted":34275328,"HeapMemoryInit":268435456,"HeapMemoryCommitted":231735296,"SurvivorMax":11010048,"EdenSpaceCommitted":134217728,"OldGenInit":179306496,"EdenSpaceMax":1409286144,"SurvivorCommitted":11010048,"NonHeapMemoryMax":-1,"NonHeapMemoryInit":2555904,"HeapMemoryUsed":30445224,"EdenSpaceInit":67108864,"PermGenInit":0},"threadMap":{"ThreadCount":196,"TotalStartedThreadCount":262,"DeadLockedThreadCount":0,"ProcessCpuTimeRate":6.438,"DaemonThreadCount":192}},"pushJobNum":0,"receiveJobNum":0,"timestamp":1778724240000},{"exeExceptionNum":0,"exeFailedNum":0,"exeLaterNum":0,"exeSuccessNum":0,"fixExecutingJobNum":0,"jvmMData":{"gcMap":{"FullGCCollectionTime":14,"SpanYoungGCCollectionCount":0,"SpanFullGCCollectionCount":0,"YoungGCCollectionCount":3,"FullGCCollectionCount":1,"SpanYoungGCCollectionTime":0,"YoungGCCollectionTime":53,"SpanFullGCCollectionTime":0},"memoryMap":{"HeapMemoryMax":3817865216,"SurvivorUsed":2341800,"OldGenCommitted":86507520,"PermGenUsed":0,"NonHeapMemoryUsed":34708688,"OldGenMax":2863661056,"SurvivorInit":11010048,"PermGenCommitted":0,"PermGenMax":0,"OldGenUsed":7205448,"EdenSpaceUsed":60142632,"NonHeapMemoryCommitted":35782656,"HeapMemoryInit":268435456,"HeapMemoryCommitted":231735296,"SurvivorMax":11010048,"EdenSpaceCommitted":134217728,"OldGenInit":179306496,"EdenSpaceMax":1409286144,"SurvivorCommitted":11010048,"NonHeapMemoryMax":-1,"NonHeapMemoryInit":2555904,"HeapMemoryUsed":69689880,"EdenSpaceInit":67108864,"PermGenInit":0},"threadMap":{"ThreadCount":215,"TotalStartedThreadCount":340,"DeadLockedThreadCount":0,"ProcessCpuTimeRate":4.987,"DaemonThreadCount":211}},"pushJobNum":0,"receiveJobNum":0,"timestamp":1778724300000},{"exeExceptionNum":0,"exeFailedNum":0,"exeLaterNum":0,"exeSuccessNum":0,"fixExecutingJobNum":0,"jvmMData":{"gcMap":{"FullGCCollectionTime":14,"SpanYoungGCCollectionCount":0,"SpanFullGCCollectionCount":0,"YoungGCCollectionCount":3,"FullGCCollectionCount":1,"SpanYoungGCCollectionTime":0,"YoungGCCollectionTime":53,"SpanFullGCCollectionTime":0},"memoryMap":{"HeapMemoryMax":3817865216,"SurvivorUsed":2341800,"OldGenCommitted":86507520,"PermGenUsed":0,"NonHeapMemoryUsed":35370336,"OldGenMax":2863661056,"SurvivorInit":11010048,"PermGenCommitted":0,"PermGenMax":0,"OldGenUsed":7205448,"EdenSpaceUsed":69433392,"NonHeapMemoryCommitted":36372480,"HeapMemoryInit":268435456,"HeapMemoryCommitted":231735296,"SurvivorMax":11010048,"EdenSpaceCommitted":134217728,"OldGenInit":179306496,"EdenSpaceMax":1409286144,"SurvivorCommitted":11010048,"NonHeapMemoryMax":-1,"NonHeapMemoryInit":2555904,"HeapMemoryUsed":78980640,"EdenSpaceInit":67108864,"PermGenInit":0},"threadMap":{"ThreadCount":215,"TotalStartedThreadCount":400,"DeadLockedThreadCount":0,"ProcessCpuTimeRate":4.004,"DaemonThreadCount":211}},"pushJobNum":0,"receiveJobNum":0,"timestamp":1778724360000},{"exeExceptionNum":0,"exeFailedNum":0,"exeLaterNum":0,"exeSuccessNum":0,"fixExecutingJobNum":0,"jvmMData":{"gcMap":{"FullGCCollectionTime":14,"SpanYoungGCCollectionCount":0,"SpanFullGCCollectionCount":0,"YoungGCCollectionCount":3,"FullGCCollectionCount":1,"SpanYoungGCCollectionTime":0,"YoungGCCollectionTime":53,"SpanFullGCCollectionTime":0},"memoryMap":{"HeapMemoryMax":3817865216,"SurvivorUsed":2341800,"OldGenCommitted":86507520,"PermGenUsed":0,"NonHeapMemoryUsed":36527472,"OldGenMax":2863661056,"SurvivorInit":11010048,"PermGenCommitted":0,"PermGenMax":0,"OldGenUsed":7205448,"EdenSpaceUsed":75563112,"NonHeapMemoryCommitted":37552128,"HeapMemoryInit":268435456,"HeapMemoryCommitted":231735296,"SurvivorMax":11010048,"EdenSpaceCommitted":134217728,"OldGenInit":179306496,"EdenSpaceMax":1409286144,"SurvivorCommitted":11010048,"NonHeapMemoryMax":-1,"NonHeapMemoryInit":2555904,"HeapMemoryUsed":85110360,"EdenSpaceInit":67108864,"PermGenInit":0},"threadMap":{"ThreadCount":215,"TotalStartedThreadCount":460,"DeadLockedThreadCount":0,"ProcessCpuTimeRate":5.054,"DaemonThreadCount":211}},"pushJobNum":0,"receiveJobNum":0,"timestamp":1778724420000},{"exeExceptionNum":0,"exeFailedNum":0,"exeLaterNum":0,"exeSuccessNum":0,"fixExecutingJobNum":0,"jvmMData":{"gcMap":{"FullGCCollectionTime":14,"SpanYoungGCCollectionCount":0,"SpanFullGCCollectionCount":0,"YoungGCCollectionCount":3,"FullGCCollectionCount":1,"SpanYoungGCCollectionTime":0,"YoungGCCollectionTime":53,"SpanFullGCCollectionTime":0},"memoryMap":{"HeapMemoryMax":3817865216,"SurvivorUsed":2341800,"OldGenCommitted":86507520,"PermGenUsed":0,"NonHeapMemoryUsed":37098240,"OldGenMax":2863661056,"SurvivorInit":11010048,"PermGenCommitted":0,"PermGenMax":0,"OldGenUsed":7205448,"EdenSpaceUsed":81165552,"NonHeapMemoryCommitted":38010880,"HeapMemoryInit":268435456,"HeapMemoryCommitted":231735296,"SurvivorMax":11010048,"EdenSpaceCommitted":134217728,"OldGenInit":179306496,"EdenSpaceMax":1409286144,"SurvivorCommitted":11010048,"NonHeapMemoryMax":-1,"NonHeapMemoryInit":2555904,"HeapMemoryUsed":90712800,"EdenSpaceInit":67108864,"PermGenInit":0},"threadMap":{"ThreadCount":215,"TotalStartedThreadCount":518,"DeadLockedThreadCount":0,"ProcessCpuTimeRate":4.220,"DaemonThreadCount":211}},"pushJobNum":0,"receiveJobNum":0,"timestamp":1778724480000},{"exeExceptionNum":0,"exeFailedNum":0,"exeLaterNum":0,"exeSuccessNum":0,"fixExecutingJobNum":0,"jvmMData":{"gcMap":{"FullGCCollectionTime":14,"SpanYoungGCCollectionCount":0,"SpanFullGCCollectionCount":0,"YoungGCCollectionCount":3,"FullGCCollectionCount":1,"SpanYoungGCCollectionTime":0,"YoungGCCollectionTime":53,"SpanFullGCCollectionTime":0},"memoryMap":{"HeapMemoryMax":3817865216,"SurvivorUsed":2341800,"OldGenCommitted":86507520,"PermGenUsed":0,"NonHeapMemoryUsed":37775888,"OldGenMax":2863661056,"SurvivorInit":11010048,"PermGenCommitted":0,"PermGenMax":0,"OldGenUsed":7205448,"EdenSpaceUsed":87675712,"NonHeapMemoryCommitted":38797312,"HeapMemoryInit":268435456,"HeapMemoryCommitted":231735296,"SurvivorMax":11010048,"EdenSpaceCommitted":134217728,"OldGenInit":179306496,"EdenSpaceMax":1409286144,"SurvivorCommitted":11010048,"NonHeapMemoryMax":-1,"NonHeapMemoryInit":2555904,"HeapMemoryUsed":97222960,"EdenSpaceInit":67108864,"PermGenInit":0},"threadMap":{"ThreadCount":215,"TotalStartedThreadCount":578,"DeadLockedThreadCount":0,"ProcessCpuTimeRate":3.795,"DaemonThreadCount":211}},"pushJobNum":0,"receiveJobNum":0,"timestamp":1778724540000},{"exeExceptionNum":0,"exeFailedNum":0,"exeLaterNum":0,"exeSuccessNum":0,"fixExecutingJobNum":0,"jvmMData":{"gcMap":{"FullGCCollectionTime":14,"SpanYoungGCCollectionCount":0,"SpanFullGCCollectionCount":0,"YoungGCCollectionCount":3,"FullGCCollectionCount":1,"SpanYoungGCCollectionTime":0,"YoungGCCollectionTime":53,"SpanFullGCCollectionTime":0},"memoryMap":{"HeapMemoryMax":3817865216,"SurvivorUsed":2341800,"OldGenCommitted":86507520,"PermGenUsed":0,"NonHeapMemoryUsed":38210672,"OldGenMax":2863661056,"SurvivorInit":11010048,"PermGenCommitted":0,"PermGenMax":0,"OldGenUsed":7205448,"EdenSpaceUsed":94224568,"NonHeapMemoryCommitted":39190528,"HeapMemoryInit":268435456,"HeapMemoryCommitted":231735296,"SurvivorMax":11010048,"EdenSpaceCommitted":134217728,"OldGenInit":179306496,"EdenSpaceMax":1409286144,"SurvivorCommitted":11010048,"NonHeapMemoryMax":-1,"NonHeapMemoryInit":2555904,"HeapMemoryUsed":103771816,"EdenSpaceInit":67108864,"PermGenInit":0},"threadMap":{"ThreadCount":215,"TotalStartedThreadCount":638,"DeadLockedThreadCount":0,"ProcessCpuTimeRate":3.745,"DaemonThreadCount":211}},"pushJobNum":0,"receiveJobNum":0,"timestamp":1778724600000},{"exeExceptionNum":0,"exeFailedNum":0,"exeLaterNum":0,"exeSuccessNum":0,"fixExecutingJobNum":0,"jvmMData":{"gcMap":{"FullGCCollectionTime":14,"SpanYoungGCCollectionCount":0,"SpanFullGCCollectionCount":0,"YoungGCCollectionCount":3,"FullGCCollectionCount":1,"SpanYoungGCCollectionTime":0,"YoungGCCollectionTime":53,"SpanFullGCCollectionTime":0},"memoryMap":{"HeapMemoryMax":3817865216,"SurvivorUsed":2341800,"OldGenCommitted":86507520,"PermGenUsed":0,"NonHeapMemoryUsed":38465144,"OldGenMax":2863661056,"SurvivorInit":11010048,"PermGenCommitted":0,"PermGenMax":0,"OldGenUsed":7205448,"EdenSpaceUsed":101464760,"NonHeapMemoryCommitted":39649280,"HeapMemoryInit":268435456,"HeapMemoryCommitted":231735296,"SurvivorMax":11010048,"EdenSpaceCommitted":134217728,"OldGenInit":179306496,"EdenSpaceMax":1409286144,"SurvivorCommitted":11010048,"NonHeapMemoryMax":-1,"NonHeapMemoryInit":2555904,"HeapMemoryUsed":111012008,"EdenSpaceInit":67108864,"PermGenInit":0},"threadMap":{"ThreadCount":215,"TotalStartedThreadCount":696,"DeadLockedThreadCount":0,"ProcessCpuTimeRate":3.330,"DaemonThreadCount":211}},"pushJobNum":0,"receiveJobNum":0,"timestamp":1778724660000}], lts version: 1.7.3-SNAPSHOT, current host: 192.168.64.1
[lts] 2026-05-14 10:25:00,695 DEBUG [pool-1-thread-4] com.github.ltsopensource.core.logger.slf4j.Slf4jLogger.debug(32) | Add Monitor Data success, mNode={"identity":"TT_192.168.64.1_19784_10-03-55.606_1","nodeGroup":"test_trade_taskTracker","nodeType":"TASK_TRACKER"}, mData=[{"exeExceptionNum":0,"exeFailedNum":0,"exeLaterNum":0,"exeSuccessNum":0,"jvmMData":{"gcMap":{"FullGCCollectionTime":0,"SpanYoungGCCollectionCount":0,"SpanFullGCCollectionCount":0,"YoungGCCollectionCount":1,"FullGCCollectionCount":0,"SpanYoungGCCollectionTime":0,"YoungGCCollectionTime":18,"SpanFullGCCollectionTime":0},"memoryMap":{"HeapMemoryMax":3817865216,"SurvivorUsed":7829944,"OldGenCommitted":179306496,"PermGenUsed":0,"NonHeapMemoryUsed":20431784,"OldGenMax":2863661056,"SurvivorInit":11010048,"PermGenCommitted":0,"PermGenMax":0,"OldGenUsed":8192,"EdenSpaceUsed":6688136,"NonHeapMemoryCommitted":21168128,"HeapMemoryInit":268435456,"HeapMemoryCommitted":257425408,"SurvivorMax":11010048,"EdenSpaceCommitted":67108864,"OldGenInit":179306496,"EdenSpaceMax":1409286144,"SurvivorCommitted":11010048,"NonHeapMemoryMax":-1,"NonHeapMemoryInit":2555904,"HeapMemoryUsed":14526272,"EdenSpaceInit":67108864,"PermGenInit":0},"threadMap":{"ThreadCount":25,"TotalStartedThreadCount":28,"DeadLockedThreadCount":0,"ProcessCpuTimeRate":12.10,"DaemonThreadCount":22}},"timestamp":1778724180000,"totalRunningTime":0},{"exeExceptionNum":0,"exeFailedNum":0,"exeLaterNum":0,"exeSuccessNum":0,"jvmMData":{"gcMap":{"FullGCCollectionTime":0,"SpanYoungGCCollectionCount":0,"SpanFullGCCollectionCount":0,"YoungGCCollectionCount":1,"FullGCCollectionCount":0,"SpanYoungGCCollectionTime":0,"YoungGCCollectionTime":18,"SpanFullGCCollectionTime":0},"memoryMap":{"HeapMemoryMax":3817865216,"SurvivorUsed":7829944,"OldGenCommitted":179306496,"PermGenUsed":0,"NonHeapMemoryUsed":21548768,"OldGenMax":2863661056,"SurvivorInit":11010048,"PermGenCommitted":0,"PermGenMax":0,"OldGenUsed":8192,"EdenSpaceUsed":14087256,"NonHeapMemoryCommitted":22413312,"HeapMemoryInit":268435456,"HeapMemoryCommitted":257425408,"SurvivorMax":11010048,"EdenSpaceCommitted":67108864,"OldGenInit":179306496,"EdenSpaceMax":1409286144,"SurvivorCommitted":11010048,"NonHeapMemoryMax":-1,"NonHeapMemoryInit":2555904,"HeapMemoryUsed":21925392,"EdenSpaceInit":67108864,"PermGenInit":0},"threadMap":{"ThreadCount":24,"TotalStartedThreadCount":28,"DeadLockedThreadCount":0,"ProcessCpuTimeRate":3.338,"DaemonThreadCount":21}},"timestamp":1778724240000,"totalRunningTime":0},{"exeExceptionNum":0,"exeFailedNum":0,"exeLaterNum":0,"exeSuccessNum":0,"jvmMData":{"gcMap":{"FullGCCollectionTime":0,"SpanYoungGCCollectionCount":0,"SpanFullGCCollectionCount":0,"YoungGCCollectionCount":1,"FullGCCollectionCount":0,"SpanYoungGCCollectionTime":0,"YoungGCCollectionTime":18,"SpanFullGCCollectionTime":0},"memoryMap":{"HeapMemoryMax":3817865216,"SurvivorUsed":7829944,"OldGenCommitted":179306496,"PermGenUsed":0,"NonHeapMemoryUsed":21989680,"OldGenMax":2863661056,"SurvivorInit":11010048,"PermGenCommitted":0,"PermGenMax":0,"OldGenUsed":8192,"EdenSpaceUsed":16791488,"NonHeapMemoryCommitted":22806528,"HeapMemoryInit":268435456,"HeapMemoryCommitted":257425408,"SurvivorMax":11010048,"EdenSpaceCommitted":67108864,"OldGenInit":179306496,"EdenSpaceMax":1409286144,"SurvivorCommitted":11010048,"NonHeapMemoryMax":-1,"NonHeapMemoryInit":2555904,"HeapMemoryUsed":24629624,"EdenSpaceInit":67108864,"PermGenInit":0},"threadMap":{"ThreadCount":24,"TotalStartedThreadCount":28,"DeadLockedThreadCount":0,"ProcessCpuTimeRate":2.289,"DaemonThreadCount":21}},"timestamp":1778724300000,"totalRunningTime":0},{"exeExceptionNum":0,"exeFailedNum":0,"exeLaterNum":0,"exeSuccessNum":0,"jvmMData":{"gcMap":{"FullGCCollectionTime":0,"SpanYoungGCCollectionCount":0,"SpanFullGCCollectionCount":0,"YoungGCCollectionCount":1,"FullGCCollectionCount":0,"SpanYoungGCCollectionTime":0,"YoungGCCollectionTime":18,"SpanFullGCCollectionTime":0},"memoryMap":{"HeapMemoryMax":3817865216,"SurvivorUsed":7829944,"OldGenCommitted":179306496,"PermGenUsed":0,"NonHeapMemoryUsed":21988632,"OldGenMax":2863661056,"SurvivorInit":11010048,"PermGenCommitted":0,"PermGenMax":0,"OldGenUsed":8192,"EdenSpaceUsed":18808208,"NonHeapMemoryCommitted":23003136,"HeapMemoryInit":268435456,"HeapMemoryCommitted":257425408,"SurvivorMax":11010048,"EdenSpaceCommitted":67108864,"OldGenInit":179306496,"EdenSpaceMax":1409286144,"SurvivorCommitted":11010048,"NonHeapMemoryMax":-1,"NonHeapMemoryInit":2555904,"HeapMemoryUsed":26646344,"EdenSpaceInit":67108864,"PermGenInit":0},"threadMap":{"ThreadCount":24,"TotalStartedThreadCount":28,"DeadLockedThreadCount":0,"ProcessCpuTimeRate":2.171,"DaemonThreadCount":21}},"timestamp":1778724360000,"totalRunningTime":0},{"exeExceptionNum":0,"exeFailedNum":0,"exeLaterNum":0,"exeSuccessNum":0,"jvmMData":{"gcMap":{"FullGCCollectionTime":0,"SpanYoungGCCollectionCount":0,"SpanFullGCCollectionCount":0,"YoungGCCollectionCount":1,"FullGCCollectionCount":0,"SpanYoungGCCollectionTime":0,"YoungGCCollectionTime":18,"SpanFullGCCollectionTime":0},"memoryMap":{"HeapMemoryMax":3817865216,"SurvivorUsed":7829944,"OldGenCommitted":179306496,"PermGenUsed":0,"NonHeapMemoryUsed":22197712,"OldGenMax":2863661056,"SurvivorInit":11010048,"PermGenCommitted":0,"PermGenMax":0,"OldGenUsed":8192,"EdenSpaceUsed":23538952,"NonHeapMemoryCommitted":23003136,"HeapMemoryInit":268435456,"HeapMemoryCommitted":257425408,"SurvivorMax":11010048,"EdenSpaceCommitted":67108864,"OldGenInit":179306496,"EdenSpaceMax":1409286144,"SurvivorCommitted":11010048,"NonHeapMemoryMax":-1,"NonHeapMemoryInit":2555904,"HeapMemoryUsed":31377088,"EdenSpaceInit":67108864,"PermGenInit":0},"threadMap":{"ThreadCount":24,"TotalStartedThreadCount":28,"DeadLockedThreadCount":0,"ProcessCpuTimeRate":2.075,"DaemonThreadCount":21}},"timestamp":1778724420000,"totalRunningTime":0},{"exeExceptionNum":0,"exeFailedNum":0,"exeLaterNum":0,"exeSuccessNum":0,"jvmMData":{"gcMap":{"FullGCCollectionTime":0,"SpanYoungGCCollectionCount":0,"SpanFullGCCollectionCount":0,"YoungGCCollectionCount":1,"FullGCCollectionCount":0,"SpanYoungGCCollectionTime":0,"YoungGCCollectionTime":18,"SpanFullGCCollectionTime":0},"memoryMap":{"HeapMemoryMax":3817865216,"SurvivorUsed":7829944,"OldGenCommitted":179306496,"PermGenUsed":0,"NonHeapMemoryUsed":22475176,"OldGenMax":2863661056,"SurvivorInit":11010048,"PermGenCommitted":0,"PermGenMax":0,"OldGenUsed":8192,"EdenSpaceUsed":25552312,"NonHeapMemoryCommitted":23396352,"HeapMemoryInit":268435456,"HeapMemoryCommitted":257425408,"SurvivorMax":11010048,"EdenSpaceCommitted":67108864,"OldGenInit":179306496,"EdenSpaceMax":1409286144,"SurvivorCommitted":11010048,"NonHeapMemoryMax":-1,"NonHeapMemoryInit":2555904,"HeapMemoryUsed":33390448,"EdenSpaceInit":67108864,"PermGenInit":0},"threadMap":{"ThreadCount":24,"TotalStartedThreadCount":28,"DeadLockedThreadCount":0,"ProcessCpuTimeRate":2.404,"DaemonThreadCount":21}},"timestamp":1778724480000,"totalRunningTime":0},{"exeExceptionNum":0,"exeFailedNum":0,"exeLaterNum":0,"exeSuccessNum":0,"jvmMData":{"gcMap":{"FullGCCollectionTime":0,"SpanYoungGCCollectionCount":0,"SpanFullGCCollectionCount":0,"YoungGCCollectionCount":1,"FullGCCollectionCount":0,"SpanYoungGCCollectionTime":0,"YoungGCCollectionTime":18,"SpanFullGCCollectionTime":0},"memoryMap":{"HeapMemoryMax":3817865216,"SurvivorUsed":7829944,"OldGenCommitted":179306496,"PermGenUsed":0,"NonHeapMemoryUsed":22553792,"OldGenMax":2863661056,"SurvivorInit":11010048,"PermGenCommitted":0,"PermGenMax":0,"OldGenUsed":8192,"EdenSpaceUsed":28276760,"NonHeapMemoryCommitted":23461888,"HeapMemoryInit":268435456,"HeapMemoryCommitted":257425408,"SurvivorMax":11010048,"EdenSpaceCommitted":67108864,"OldGenInit":179306496,"EdenSpaceMax":1409286144,"SurvivorCommitted":11010048,"NonHeapMemoryMax":-1,"NonHeapMemoryInit":2555904,"HeapMemoryUsed":36114896,"EdenSpaceInit":67108864,"PermGenInit":0},"threadMap":{"ThreadCount":24,"TotalStartedThreadCount":28,"DeadLockedThreadCount":0,"ProcessCpuTimeRate":2.029,"DaemonThreadCount":21}},"timestamp":1778724540000,"totalRunningTime":0},{"exeExceptionNum":0,"exeFailedNum":0,"exeLaterNum":0,"exeSuccessNum":0,"jvmMData":{"gcMap":{"FullGCCollectionTime":0,"SpanYoungGCCollectionCount":0,"SpanFullGCCollectionCount":0,"YoungGCCollectionCount":1,"FullGCCollectionCount":0,"SpanYoungGCCollectionTime":0,"YoungGCCollectionTime":18,"SpanFullGCCollectionTime":0},"memoryMap":{"HeapMemoryMax":3817865216,"SurvivorUsed":7829944,"OldGenCommitted":179306496,"PermGenUsed":0,"NonHeapMemoryUsed":22749224,"OldGenMax":2863661056,"SurvivorInit":11010048,"PermGenCommitted":0,"PermGenMax":0,"OldGenUsed":8192,"EdenSpaceUsed":30993144,"NonHeapMemoryCommitted":23592960,"HeapMemoryInit":268435456,"HeapMemoryCommitted":257425408,"SurvivorMax":11010048,"EdenSpaceCommitted":67108864,"OldGenInit":179306496,"EdenSpaceMax":1409286144,"SurvivorCommitted":11010048,"NonHeapMemoryMax":-1,"NonHeapMemoryInit":2555904,"HeapMemoryUsed":38831280,"EdenSpaceInit":67108864,"PermGenInit":0},"threadMap":{"ThreadCount":24,"TotalStartedThreadCount":28,"DeadLockedThreadCount":0,"ProcessCpuTimeRate":1.943,"DaemonThreadCount":21}},"timestamp":1778724600000,"totalRunningTime":0},{"exeExceptionNum":0,"exeFailedNum":0,"exeLaterNum":0,"exeSuccessNum":0,"jvmMData":{"gcMap":{"FullGCCollectionTime":0,"SpanYoungGCCollectionCount":0,"SpanFullGCCollectionCount":0,"YoungGCCollectionCount":1,"FullGCCollectionCount":0,"SpanYoungGCCollectionTime":0,"YoungGCCollectionTime":18,"SpanFullGCCollectionTime":0},"memoryMap":{"HeapMemoryMax":3817865216,"SurvivorUsed":7829944,"OldGenCommitted":179306496,"PermGenUsed":0,"NonHeapMemoryUsed":22875216,"OldGenMax":2863661056,"SurvivorInit":11010048,"PermGenCommitted":0,"PermGenMax":0,"OldGenUsed":8192,"EdenSpaceUsed":34362312,"NonHeapMemoryCommitted":23724032,"HeapMemoryInit":268435456,"HeapMemoryCommitted":257425408,"SurvivorMax":11010048,"EdenSpaceCommitted":67108864,"OldGenInit":179306496,"EdenSpaceMax":1409286144,"SurvivorCommitted":11010048,"NonHeapMemoryMax":-1,"NonHeapMemoryInit":2555904,"HeapMemoryUsed":42200448,"EdenSpaceInit":67108864,"PermGenInit":0},"threadMap":{"ThreadCount":24,"TotalStartedThreadCount":28,"DeadLockedThreadCount":0,"ProcessCpuTimeRate":1.731,"DaemonThreadCount":21}},"timestamp":1778724660000,"totalRunningTime":0},{"exeExceptionNum":0,"exeFailedNum":0,"exeLaterNum":0,"exeSuccessNum":0,"jvmMData":{"gcMap":{"FullGCCollectionTime":0,"SpanYoungGCCollectionCount":0,"SpanFullGCCollectionCount":0,"YoungGCCollectionCount":1,"FullGCCollectionCount":0,"SpanYoungGCCollectionTime":0,"YoungGCCollectionTime":18,"SpanFullGCCollectionTime":0},"memoryMap":{"HeapMemoryMax":3817865216,"SurvivorUsed":7829944,"OldGenCommitted":179306496,"PermGenUsed":0,"NonHeapMemoryUsed":23121600,"OldGenMax":2863661056,"SurvivorInit":11010048,"PermGenCommitted":0,"PermGenMax":0,"OldGenUsed":8192,"EdenSpaceUsed":36375672,"NonHeapMemoryCommitted":24051712,"HeapMemoryInit":268435456,"HeapMemoryCommitted":257425408,"SurvivorMax":11010048,"EdenSpaceCommitted":67108864,"OldGenInit":179306496,"EdenSpaceMax":1409286144,"SurvivorCommitted":11010048,"NonHeapMemoryMax":-1,"NonHeapMemoryInit":2555904,"HeapMemoryUsed":44213808,"EdenSpaceInit":67108864,"PermGenInit":0},"threadMap":{"ThreadCount":24,"TotalStartedThreadCount":28,"DeadLockedThreadCount":0,"ProcessCpuTimeRate":2.058,"DaemonThreadCount":21}},"timestamp":1778724720000,"totalRunningTime":0}], lts version: 1.7.3-SNAPSHOT, current host: 192.168.64.1
[lts] 2026-05-14 10:26:00,833 DEBUG [pool-1-thread-5] com.github.ltsopensource.core.logger.slf4j.Slf4jLogger.debug(32) | 
    INSERT 
    INTO
        `
        lts_admin_job_tracker_monitor_data`(
            `gmt_created`, `identity`, `timestamp`, `receive_job_num`, `push_job_num`, `exe_success_num`, `exe_failed_num`, `exe_later_num`, `exe_exception_num`, `fix_executing_job_num`
        ) 
    VALUES
        (?,?,?,?,?,?,?,?,?,?), lts version: 1.7.3-SNAPSHOT, current host: 192.168.64.1
[lts] 2026-05-14 10:26:00,835 DEBUG [pool-1-thread-6] com.github.ltsopensource.core.logger.slf4j.Slf4jLogger.debug(32) | 
    INSERT 
    INTO
        `
        lts_admin_task_tracker_monitor_data`(
            `gmt_created`, `node_group`, `identity`, `timestamp`, `exe_success_num`, `exe_failed_num`, `exe_later_num`, `exe_exception_num`, `total_running_time`
        ) 
    VALUES
        (?,?,?,?,?,?,?,?,?), lts version: 1.7.3-SNAPSHOT, current host: 192.168.64.1
[lts] 2026-05-14 10:26:00,873 DEBUG [pool-1-thread-6] com.github.ltsopensource.core.logger.slf4j.Slf4jLogger.debug(32) | 
    INSERT 
    INTO
        `
        lts_admin_jvm_gc`(
            `gmt_created`, `identity`, `timestamp`, `node_type`, `node_group`, `young_gc_collection_count`, `young_gc_collection_time`, `full_gc_collection_count`, `full_gc_collection_time`, `span_young_gc_collection_count`, `span_young_gc_collection_time`, `span_full_gc_collection_count`, `span_full_gc_collection_time`
        ) 
    VALUES
        (?,?,?,?,?,?,?,?,?,?,?,?,?), lts version: 1.7.3-SNAPSHOT, current host: 192.168.64.1
[lts] 2026-05-14 10:26:00,873 DEBUG [pool-1-thread-5] com.github.ltsopensource.core.logger.slf4j.Slf4jLogger.debug(32) | 
    INSERT 
    INTO
        `
        lts_admin_jvm_gc`(
            `gmt_created`, `identity`, `timestamp`, `node_type`, `node_group`, `young_gc_collection_count`, `young_gc_collection_time`, `full_gc_collection_count`, `full_gc_collection_time`, `span_young_gc_collection_count`, `span_young_gc_collection_time`, `span_full_gc_collection_count`, `span_full_gc_collection_time`
        ) 
    VALUES
        (?,?,?,?,?,?,?,?,?,?,?,?,?), lts version: 1.7.3-SNAPSHOT, current host: 192.168.64.1
[lts] 2026-05-14 10:26:00,892 DEBUG [pool-1-thread-6] com.github.ltsopensource.core.logger.slf4j.Slf4jLogger.debug(32) | 
    INSERT 
    INTO
        `
        lts_admin_jvm_memory`(
            `gmt_created`, `identity`, `timestamp`, `node_type`, `node_group`, `heap_memory_committed`, `heap_memory_init`, `heap_memory_max`, `heap_memory_used`, `non_heap_memory_committed`, `non_heap_memory_init`, `non_heap_memory_max`, `non_heap_memory_used`, `perm_gen_committed`, `perm_gen_init`, `perm_gen_max`, `perm_gen_used`, `old_gen_committed`, `old_gen_init`, `old_gen_max`, `old_gen_used`, `eden_space_committed`, `eden_space_init`, `eden_space_max`, `eden_space_used`, `survivor_committed`, `survivor_init`, `survivor_max`, `survivor_used`
        ) 
    VALUES
        (?,?,?,?,?,?,?,?,?,?,?,?,?,?,?,?,?,?,?,?,?,?,?,?,?,?,?,?,?), lts version: 1.7.3-SNAPSHOT, current host: 192.168.64.1
[lts] 2026-05-14 10:26:00,892 DEBUG [pool-1-thread-5] com.github.ltsopensource.core.logger.slf4j.Slf4jLogger.debug(32) | 
    INSERT 
    INTO
        `
        lts_admin_jvm_memory`(
            `gmt_created`, `identity`, `timestamp`, `node_type`, `node_group`, `heap_memory_committed`, `heap_memory_init`, `heap_memory_max`, `heap_memory_used`, `non_heap_memory_committed`, `non_heap_memory_init`, `non_heap_memory_max`, `non_heap_memory_used`, `perm_gen_committed`, `perm_gen_init`, `perm_gen_max`, `perm_gen_used`, `old_gen_committed`, `old_gen_init`, `old_gen_max`, `old_gen_used`, `eden_space_committed`, `eden_space_init`, `eden_space_max`, `eden_space_used`, `survivor_committed`, `survivor_init`, `survivor_max`, `survivor_used`
        ) 
    VALUES
        (?,?,?,?,?,?,?,?,?,?,?,?,?,?,?,?,?,?,?,?,?,?,?,?,?,?,?,?,?), lts version: 1.7.3-SNAPSHOT, current host: 192.168.64.1
[lts] 2026-05-14 10:26:00,920 DEBUG [pool-1-thread-5] com.github.ltsopensource.core.logger.slf4j.Slf4jLogger.debug(32) | 
    INSERT 
    INTO
        `
        lts_admin_jvm_thread`(
            `gmt_created`, `identity`, `timestamp`, `node_type`, `node_group`, `daemon_thread_count`, `thread_count`, `total_started_thread_count`, `dead_locked_thread_count`, `process_cpu_time_rate`
        ) 
    VALUES
        (?,?,?,?,?,?,?,?,?,?), lts version: 1.7.3-SNAPSHOT, current host: 192.168.64.1
[lts] 2026-05-14 10:26:00,920 DEBUG [pool-1-thread-6] com.github.ltsopensource.core.logger.slf4j.Slf4jLogger.debug(32) | 
    INSERT 
    INTO
        `
        lts_admin_jvm_thread`(
            `gmt_created`, `identity`, `timestamp`, `node_type`, `node_group`, `daemon_thread_count`, `thread_count`, `total_started_thread_count`, `dead_locked_thread_count`, `process_cpu_time_rate`
        ) 
    VALUES
        (?,?,?,?,?,?,?,?,?,?), lts version: 1.7.3-SNAPSHOT, current host: 192.168.64.1
[lts] 2026-05-14 10:26:00,945 DEBUG [pool-1-thread-6] com.github.ltsopensource.core.logger.slf4j.Slf4jLogger.debug(32) | Add Monitor Data success, mNode={"identity":"TT_192.168.64.1_19784_10-03-55.606_1","nodeGroup":"test_trade_taskTracker","nodeType":"TASK_TRACKER"}, mData=[{"exeExceptionNum":0,"exeFailedNum":0,"exeLaterNum":0,"exeSuccessNum":0,"jvmMData":{"gcMap":{"FullGCCollectionTime":0,"SpanYoungGCCollectionCount":0,"SpanFullGCCollectionCount":0,"YoungGCCollectionCount":1,"FullGCCollectionCount":0,"SpanYoungGCCollectionTime":0,"YoungGCCollectionTime":18,"SpanFullGCCollectionTime":0},"memoryMap":{"HeapMemoryMax":3817865216,"SurvivorUsed":7829944,"OldGenCommitted":179306496,"PermGenUsed":0,"NonHeapMemoryUsed":20431784,"OldGenMax":2863661056,"SurvivorInit":11010048,"PermGenCommitted":0,"PermGenMax":0,"OldGenUsed":8192,"EdenSpaceUsed":6688136,"NonHeapMemoryCommitted":21168128,"HeapMemoryInit":268435456,"HeapMemoryCommitted":257425408,"SurvivorMax":11010048,"EdenSpaceCommitted":67108864,"OldGenInit":179306496,"EdenSpaceMax":1409286144,"SurvivorCommitted":11010048,"NonHeapMemoryMax":-1,"NonHeapMemoryInit":2555904,"HeapMemoryUsed":14526272,"EdenSpaceInit":67108864,"PermGenInit":0},"threadMap":{"ThreadCount":25,"TotalStartedThreadCount":28,"DeadLockedThreadCount":0,"ProcessCpuTimeRate":12.10,"DaemonThreadCount":22}},"timestamp":1778724180000,"totalRunningTime":0},{"exeExceptionNum":0,"exeFailedNum":0,"exeLaterNum":0,"exeSuccessNum":0,"jvmMData":{"gcMap":{"FullGCCollectionTime":0,"SpanYoungGCCollectionCount":0,"SpanFullGCCollectionCount":0,"YoungGCCollectionCount":1,"FullGCCollectionCount":0,"SpanYoungGCCollectionTime":0,"YoungGCCollectionTime":18,"SpanFullGCCollectionTime":0},"memoryMap":{"HeapMemoryMax":3817865216,"SurvivorUsed":7829944,"OldGenCommitted":179306496,"PermGenUsed":0,"NonHeapMemoryUsed":21548768,"OldGenMax":2863661056,"SurvivorInit":11010048,"PermGenCommitted":0,"PermGenMax":0,"OldGenUsed":8192,"EdenSpaceUsed":14087256,"NonHeapMemoryCommitted":22413312,"HeapMemoryInit":268435456,"HeapMemoryCommitted":257425408,"SurvivorMax":11010048,"EdenSpaceCommitted":67108864,"OldGenInit":179306496,"EdenSpaceMax":1409286144,"SurvivorCommitted":11010048,"NonHeapMemoryMax":-1,"NonHeapMemoryInit":2555904,"HeapMemoryUsed":21925392,"EdenSpaceInit":67108864,"PermGenInit":0},"threadMap":{"ThreadCount":24,"TotalStartedThreadCount":28,"DeadLockedThreadCount":0,"ProcessCpuTimeRate":3.338,"DaemonThreadCount":21}},"timestamp":1778724240000,"totalRunningTime":0},{"exeExceptionNum":0,"exeFailedNum":0,"exeLaterNum":0,"exeSuccessNum":0,"jvmMData":{"gcMap":{"FullGCCollectionTime":0,"SpanYoungGCCollectionCount":0,"SpanFullGCCollectionCount":0,"YoungGCCollectionCount":1,"FullGCCollectionCount":0,"SpanYoungGCCollectionTime":0,"YoungGCCollectionTime":18,"SpanFullGCCollectionTime":0},"memoryMap":{"HeapMemoryMax":3817865216,"SurvivorUsed":7829944,"OldGenCommitted":179306496,"PermGenUsed":0,"NonHeapMemoryUsed":21989680,"OldGenMax":2863661056,"SurvivorInit":11010048,"PermGenCommitted":0,"PermGenMax":0,"OldGenUsed":8192,"EdenSpaceUsed":16791488,"NonHeapMemoryCommitted":22806528,"HeapMemoryInit":268435456,"HeapMemoryCommitted":257425408,"SurvivorMax":11010048,"EdenSpaceCommitted":67108864,"OldGenInit":179306496,"EdenSpaceMax":1409286144,"SurvivorCommitted":11010048,"NonHeapMemoryMax":-1,"NonHeapMemoryInit":2555904,"HeapMemoryUsed":24629624,"EdenSpaceInit":67108864,"PermGenInit":0},"threadMap":{"ThreadCount":24,"TotalStartedThreadCount":28,"DeadLockedThreadCount":0,"ProcessCpuTimeRate":2.289,"DaemonThreadCount":21}},"timestamp":1778724300000,"totalRunningTime":0},{"exeExceptionNum":0,"exeFailedNum":0,"exeLaterNum":0,"exeSuccessNum":0,"jvmMData":{"gcMap":{"FullGCCollectionTime":0,"SpanYoungGCCollectionCount":0,"SpanFullGCCollectionCount":0,"YoungGCCollectionCount":1,"FullGCCollectionCount":0,"SpanYoungGCCollectionTime":0,"YoungGCCollectionTime":18,"SpanFullGCCollectionTime":0},"memoryMap":{"HeapMemoryMax":3817865216,"SurvivorUsed":7829944,"OldGenCommitted":179306496,"PermGenUsed":0,"NonHeapMemoryUsed":21988632,"OldGenMax":2863661056,"SurvivorInit":11010048,"PermGenCommitted":0,"PermGenMax":0,"OldGenUsed":8192,"EdenSpaceUsed":18808208,"NonHeapMemoryCommitted":23003136,"HeapMemoryInit":268435456,"HeapMemoryCommitted":257425408,"SurvivorMax":11010048,"EdenSpaceCommitted":67108864,"OldGenInit":179306496,"EdenSpaceMax":1409286144,"SurvivorCommitted":11010048,"NonHeapMemoryMax":-1,"NonHeapMemoryInit":2555904,"HeapMemoryUsed":26646344,"EdenSpaceInit":67108864,"PermGenInit":0},"threadMap":{"ThreadCount":24,"TotalStartedThreadCount":28,"DeadLockedThreadCount":0,"ProcessCpuTimeRate":2.171,"DaemonThreadCount":21}},"timestamp":1778724360000,"totalRunningTime":0},{"exeExceptionNum":0,"exeFailedNum":0,"exeLaterNum":0,"exeSuccessNum":0,"jvmMData":{"gcMap":{"FullGCCollectionTime":0,"SpanYoungGCCollectionCount":0,"SpanFullGCCollectionCount":0,"YoungGCCollectionCount":1,"FullGCCollectionCount":0,"SpanYoungGCCollectionTime":0,"YoungGCCollectionTime":18,"SpanFullGCCollectionTime":0},"memoryMap":{"HeapMemoryMax":3817865216,"SurvivorUsed":7829944,"OldGenCommitted":179306496,"PermGenUsed":0,"NonHeapMemoryUsed":22197712,"OldGenMax":2863661056,"SurvivorInit":11010048,"PermGenCommitted":0,"PermGenMax":0,"OldGenUsed":8192,"EdenSpaceUsed":23538952,"NonHeapMemoryCommitted":23003136,"HeapMemoryInit":268435456,"HeapMemoryCommitted":257425408,"SurvivorMax":11010048,"EdenSpaceCommitted":67108864,"OldGenInit":179306496,"EdenSpaceMax":1409286144,"SurvivorCommitted":11010048,"NonHeapMemoryMax":-1,"NonHeapMemoryInit":2555904,"HeapMemoryUsed":31377088,"EdenSpaceInit":67108864,"PermGenInit":0},"threadMap":{"ThreadCount":24,"TotalStartedThreadCount":28,"DeadLockedThreadCount":0,"ProcessCpuTimeRate":2.075,"DaemonThreadCount":21}},"timestamp":1778724420000,"totalRunningTime":0},{"exeExceptionNum":0,"exeFailedNum":0,"exeLaterNum":0,"exeSuccessNum":0,"jvmMData":{"gcMap":{"FullGCCollectionTime":0,"SpanYoungGCCollectionCount":0,"SpanFullGCCollectionCount":0,"YoungGCCollectionCount":1,"FullGCCollectionCount":0,"SpanYoungGCCollectionTime":0,"YoungGCCollectionTime":18,"SpanFullGCCollectionTime":0},"memoryMap":{"HeapMemoryMax":3817865216,"SurvivorUsed":7829944,"OldGenCommitted":179306496,"PermGenUsed":0,"NonHeapMemoryUsed":22475176,"OldGenMax":2863661056,"SurvivorInit":11010048,"PermGenCommitted":0,"PermGenMax":0,"OldGenUsed":8192,"EdenSpaceUsed":25552312,"NonHeapMemoryCommitted":23396352,"HeapMemoryInit":268435456,"HeapMemoryCommitted":257425408,"SurvivorMax":11010048,"EdenSpaceCommitted":67108864,"OldGenInit":179306496,"EdenSpaceMax":1409286144,"SurvivorCommitted":11010048,"NonHeapMemoryMax":-1,"NonHeapMemoryInit":2555904,"HeapMemoryUsed":33390448,"EdenSpaceInit":67108864,"PermGenInit":0},"threadMap":{"ThreadCount":24,"TotalStartedThreadCount":28,"DeadLockedThreadCount":0,"ProcessCpuTimeRate":2.404,"DaemonThreadCount":21}},"timestamp":1778724480000,"totalRunningTime":0},{"exeExceptionNum":0,"exeFailedNum":0,"exeLaterNum":0,"exeSuccessNum":0,"jvmMData":{"gcMap":{"FullGCCollectionTime":0,"SpanYoungGCCollectionCount":0,"SpanFullGCCollectionCount":0,"YoungGCCollectionCount":1,"FullGCCollectionCount":0,"SpanYoungGCCollectionTime":0,"YoungGCCollectionTime":18,"SpanFullGCCollectionTime":0},"memoryMap":{"HeapMemoryMax":3817865216,"SurvivorUsed":7829944,"OldGenCommitted":179306496,"PermGenUsed":0,"NonHeapMemoryUsed":22553792,"OldGenMax":2863661056,"SurvivorInit":11010048,"PermGenCommitted":0,"PermGenMax":0,"OldGenUsed":8192,"EdenSpaceUsed":28276760,"NonHeapMemoryCommitted":23461888,"HeapMemoryInit":268435456,"HeapMemoryCommitted":257425408,"SurvivorMax":11010048,"EdenSpaceCommitted":67108864,"OldGenInit":179306496,"EdenSpaceMax":1409286144,"SurvivorCommitted":11010048,"NonHeapMemoryMax":-1,"NonHeapMemoryInit":2555904,"HeapMemoryUsed":36114896,"EdenSpaceInit":67108864,"PermGenInit":0},"threadMap":{"ThreadCount":24,"TotalStartedThreadCount":28,"DeadLockedThreadCount":0,"ProcessCpuTimeRate":2.029,"DaemonThreadCount":21}},"timestamp":1778724540000,"totalRunningTime":0},{"exeExceptionNum":0,"exeFailedNum":0,"exeLaterNum":0,"exeSuccessNum":0,"jvmMData":{"gcMap":{"FullGCCollectionTime":0,"SpanYoungGCCollectionCount":0,"SpanFullGCCollectionCount":0,"YoungGCCollectionCount":1,"FullGCCollectionCount":0,"SpanYoungGCCollectionTime":0,"YoungGCCollectionTime":18,"SpanFullGCCollectionTime":0},"memoryMap":{"HeapMemoryMax":3817865216,"SurvivorUsed":7829944,"OldGenCommitted":179306496,"PermGenUsed":0,"NonHeapMemoryUsed":22749224,"OldGenMax":2863661056,"SurvivorInit":11010048,"PermGenCommitted":0,"PermGenMax":0,"OldGenUsed":8192,"EdenSpaceUsed":30993144,"NonHeapMemoryCommitted":23592960,"HeapMemoryInit":268435456,"HeapMemoryCommitted":257425408,"SurvivorMax":11010048,"EdenSpaceCommitted":67108864,"OldGenInit":179306496,"EdenSpaceMax":1409286144,"SurvivorCommitted":11010048,"NonHeapMemoryMax":-1,"NonHeapMemoryInit":2555904,"HeapMemoryUsed":38831280,"EdenSpaceInit":67108864,"PermGenInit":0},"threadMap":{"ThreadCount":24,"TotalStartedThreadCount":28,"DeadLockedThreadCount":0,"ProcessCpuTimeRate":1.943,"DaemonThreadCount":21}},"timestamp":1778724600000,"totalRunningTime":0},{"exeExceptionNum":0,"exeFailedNum":0,"exeLaterNum":0,"exeSuccessNum":0,"jvmMData":{"gcMap":{"FullGCCollectionTime":0,"SpanYoungGCCollectionCount":0,"SpanFullGCCollectionCount":0,"YoungGCCollectionCount":1,"FullGCCollectionCount":0,"SpanYoungGCCollectionTime":0,"YoungGCCollectionTime":18,"SpanFullGCCollectionTime":0},"memoryMap":{"HeapMemoryMax":3817865216,"SurvivorUsed":7829944,"OldGenCommitted":179306496,"PermGenUsed":0,"NonHeapMemoryUsed":22875216,"OldGenMax":2863661056,"SurvivorInit":11010048,"PermGenCommitted":0,"PermGenMax":0,"OldGenUsed":8192,"EdenSpaceUsed":34362312,"NonHeapMemoryCommitted":23724032,"HeapMemoryInit":268435456,"HeapMemoryCommitted":257425408,"SurvivorMax":11010048,"EdenSpaceCommitted":67108864,"OldGenInit":179306496,"EdenSpaceMax":1409286144,"SurvivorCommitted":11010048,"NonHeapMemoryMax":-1,"NonHeapMemoryInit":2555904,"HeapMemoryUsed":42200448,"EdenSpaceInit":67108864,"PermGenInit":0},"threadMap":{"ThreadCount":24,"TotalStartedThreadCount":28,"DeadLockedThreadCount":0,"ProcessCpuTimeRate":1.731,"DaemonThreadCount":21}},"timestamp":1778724660000,"totalRunningTime":0},{"exeExceptionNum":0,"exeFailedNum":0,"exeLaterNum":0,"exeSuccessNum":0,"jvmMData":{"gcMap":{"FullGCCollectionTime":0,"SpanYoungGCCollectionCount":0,"SpanFullGCCollectionCount":0,"YoungGCCollectionCount":1,"FullGCCollectionCount":0,"SpanYoungGCCollectionTime":0,"YoungGCCollectionTime":18,"SpanFullGCCollectionTime":0},"memoryMap":{"HeapMemoryMax":3817865216,"SurvivorUsed":7829944,"OldGenCommitted":179306496,"PermGenUsed":0,"NonHeapMemoryUsed":23121600,"OldGenMax":2863661056,"SurvivorInit":11010048,"PermGenCommitted":0,"PermGenMax":0,"OldGenUsed":8192,"EdenSpaceUsed":36375672,"NonHeapMemoryCommitted":24051712,"HeapMemoryInit":268435456,"HeapMemoryCommitted":257425408,"SurvivorMax":11010048,"EdenSpaceCommitted":67108864,"OldGenInit":179306496,"EdenSpaceMax":1409286144,"SurvivorCommitted":11010048,"NonHeapMemoryMax":-1,"NonHeapMemoryInit":2555904,"HeapMemoryUsed":44213808,"EdenSpaceInit":67108864,"PermGenInit":0},"threadMap":{"ThreadCount":24,"TotalStartedThreadCount":28,"DeadLockedThreadCount":0,"ProcessCpuTimeRate":2.058,"DaemonThreadCount":21}},"timestamp":1778724720000,"totalRunningTime":0}], lts version: 1.7.3-SNAPSHOT, current host: 192.168.64.1
[lts] 2026-05-14 10:26:00,945 DEBUG [pool-1-thread-5] com.github.ltsopensource.core.logger.slf4j.Slf4jLogger.debug(32) | Add Monitor Data success, mNode={"identity":"JT_192.168.64.1_19709_10-02-49.861_1","nodeGroup":"lts","nodeType":"JOB_TRACKER"}, mData=[{"exeExceptionNum":0,"exeFailedNum":0,"exeLaterNum":0,"exeSuccessNum":0,"fixExecutingJobNum":0,"jvmMData":{"gcMap":{"FullGCCollectionTime":14,"SpanYoungGCCollectionCount":0,"SpanFullGCCollectionCount":0,"YoungGCCollectionCount":2,"FullGCCollectionCount":1,"SpanYoungGCCollectionTime":0,"YoungGCCollectionTime":39,"SpanFullGCCollectionTime":0},"memoryMap":{"HeapMemoryMax":3817865216,"SurvivorUsed":0,"OldGenCommitted":86507520,"PermGenUsed":0,"NonHeapMemoryUsed":30571448,"OldGenMax":2863661056,"SurvivorInit":11010048,"PermGenCommitted":0,"PermGenMax":0,"OldGenUsed":7197256,"EdenSpaceUsed":27307064,"NonHeapMemoryCommitted":31637504,"HeapMemoryInit":268435456,"HeapMemoryCommitted":231735296,"SurvivorMax":11010048,"EdenSpaceCommitted":134217728,"OldGenInit":179306496,"EdenSpaceMax":1409286144,"SurvivorCommitted":11010048,"NonHeapMemoryMax":-1,"NonHeapMemoryInit":2555904,"HeapMemoryUsed":34504320,"EdenSpaceInit":67108864,"PermGenInit":0},"threadMap":{"ThreadCount":30,"TotalStartedThreadCount":34,"DeadLockedThreadCount":0,"ProcessCpuTimeRate":5.441,"DaemonThreadCount":27}},"pushJobNum":0,"receiveJobNum":0,"timestamp":1778724120000},{"exeExceptionNum":0,"exeFailedNum":0,"exeLaterNum":0,"exeSuccessNum":0,"fixExecutingJobNum":0,"jvmMData":{"gcMap":{"FullGCCollectionTime":14,"SpanYoungGCCollectionCount":0,"SpanFullGCCollectionCount":0,"YoungGCCollectionCount":2,"FullGCCollectionCount":1,"SpanYoungGCCollectionTime":0,"YoungGCCollectionTime":39,"SpanFullGCCollectionTime":0},"memoryMap":{"HeapMemoryMax":3817865216,"SurvivorUsed":0,"OldGenCommitted":86507520,"PermGenUsed":0,"NonHeapMemoryUsed":31927272,"OldGenMax":2863661056,"SurvivorInit":11010048,"PermGenCommitted":0,"PermGenMax":0,"OldGenUsed":7197256,"EdenSpaceUsed":41404560,"NonHeapMemoryCommitted":32899072,"HeapMemoryInit":268435456,"HeapMemoryCommitted":231735296,"SurvivorMax":11010048,"EdenSpaceCommitted":134217728,"OldGenInit":179306496,"EdenSpaceMax":1409286144,"SurvivorCommitted":11010048,"NonHeapMemoryMax":-1,"NonHeapMemoryInit":2555904,"HeapMemoryUsed":48601816,"EdenSpaceInit":67108864,"PermGenInit":0},"threadMap":{"ThreadCount":41,"TotalStartedThreadCount":49,"DeadLockedThreadCount":0,"ProcessCpuTimeRate":3.235,"DaemonThreadCount":37}},"pushJobNum":0,"receiveJobNum":0,"timestamp":1778724180000},{"exeExceptionNum":0,"exeFailedNum":0,"exeLaterNum":0,"exeSuccessNum":0,"fixExecutingJobNum":0,"jvmMData":{"gcMap":{"FullGCCollectionTime":14,"SpanYoungGCCollectionCount":1,"SpanFullGCCollectionCount":0,"YoungGCCollectionCount":3,"FullGCCollectionCount":1,"SpanYoungGCCollectionTime":14,"YoungGCCollectionTime":53,"SpanFullGCCollectionTime":0},"memoryMap":{"HeapMemoryMax":3817865216,"SurvivorUsed":2341800,"OldGenCommitted":86507520,"PermGenUsed":0,"NonHeapMemoryUsed":33150888,"OldGenMax":2863661056,"SurvivorInit":11010048,"PermGenCommitted":0,"PermGenMax":0,"OldGenUsed":7205448,"EdenSpaceUsed":20897976,"NonHeapMemoryCommitted":34275328,"HeapMemoryInit":268435456,"HeapMemoryCommitted":231735296,"SurvivorMax":11010048,"EdenSpaceCommitted":134217728,"OldGenInit":179306496,"EdenSpaceMax":1409286144,"SurvivorCommitted":11010048,"NonHeapMemoryMax":-1,"NonHeapMemoryInit":2555904,"HeapMemoryUsed":30445224,"EdenSpaceInit":67108864,"PermGenInit":0},"threadMap":{"ThreadCount":196,"TotalStartedThreadCount":262,"DeadLockedThreadCount":0,"ProcessCpuTimeRate":6.438,"DaemonThreadCount":192}},"pushJobNum":0,"receiveJobNum":0,"timestamp":1778724240000},{"exeExceptionNum":0,"exeFailedNum":0,"exeLaterNum":0,"exeSuccessNum":0,"fixExecutingJobNum":0,"jvmMData":{"gcMap":{"FullGCCollectionTime":14,"SpanYoungGCCollectionCount":0,"SpanFullGCCollectionCount":0,"YoungGCCollectionCount":3,"FullGCCollectionCount":1,"SpanYoungGCCollectionTime":0,"YoungGCCollectionTime":53,"SpanFullGCCollectionTime":0},"memoryMap":{"HeapMemoryMax":3817865216,"SurvivorUsed":2341800,"OldGenCommitted":86507520,"PermGenUsed":0,"NonHeapMemoryUsed":34708688,"OldGenMax":2863661056,"SurvivorInit":11010048,"PermGenCommitted":0,"PermGenMax":0,"OldGenUsed":7205448,"EdenSpaceUsed":60142632,"NonHeapMemoryCommitted":35782656,"HeapMemoryInit":268435456,"HeapMemoryCommitted":231735296,"SurvivorMax":11010048,"EdenSpaceCommitted":134217728,"OldGenInit":179306496,"EdenSpaceMax":1409286144,"SurvivorCommitted":11010048,"NonHeapMemoryMax":-1,"NonHeapMemoryInit":2555904,"HeapMemoryUsed":69689880,"EdenSpaceInit":67108864,"PermGenInit":0},"threadMap":{"ThreadCount":215,"TotalStartedThreadCount":340,"DeadLockedThreadCount":0,"ProcessCpuTimeRate":4.987,"DaemonThreadCount":211}},"pushJobNum":0,"receiveJobNum":0,"timestamp":1778724300000},{"exeExceptionNum":0,"exeFailedNum":0,"exeLaterNum":0,"exeSuccessNum":0,"fixExecutingJobNum":0,"jvmMData":{"gcMap":{"FullGCCollectionTime":14,"SpanYoungGCCollectionCount":0,"SpanFullGCCollectionCount":0,"YoungGCCollectionCount":3,"FullGCCollectionCount":1,"SpanYoungGCCollectionTime":0,"YoungGCCollectionTime":53,"SpanFullGCCollectionTime":0},"memoryMap":{"HeapMemoryMax":3817865216,"SurvivorUsed":2341800,"OldGenCommitted":86507520,"PermGenUsed":0,"NonHeapMemoryUsed":35370336,"OldGenMax":2863661056,"SurvivorInit":11010048,"PermGenCommitted":0,"PermGenMax":0,"OldGenUsed":7205448,"EdenSpaceUsed":69433392,"NonHeapMemoryCommitted":36372480,"HeapMemoryInit":268435456,"HeapMemoryCommitted":231735296,"SurvivorMax":11010048,"EdenSpaceCommitted":134217728,"OldGenInit":179306496,"EdenSpaceMax":1409286144,"SurvivorCommitted":11010048,"NonHeapMemoryMax":-1,"NonHeapMemoryInit":2555904,"HeapMemoryUsed":78980640,"EdenSpaceInit":67108864,"PermGenInit":0},"threadMap":{"ThreadCount":215,"TotalStartedThreadCount":400,"DeadLockedThreadCount":0,"ProcessCpuTimeRate":4.004,"DaemonThreadCount":211}},"pushJobNum":0,"receiveJobNum":0,"timestamp":1778724360000},{"exeExceptionNum":0,"exeFailedNum":0,"exeLaterNum":0,"exeSuccessNum":0,"fixExecutingJobNum":0,"jvmMData":{"gcMap":{"FullGCCollectionTime":14,"SpanYoungGCCollectionCount":0,"SpanFullGCCollectionCount":0,"YoungGCCollectionCount":3,"FullGCCollectionCount":1,"SpanYoungGCCollectionTime":0,"YoungGCCollectionTime":53,"SpanFullGCCollectionTime":0},"memoryMap":{"HeapMemoryMax":3817865216,"SurvivorUsed":2341800,"OldGenCommitted":86507520,"PermGenUsed":0,"NonHeapMemoryUsed":36527472,"OldGenMax":2863661056,"SurvivorInit":11010048,"PermGenCommitted":0,"PermGenMax":0,"OldGenUsed":7205448,"EdenSpaceUsed":75563112,"NonHeapMemoryCommitted":37552128,"HeapMemoryInit":268435456,"HeapMemoryCommitted":231735296,"SurvivorMax":11010048,"EdenSpaceCommitted":134217728,"OldGenInit":179306496,"EdenSpaceMax":1409286144,"SurvivorCommitted":11010048,"NonHeapMemoryMax":-1,"NonHeapMemoryInit":2555904,"HeapMemoryUsed":85110360,"EdenSpaceInit":67108864,"PermGenInit":0},"threadMap":{"ThreadCount":215,"TotalStartedThreadCount":460,"DeadLockedThreadCount":0,"ProcessCpuTimeRate":5.054,"DaemonThreadCount":211}},"pushJobNum":0,"receiveJobNum":0,"timestamp":1778724420000},{"exeExceptionNum":0,"exeFailedNum":0,"exeLaterNum":0,"exeSuccessNum":0,"fixExecutingJobNum":0,"jvmMData":{"gcMap":{"FullGCCollectionTime":14,"SpanYoungGCCollectionCount":0,"SpanFullGCCollectionCount":0,"YoungGCCollectionCount":3,"FullGCCollectionCount":1,"SpanYoungGCCollectionTime":0,"YoungGCCollectionTime":53,"SpanFullGCCollectionTime":0},"memoryMap":{"HeapMemoryMax":3817865216,"SurvivorUsed":2341800,"OldGenCommitted":86507520,"PermGenUsed":0,"NonHeapMemoryUsed":37098240,"OldGenMax":2863661056,"SurvivorInit":11010048,"PermGenCommitted":0,"PermGenMax":0,"OldGenUsed":7205448,"EdenSpaceUsed":81165552,"NonHeapMemoryCommitted":38010880,"HeapMemoryInit":268435456,"HeapMemoryCommitted":231735296,"SurvivorMax":11010048,"EdenSpaceCommitted":134217728,"OldGenInit":179306496,"EdenSpaceMax":1409286144,"SurvivorCommitted":11010048,"NonHeapMemoryMax":-1,"NonHeapMemoryInit":2555904,"HeapMemoryUsed":90712800,"EdenSpaceInit":67108864,"PermGenInit":0},"threadMap":{"ThreadCount":215,"TotalStartedThreadCount":518,"DeadLockedThreadCount":0,"ProcessCpuTimeRate":4.220,"DaemonThreadCount":211}},"pushJobNum":0,"receiveJobNum":0,"timestamp":1778724480000},{"exeExceptionNum":0,"exeFailedNum":0,"exeLaterNum":0,"exeSuccessNum":0,"fixExecutingJobNum":0,"jvmMData":{"gcMap":{"FullGCCollectionTime":14,"SpanYoungGCCollectionCount":0,"SpanFullGCCollectionCount":0,"YoungGCCollectionCount":3,"FullGCCollectionCount":1,"SpanYoungGCCollectionTime":0,"YoungGCCollectionTime":53,"SpanFullGCCollectionTime":0},"memoryMap":{"HeapMemoryMax":3817865216,"SurvivorUsed":2341800,"OldGenCommitted":86507520,"PermGenUsed":0,"NonHeapMemoryUsed":37775888,"OldGenMax":2863661056,"SurvivorInit":11010048,"PermGenCommitted":0,"PermGenMax":0,"OldGenUsed":7205448,"EdenSpaceUsed":87675712,"NonHeapMemoryCommitted":38797312,"HeapMemoryInit":268435456,"HeapMemoryCommitted":231735296,"SurvivorMax":11010048,"EdenSpaceCommitted":134217728,"OldGenInit":179306496,"EdenSpaceMax":1409286144,"SurvivorCommitted":11010048,"NonHeapMemoryMax":-1,"NonHeapMemoryInit":2555904,"HeapMemoryUsed":97222960,"EdenSpaceInit":67108864,"PermGenInit":0},"threadMap":{"ThreadCount":215,"TotalStartedThreadCount":578,"DeadLockedThreadCount":0,"ProcessCpuTimeRate":3.795,"DaemonThreadCount":211}},"pushJobNum":0,"receiveJobNum":0,"timestamp":1778724540000},{"exeExceptionNum":0,"exeFailedNum":0,"exeLaterNum":0,"exeSuccessNum":0,"fixExecutingJobNum":0,"jvmMData":{"gcMap":{"FullGCCollectionTime":14,"SpanYoungGCCollectionCount":0,"SpanFullGCCollectionCount":0,"YoungGCCollectionCount":3,"FullGCCollectionCount":1,"SpanYoungGCCollectionTime":0,"YoungGCCollectionTime":53,"SpanFullGCCollectionTime":0},"memoryMap":{"HeapMemoryMax":3817865216,"SurvivorUsed":2341800,"OldGenCommitted":86507520,"PermGenUsed":0,"NonHeapMemoryUsed":38210672,"OldGenMax":2863661056,"SurvivorInit":11010048,"PermGenCommitted":0,"PermGenMax":0,"OldGenUsed":7205448,"EdenSpaceUsed":94224568,"NonHeapMemoryCommitted":39190528,"HeapMemoryInit":268435456,"HeapMemoryCommitted":231735296,"SurvivorMax":11010048,"EdenSpaceCommitted":134217728,"OldGenInit":179306496,"EdenSpaceMax":1409286144,"SurvivorCommitted":11010048,"NonHeapMemoryMax":-1,"NonHeapMemoryInit":2555904,"HeapMemoryUsed":103771816,"EdenSpaceInit":67108864,"PermGenInit":0},"threadMap":{"ThreadCount":215,"TotalStartedThreadCount":638,"DeadLockedThreadCount":0,"ProcessCpuTimeRate":3.745,"DaemonThreadCount":211}},"pushJobNum":0,"receiveJobNum":0,"timestamp":1778724600000},{"exeExceptionNum":0,"exeFailedNum":0,"exeLaterNum":0,"exeSuccessNum":0,"fixExecutingJobNum":0,"jvmMData":{"gcMap":{"FullGCCollectionTime":14,"SpanYoungGCCollectionCount":0,"SpanFullGCCollectionCount":0,"YoungGCCollectionCount":3,"FullGCCollectionCount":1,"SpanYoungGCCollectionTime":0,"YoungGCCollectionTime":53,"SpanFullGCCollectionTime":0},"memoryMap":{"HeapMemoryMax":3817865216,"SurvivorUsed":2341800,"OldGenCommitted":86507520,"PermGenUsed":0,"NonHeapMemoryUsed":38465144,"OldGenMax":2863661056,"SurvivorInit":11010048,"PermGenCommitted":0,"PermGenMax":0,"OldGenUsed":7205448,"EdenSpaceUsed":101464760,"NonHeapMemoryCommitted":39649280,"HeapMemoryInit":268435456,"HeapMemoryCommitted":231735296,"SurvivorMax":11010048,"EdenSpaceCommitted":134217728,"OldGenInit":179306496,"EdenSpaceMax":1409286144,"SurvivorCommitted":11010048,"NonHeapMemoryMax":-1,"NonHeapMemoryInit":2555904,"HeapMemoryUsed":111012008,"EdenSpaceInit":67108864,"PermGenInit":0},"threadMap":{"ThreadCount":215,"TotalStartedThreadCount":696,"DeadLockedThreadCount":0,"ProcessCpuTimeRate":3.330,"DaemonThreadCount":211}},"pushJobNum":0,"receiveJobNum":0,"timestamp":1778724660000}], lts version: 1.7.3-SNAPSHOT, current host: 192.168.64.1
[lts] 2026-05-14 10:27:00,065 DEBUG [pool-1-thread-8] com.github.ltsopensource.core.logger.slf4j.Slf4jLogger.debug(32) | 
    INSERT 
    INTO
        `
        lts_admin_task_tracker_monitor_data`(
            `gmt_created`, `node_group`, `identity`, `timestamp`, `exe_success_num`, `exe_failed_num`, `exe_later_num`, `exe_exception_num`, `total_running_time`
        ) 
    VALUES
        (?,?,?,?,?,?,?,?,?), lts version: 1.7.3-SNAPSHOT, current host: 192.168.64.1
[lts] 2026-05-14 10:27:00,077 DEBUG [pool-1-thread-7] com.github.ltsopensource.core.logger.slf4j.Slf4jLogger.debug(32) | 
    INSERT 
    INTO
        `
        lts_admin_job_tracker_monitor_data`(
            `gmt_created`, `identity`, `timestamp`, `receive_job_num`, `push_job_num`, `exe_success_num`, `exe_failed_num`, `exe_later_num`, `exe_exception_num`, `fix_executing_job_num`
        ) 
    VALUES
        (?,?,?,?,?,?,?,?,?,?), lts version: 1.7.3-SNAPSHOT, current host: 192.168.64.1
[lts] 2026-05-14 10:27:00,112 DEBUG [pool-1-thread-7] com.github.ltsopensource.core.logger.slf4j.Slf4jLogger.debug(32) | 
    INSERT 
    INTO
        `
        lts_admin_jvm_gc`(
            `gmt_created`, `identity`, `timestamp`, `node_type`, `node_group`, `young_gc_collection_count`, `young_gc_collection_time`, `full_gc_collection_count`, `full_gc_collection_time`, `span_young_gc_collection_count`, `span_young_gc_collection_time`, `span_full_gc_collection_count`, `span_full_gc_collection_time`
        ) 
    VALUES
        (?,?,?,?,?,?,?,?,?,?,?,?,?), lts version: 1.7.3-SNAPSHOT, current host: 192.168.64.1
[lts] 2026-05-14 10:27:00,112 DEBUG [pool-1-thread-8] com.github.ltsopensource.core.logger.slf4j.Slf4jLogger.debug(32) | 
    INSERT 
    INTO
        `
        lts_admin_jvm_gc`(
            `gmt_created`, `identity`, `timestamp`, `node_type`, `node_group`, `young_gc_collection_count`, `young_gc_collection_time`, `full_gc_collection_count`, `full_gc_collection_time`, `span_young_gc_collection_count`, `span_young_gc_collection_time`, `span_full_gc_collection_count`, `span_full_gc_collection_time`
        ) 
    VALUES
        (?,?,?,?,?,?,?,?,?,?,?,?,?), lts version: 1.7.3-SNAPSHOT, current host: 192.168.64.1
[lts] 2026-05-14 10:27:00,134 DEBUG [pool-1-thread-7] com.github.ltsopensource.core.logger.slf4j.Slf4jLogger.debug(32) | 
    INSERT 
    INTO
        `
        lts_admin_jvm_memory`(
            `gmt_created`, `identity`, `timestamp`, `node_type`, `node_group`, `heap_memory_committed`, `heap_memory_init`, `heap_memory_max`, `heap_memory_used`, `non_heap_memory_committed`, `non_heap_memory_init`, `non_heap_memory_max`, `non_heap_memory_used`, `perm_gen_committed`, `perm_gen_init`, `perm_gen_max`, `perm_gen_used`, `old_gen_committed`, `old_gen_init`, `old_gen_max`, `old_gen_used`, `eden_space_committed`, `eden_space_init`, `eden_space_max`, `eden_space_used`, `survivor_committed`, `survivor_init`, `survivor_max`, `survivor_used`
        ) 
    VALUES
        (?,?,?,?,?,?,?,?,?,?,?,?,?,?,?,?,?,?,?,?,?,?,?,?,?,?,?,?,?), lts version: 1.7.3-SNAPSHOT, current host: 192.168.64.1
[lts] 2026-05-14 10:27:00,134 DEBUG [pool-1-thread-8] com.github.ltsopensource.core.logger.slf4j.Slf4jLogger.debug(32) | 
    INSERT 
    INTO
        `
        lts_admin_jvm_memory`(
            `gmt_created`, `identity`, `timestamp`, `node_type`, `node_group`, `heap_memory_committed`, `heap_memory_init`, `heap_memory_max`, `heap_memory_used`, `non_heap_memory_committed`, `non_heap_memory_init`, `non_heap_memory_max`, `non_heap_memory_used`, `perm_gen_committed`, `perm_gen_init`, `perm_gen_max`, `perm_gen_used`, `old_gen_committed`, `old_gen_init`, `old_gen_max`, `old_gen_used`, `eden_space_committed`, `eden_space_init`, `eden_space_max`, `eden_space_used`, `survivor_committed`, `survivor_init`, `survivor_max`, `survivor_used`
        ) 
    VALUES
        (?,?,?,?,?,?,?,?,?,?,?,?,?,?,?,?,?,?,?,?,?,?,?,?,?,?,?,?,?), lts version: 1.7.3-SNAPSHOT, current host: 192.168.64.1
[lts] 2026-05-14 10:27:00,155 DEBUG [pool-1-thread-7] com.github.ltsopensource.core.logger.slf4j.Slf4jLogger.debug(32) | 
    INSERT 
    INTO
        `
        lts_admin_jvm_thread`(
            `gmt_created`, `identity`, `timestamp`, `node_type`, `node_group`, `daemon_thread_count`, `thread_count`, `total_started_thread_count`, `dead_locked_thread_count`, `process_cpu_time_rate`
        ) 
    VALUES
        (?,?,?,?,?,?,?,?,?,?), lts version: 1.7.3-SNAPSHOT, current host: 192.168.64.1
[lts] 2026-05-14 10:27:00,155 DEBUG [pool-1-thread-8] com.github.ltsopensource.core.logger.slf4j.Slf4jLogger.debug(32) | 
    INSERT 
    INTO
        `
        lts_admin_jvm_thread`(
            `gmt_created`, `identity`, `timestamp`, `node_type`, `node_group`, `daemon_thread_count`, `thread_count`, `total_started_thread_count`, `dead_locked_thread_count`, `process_cpu_time_rate`
        ) 
    VALUES
        (?,?,?,?,?,?,?,?,?,?), lts version: 1.7.3-SNAPSHOT, current host: 192.168.64.1
[lts] 2026-05-14 10:27:00,171 DEBUG [pool-1-thread-7] com.github.ltsopensource.core.logger.slf4j.Slf4jLogger.debug(32) | Add Monitor Data success, mNode={"identity":"JT_192.168.64.1_19709_10-02-49.861_1","nodeGroup":"lts","nodeType":"JOB_TRACKER"}, mData=[{"exeExceptionNum":0,"exeFailedNum":0,"exeLaterNum":0,"exeSuccessNum":0,"fixExecutingJobNum":0,"jvmMData":{"gcMap":{"FullGCCollectionTime":14,"SpanYoungGCCollectionCount":0,"SpanFullGCCollectionCount":0,"YoungGCCollectionCount":2,"FullGCCollectionCount":1,"SpanYoungGCCollectionTime":0,"YoungGCCollectionTime":39,"SpanFullGCCollectionTime":0},"memoryMap":{"HeapMemoryMax":3817865216,"SurvivorUsed":0,"OldGenCommitted":86507520,"PermGenUsed":0,"NonHeapMemoryUsed":30571448,"OldGenMax":2863661056,"SurvivorInit":11010048,"PermGenCommitted":0,"PermGenMax":0,"OldGenUsed":7197256,"EdenSpaceUsed":27307064,"NonHeapMemoryCommitted":31637504,"HeapMemoryInit":268435456,"HeapMemoryCommitted":231735296,"SurvivorMax":11010048,"EdenSpaceCommitted":134217728,"OldGenInit":179306496,"EdenSpaceMax":1409286144,"SurvivorCommitted":11010048,"NonHeapMemoryMax":-1,"NonHeapMemoryInit":2555904,"HeapMemoryUsed":34504320,"EdenSpaceInit":67108864,"PermGenInit":0},"threadMap":{"ThreadCount":30,"TotalStartedThreadCount":34,"DeadLockedThreadCount":0,"ProcessCpuTimeRate":5.441,"DaemonThreadCount":27}},"pushJobNum":0,"receiveJobNum":0,"timestamp":1778724120000},{"exeExceptionNum":0,"exeFailedNum":0,"exeLaterNum":0,"exeSuccessNum":0,"fixExecutingJobNum":0,"jvmMData":{"gcMap":{"FullGCCollectionTime":14,"SpanYoungGCCollectionCount":0,"SpanFullGCCollectionCount":0,"YoungGCCollectionCount":2,"FullGCCollectionCount":1,"SpanYoungGCCollectionTime":0,"YoungGCCollectionTime":39,"SpanFullGCCollectionTime":0},"memoryMap":{"HeapMemoryMax":3817865216,"SurvivorUsed":0,"OldGenCommitted":86507520,"PermGenUsed":0,"NonHeapMemoryUsed":31927272,"OldGenMax":2863661056,"SurvivorInit":11010048,"PermGenCommitted":0,"PermGenMax":0,"OldGenUsed":7197256,"EdenSpaceUsed":41404560,"NonHeapMemoryCommitted":32899072,"HeapMemoryInit":268435456,"HeapMemoryCommitted":231735296,"SurvivorMax":11010048,"EdenSpaceCommitted":134217728,"OldGenInit":179306496,"EdenSpaceMax":1409286144,"SurvivorCommitted":11010048,"NonHeapMemoryMax":-1,"NonHeapMemoryInit":2555904,"HeapMemoryUsed":48601816,"EdenSpaceInit":67108864,"PermGenInit":0},"threadMap":{"ThreadCount":41,"TotalStartedThreadCount":49,"DeadLockedThreadCount":0,"ProcessCpuTimeRate":3.235,"DaemonThreadCount":37}},"pushJobNum":0,"receiveJobNum":0,"timestamp":1778724180000},{"exeExceptionNum":0,"exeFailedNum":0,"exeLaterNum":0,"exeSuccessNum":0,"fixExecutingJobNum":0,"jvmMData":{"gcMap":{"FullGCCollectionTime":14,"SpanYoungGCCollectionCount":1,"SpanFullGCCollectionCount":0,"YoungGCCollectionCount":3,"FullGCCollectionCount":1,"SpanYoungGCCollectionTime":14,"YoungGCCollectionTime":53,"SpanFullGCCollectionTime":0},"memoryMap":{"HeapMemoryMax":3817865216,"SurvivorUsed":2341800,"OldGenCommitted":86507520,"PermGenUsed":0,"NonHeapMemoryUsed":33150888,"OldGenMax":2863661056,"SurvivorInit":11010048,"PermGenCommitted":0,"PermGenMax":0,"OldGenUsed":7205448,"EdenSpaceUsed":20897976,"NonHeapMemoryCommitted":34275328,"HeapMemoryInit":268435456,"HeapMemoryCommitted":231735296,"SurvivorMax":11010048,"EdenSpaceCommitted":134217728,"OldGenInit":179306496,"EdenSpaceMax":1409286144,"SurvivorCommitted":11010048,"NonHeapMemoryMax":-1,"NonHeapMemoryInit":2555904,"HeapMemoryUsed":30445224,"EdenSpaceInit":67108864,"PermGenInit":0},"threadMap":{"ThreadCount":196,"TotalStartedThreadCount":262,"DeadLockedThreadCount":0,"ProcessCpuTimeRate":6.438,"DaemonThreadCount":192}},"pushJobNum":0,"receiveJobNum":0,"timestamp":1778724240000},{"exeExceptionNum":0,"exeFailedNum":0,"exeLaterNum":0,"exeSuccessNum":0,"fixExecutingJobNum":0,"jvmMData":{"gcMap":{"FullGCCollectionTime":14,"SpanYoungGCCollectionCount":0,"SpanFullGCCollectionCount":0,"YoungGCCollectionCount":3,"FullGCCollectionCount":1,"SpanYoungGCCollectionTime":0,"YoungGCCollectionTime":53,"SpanFullGCCollectionTime":0},"memoryMap":{"HeapMemoryMax":3817865216,"SurvivorUsed":2341800,"OldGenCommitted":86507520,"PermGenUsed":0,"NonHeapMemoryUsed":34708688,"OldGenMax":2863661056,"SurvivorInit":11010048,"PermGenCommitted":0,"PermGenMax":0,"OldGenUsed":7205448,"EdenSpaceUsed":60142632,"NonHeapMemoryCommitted":35782656,"HeapMemoryInit":268435456,"HeapMemoryCommitted":231735296,"SurvivorMax":11010048,"EdenSpaceCommitted":134217728,"OldGenInit":179306496,"EdenSpaceMax":1409286144,"SurvivorCommitted":11010048,"NonHeapMemoryMax":-1,"NonHeapMemoryInit":2555904,"HeapMemoryUsed":69689880,"EdenSpaceInit":67108864,"PermGenInit":0},"threadMap":{"ThreadCount":215,"TotalStartedThreadCount":340,"DeadLockedThreadCount":0,"ProcessCpuTimeRate":4.987,"DaemonThreadCount":211}},"pushJobNum":0,"receiveJobNum":0,"timestamp":1778724300000},{"exeExceptionNum":0,"exeFailedNum":0,"exeLaterNum":0,"exeSuccessNum":0,"fixExecutingJobNum":0,"jvmMData":{"gcMap":{"FullGCCollectionTime":14,"SpanYoungGCCollectionCount":0,"SpanFullGCCollectionCount":0,"YoungGCCollectionCount":3,"FullGCCollectionCount":1,"SpanYoungGCCollectionTime":0,"YoungGCCollectionTime":53,"SpanFullGCCollectionTime":0},"memoryMap":{"HeapMemoryMax":3817865216,"SurvivorUsed":2341800,"OldGenCommitted":86507520,"PermGenUsed":0,"NonHeapMemoryUsed":35370336,"OldGenMax":2863661056,"SurvivorInit":11010048,"PermGenCommitted":0,"PermGenMax":0,"OldGenUsed":7205448,"EdenSpaceUsed":69433392,"NonHeapMemoryCommitted":36372480,"HeapMemoryInit":268435456,"HeapMemoryCommitted":231735296,"SurvivorMax":11010048,"EdenSpaceCommitted":134217728,"OldGenInit":179306496,"EdenSpaceMax":1409286144,"SurvivorCommitted":11010048,"NonHeapMemoryMax":-1,"NonHeapMemoryInit":2555904,"HeapMemoryUsed":78980640,"EdenSpaceInit":67108864,"PermGenInit":0},"threadMap":{"ThreadCount":215,"TotalStartedThreadCount":400,"DeadLockedThreadCount":0,"ProcessCpuTimeRate":4.004,"DaemonThreadCount":211}},"pushJobNum":0,"receiveJobNum":0,"timestamp":1778724360000},{"exeExceptionNum":0,"exeFailedNum":0,"exeLaterNum":0,"exeSuccessNum":0,"fixExecutingJobNum":0,"jvmMData":{"gcMap":{"FullGCCollectionTime":14,"SpanYoungGCCollectionCount":0,"SpanFullGCCollectionCount":0,"YoungGCCollectionCount":3,"FullGCCollectionCount":1,"SpanYoungGCCollectionTime":0,"YoungGCCollectionTime":53,"SpanFullGCCollectionTime":0},"memoryMap":{"HeapMemoryMax":3817865216,"SurvivorUsed":2341800,"OldGenCommitted":86507520,"PermGenUsed":0,"NonHeapMemoryUsed":36527472,"OldGenMax":2863661056,"SurvivorInit":11010048,"PermGenCommitted":0,"PermGenMax":0,"OldGenUsed":7205448,"EdenSpaceUsed":75563112,"NonHeapMemoryCommitted":37552128,"HeapMemoryInit":268435456,"HeapMemoryCommitted":231735296,"SurvivorMax":11010048,"EdenSpaceCommitted":134217728,"OldGenInit":179306496,"EdenSpaceMax":1409286144,"SurvivorCommitted":11010048,"NonHeapMemoryMax":-1,"NonHeapMemoryInit":2555904,"HeapMemoryUsed":85110360,"EdenSpaceInit":67108864,"PermGenInit":0},"threadMap":{"ThreadCount":215,"TotalStartedThreadCount":460,"DeadLockedThreadCount":0,"ProcessCpuTimeRate":5.054,"DaemonThreadCount":211}},"pushJobNum":0,"receiveJobNum":0,"timestamp":1778724420000},{"exeExceptionNum":0,"exeFailedNum":0,"exeLaterNum":0,"exeSuccessNum":0,"fixExecutingJobNum":0,"jvmMData":{"gcMap":{"FullGCCollectionTime":14,"SpanYoungGCCollectionCount":0,"SpanFullGCCollectionCount":0,"YoungGCCollectionCount":3,"FullGCCollectionCount":1,"SpanYoungGCCollectionTime":0,"YoungGCCollectionTime":53,"SpanFullGCCollectionTime":0},"memoryMap":{"HeapMemoryMax":3817865216,"SurvivorUsed":2341800,"OldGenCommitted":86507520,"PermGenUsed":0,"NonHeapMemoryUsed":37098240,"OldGenMax":2863661056,"SurvivorInit":11010048,"PermGenCommitted":0,"PermGenMax":0,"OldGenUsed":7205448,"EdenSpaceUsed":81165552,"NonHeapMemoryCommitted":38010880,"HeapMemoryInit":268435456,"HeapMemoryCommitted":231735296,"SurvivorMax":11010048,"EdenSpaceCommitted":134217728,"OldGenInit":179306496,"EdenSpaceMax":1409286144,"SurvivorCommitted":11010048,"NonHeapMemoryMax":-1,"NonHeapMemoryInit":2555904,"HeapMemoryUsed":90712800,"EdenSpaceInit":67108864,"PermGenInit":0},"threadMap":{"ThreadCount":215,"TotalStartedThreadCount":518,"DeadLockedThreadCount":0,"ProcessCpuTimeRate":4.220,"DaemonThreadCount":211}},"pushJobNum":0,"receiveJobNum":0,"timestamp":1778724480000},{"exeExceptionNum":0,"exeFailedNum":0,"exeLaterNum":0,"exeSuccessNum":0,"fixExecutingJobNum":0,"jvmMData":{"gcMap":{"FullGCCollectionTime":14,"SpanYoungGCCollectionCount":0,"SpanFullGCCollectionCount":0,"YoungGCCollectionCount":3,"FullGCCollectionCount":1,"SpanYoungGCCollectionTime":0,"YoungGCCollectionTime":53,"SpanFullGCCollectionTime":0},"memoryMap":{"HeapMemoryMax":3817865216,"SurvivorUsed":2341800,"OldGenCommitted":86507520,"PermGenUsed":0,"NonHeapMemoryUsed":37775888,"OldGenMax":2863661056,"SurvivorInit":11010048,"PermGenCommitted":0,"PermGenMax":0,"OldGenUsed":7205448,"EdenSpaceUsed":87675712,"NonHeapMemoryCommitted":38797312,"HeapMemoryInit":268435456,"HeapMemoryCommitted":231735296,"SurvivorMax":11010048,"EdenSpaceCommitted":134217728,"OldGenInit":179306496,"EdenSpaceMax":1409286144,"SurvivorCommitted":11010048,"NonHeapMemoryMax":-1,"NonHeapMemoryInit":2555904,"HeapMemoryUsed":97222960,"EdenSpaceInit":67108864,"PermGenInit":0},"threadMap":{"ThreadCount":215,"TotalStartedThreadCount":578,"DeadLockedThreadCount":0,"ProcessCpuTimeRate":3.795,"DaemonThreadCount":211}},"pushJobNum":0,"receiveJobNum":0,"timestamp":1778724540000},{"exeExceptionNum":0,"exeFailedNum":0,"exeLaterNum":0,"exeSuccessNum":0,"fixExecutingJobNum":0,"jvmMData":{"gcMap":{"FullGCCollectionTime":14,"SpanYoungGCCollectionCount":0,"SpanFullGCCollectionCount":0,"YoungGCCollectionCount":3,"FullGCCollectionCount":1,"SpanYoungGCCollectionTime":0,"YoungGCCollectionTime":53,"SpanFullGCCollectionTime":0},"memoryMap":{"HeapMemoryMax":3817865216,"SurvivorUsed":2341800,"OldGenCommitted":86507520,"PermGenUsed":0,"NonHeapMemoryUsed":38210672,"OldGenMax":2863661056,"SurvivorInit":11010048,"PermGenCommitted":0,"PermGenMax":0,"OldGenUsed":7205448,"EdenSpaceUsed":94224568,"NonHeapMemoryCommitted":39190528,"HeapMemoryInit":268435456,"HeapMemoryCommitted":231735296,"SurvivorMax":11010048,"EdenSpaceCommitted":134217728,"OldGenInit":179306496,"EdenSpaceMax":1409286144,"SurvivorCommitted":11010048,"NonHeapMemoryMax":-1,"NonHeapMemoryInit":2555904,"HeapMemoryUsed":103771816,"EdenSpaceInit":67108864,"PermGenInit":0},"threadMap":{"ThreadCount":215,"TotalStartedThreadCount":638,"DeadLockedThreadCount":0,"ProcessCpuTimeRate":3.745,"DaemonThreadCount":211}},"pushJobNum":0,"receiveJobNum":0,"timestamp":1778724600000},{"exeExceptionNum":0,"exeFailedNum":0,"exeLaterNum":0,"exeSuccessNum":0,"fixExecutingJobNum":0,"jvmMData":{"gcMap":{"FullGCCollectionTime":14,"SpanYoungGCCollectionCount":0,"SpanFullGCCollectionCount":0,"YoungGCCollectionCount":3,"FullGCCollectionCount":1,"SpanYoungGCCollectionTime":0,"YoungGCCollectionTime":53,"SpanFullGCCollectionTime":0},"memoryMap":{"HeapMemoryMax":3817865216,"SurvivorUsed":2341800,"OldGenCommitted":86507520,"PermGenUsed":0,"NonHeapMemoryUsed":38465144,"OldGenMax":2863661056,"SurvivorInit":11010048,"PermGenCommitted":0,"PermGenMax":0,"OldGenUsed":7205448,"EdenSpaceUsed":101464760,"NonHeapMemoryCommitted":39649280,"HeapMemoryInit":268435456,"HeapMemoryCommitted":231735296,"SurvivorMax":11010048,"EdenSpaceCommitted":134217728,"OldGenInit":179306496,"EdenSpaceMax":1409286144,"SurvivorCommitted":11010048,"NonHeapMemoryMax":-1,"NonHeapMemoryInit":2555904,"HeapMemoryUsed":111012008,"EdenSpaceInit":67108864,"PermGenInit":0},"threadMap":{"ThreadCount":215,"TotalStartedThreadCount":696,"DeadLockedThreadCount":0,"ProcessCpuTimeRate":3.330,"DaemonThreadCount":211}},"pushJobNum":0,"receiveJobNum":0,"timestamp":1778724660000}], lts version: 1.7.3-SNAPSHOT, current host: 192.168.64.1
[lts] 2026-05-14 10:27:00,171 DEBUG [pool-1-thread-8] com.github.ltsopensource.core.logger.slf4j.Slf4jLogger.debug(32) | Add Monitor Data success, mNode={"identity":"TT_192.168.64.1_19784_10-03-55.606_1","nodeGroup":"test_trade_taskTracker","nodeType":"TASK_TRACKER"}, mData=[{"exeExceptionNum":0,"exeFailedNum":0,"exeLaterNum":0,"exeSuccessNum":0,"jvmMData":{"gcMap":{"FullGCCollectionTime":0,"SpanYoungGCCollectionCount":0,"SpanFullGCCollectionCount":0,"YoungGCCollectionCount":1,"FullGCCollectionCount":0,"SpanYoungGCCollectionTime":0,"YoungGCCollectionTime":18,"SpanFullGCCollectionTime":0},"memoryMap":{"HeapMemoryMax":3817865216,"SurvivorUsed":7829944,"OldGenCommitted":179306496,"PermGenUsed":0,"NonHeapMemoryUsed":20431784,"OldGenMax":2863661056,"SurvivorInit":11010048,"PermGenCommitted":0,"PermGenMax":0,"OldGenUsed":8192,"EdenSpaceUsed":6688136,"NonHeapMemoryCommitted":21168128,"HeapMemoryInit":268435456,"HeapMemoryCommitted":257425408,"SurvivorMax":11010048,"EdenSpaceCommitted":67108864,"OldGenInit":179306496,"EdenSpaceMax":1409286144,"SurvivorCommitted":11010048,"NonHeapMemoryMax":-1,"NonHeapMemoryInit":2555904,"HeapMemoryUsed":14526272,"EdenSpaceInit":67108864,"PermGenInit":0},"threadMap":{"ThreadCount":25,"TotalStartedThreadCount":28,"DeadLockedThreadCount":0,"ProcessCpuTimeRate":12.10,"DaemonThreadCount":22}},"timestamp":1778724180000,"totalRunningTime":0},{"exeExceptionNum":0,"exeFailedNum":0,"exeLaterNum":0,"exeSuccessNum":0,"jvmMData":{"gcMap":{"FullGCCollectionTime":0,"SpanYoungGCCollectionCount":0,"SpanFullGCCollectionCount":0,"YoungGCCollectionCount":1,"FullGCCollectionCount":0,"SpanYoungGCCollectionTime":0,"YoungGCCollectionTime":18,"SpanFullGCCollectionTime":0},"memoryMap":{"HeapMemoryMax":3817865216,"SurvivorUsed":7829944,"OldGenCommitted":179306496,"PermGenUsed":0,"NonHeapMemoryUsed":21548768,"OldGenMax":2863661056,"SurvivorInit":11010048,"PermGenCommitted":0,"PermGenMax":0,"OldGenUsed":8192,"EdenSpaceUsed":14087256,"NonHeapMemoryCommitted":22413312,"HeapMemoryInit":268435456,"HeapMemoryCommitted":257425408,"SurvivorMax":11010048,"EdenSpaceCommitted":67108864,"OldGenInit":179306496,"EdenSpaceMax":1409286144,"SurvivorCommitted":11010048,"NonHeapMemoryMax":-1,"NonHeapMemoryInit":2555904,"HeapMemoryUsed":21925392,"EdenSpaceInit":67108864,"PermGenInit":0},"threadMap":{"ThreadCount":24,"TotalStartedThreadCount":28,"DeadLockedThreadCount":0,"ProcessCpuTimeRate":3.338,"DaemonThreadCount":21}},"timestamp":1778724240000,"totalRunningTime":0},{"exeExceptionNum":0,"exeFailedNum":0,"exeLaterNum":0,"exeSuccessNum":0,"jvmMData":{"gcMap":{"FullGCCollectionTime":0,"SpanYoungGCCollectionCount":0,"SpanFullGCCollectionCount":0,"YoungGCCollectionCount":1,"FullGCCollectionCount":0,"SpanYoungGCCollectionTime":0,"YoungGCCollectionTime":18,"SpanFullGCCollectionTime":0},"memoryMap":{"HeapMemoryMax":3817865216,"SurvivorUsed":7829944,"OldGenCommitted":179306496,"PermGenUsed":0,"NonHeapMemoryUsed":21989680,"OldGenMax":2863661056,"SurvivorInit":11010048,"PermGenCommitted":0,"PermGenMax":0,"OldGenUsed":8192,"EdenSpaceUsed":16791488,"NonHeapMemoryCommitted":22806528,"HeapMemoryInit":268435456,"HeapMemoryCommitted":257425408,"SurvivorMax":11010048,"EdenSpaceCommitted":67108864,"OldGenInit":179306496,"EdenSpaceMax":1409286144,"SurvivorCommitted":11010048,"NonHeapMemoryMax":-1,"NonHeapMemoryInit":2555904,"HeapMemoryUsed":24629624,"EdenSpaceInit":67108864,"PermGenInit":0},"threadMap":{"ThreadCount":24,"TotalStartedThreadCount":28,"DeadLockedThreadCount":0,"ProcessCpuTimeRate":2.289,"DaemonThreadCount":21}},"timestamp":1778724300000,"totalRunningTime":0},{"exeExceptionNum":0,"exeFailedNum":0,"exeLaterNum":0,"exeSuccessNum":0,"jvmMData":{"gcMap":{"FullGCCollectionTime":0,"SpanYoungGCCollectionCount":0,"SpanFullGCCollectionCount":0,"YoungGCCollectionCount":1,"FullGCCollectionCount":0,"SpanYoungGCCollectionTime":0,"YoungGCCollectionTime":18,"SpanFullGCCollectionTime":0},"memoryMap":{"HeapMemoryMax":3817865216,"SurvivorUsed":7829944,"OldGenCommitted":179306496,"PermGenUsed":0,"NonHeapMemoryUsed":21988632,"OldGenMax":2863661056,"SurvivorInit":11010048,"PermGenCommitted":0,"PermGenMax":0,"OldGenUsed":8192,"EdenSpaceUsed":18808208,"NonHeapMemoryCommitted":23003136,"HeapMemoryInit":268435456,"HeapMemoryCommitted":257425408,"SurvivorMax":11010048,"EdenSpaceCommitted":67108864,"OldGenInit":179306496,"EdenSpaceMax":1409286144,"SurvivorCommitted":11010048,"NonHeapMemoryMax":-1,"NonHeapMemoryInit":2555904,"HeapMemoryUsed":26646344,"EdenSpaceInit":67108864,"PermGenInit":0},"threadMap":{"ThreadCount":24,"TotalStartedThreadCount":28,"DeadLockedThreadCount":0,"ProcessCpuTimeRate":2.171,"DaemonThreadCount":21}},"timestamp":1778724360000,"totalRunningTime":0},{"exeExceptionNum":0,"exeFailedNum":0,"exeLaterNum":0,"exeSuccessNum":0,"jvmMData":{"gcMap":{"FullGCCollectionTime":0,"SpanYoungGCCollectionCount":0,"SpanFullGCCollectionCount":0,"YoungGCCollectionCount":1,"FullGCCollectionCount":0,"SpanYoungGCCollectionTime":0,"YoungGCCollectionTime":18,"SpanFullGCCollectionTime":0},"memoryMap":{"HeapMemoryMax":3817865216,"SurvivorUsed":7829944,"OldGenCommitted":179306496,"PermGenUsed":0,"NonHeapMemoryUsed":22197712,"OldGenMax":2863661056,"SurvivorInit":11010048,"PermGenCommitted":0,"PermGenMax":0,"OldGenUsed":8192,"EdenSpaceUsed":23538952,"NonHeapMemoryCommitted":23003136,"HeapMemoryInit":268435456,"HeapMemoryCommitted":257425408,"SurvivorMax":11010048,"EdenSpaceCommitted":67108864,"OldGenInit":179306496,"EdenSpaceMax":1409286144,"SurvivorCommitted":11010048,"NonHeapMemoryMax":-1,"NonHeapMemoryInit":2555904,"HeapMemoryUsed":31377088,"EdenSpaceInit":67108864,"PermGenInit":0},"threadMap":{"ThreadCount":24,"TotalStartedThreadCount":28,"DeadLockedThreadCount":0,"ProcessCpuTimeRate":2.075,"DaemonThreadCount":21}},"timestamp":1778724420000,"totalRunningTime":0},{"exeExceptionNum":0,"exeFailedNum":0,"exeLaterNum":0,"exeSuccessNum":0,"jvmMData":{"gcMap":{"FullGCCollectionTime":0,"SpanYoungGCCollectionCount":0,"SpanFullGCCollectionCount":0,"YoungGCCollectionCount":1,"FullGCCollectionCount":0,"SpanYoungGCCollectionTime":0,"YoungGCCollectionTime":18,"SpanFullGCCollectionTime":0},"memoryMap":{"HeapMemoryMax":3817865216,"SurvivorUsed":7829944,"OldGenCommitted":179306496,"PermGenUsed":0,"NonHeapMemoryUsed":22475176,"OldGenMax":2863661056,"SurvivorInit":11010048,"PermGenCommitted":0,"PermGenMax":0,"OldGenUsed":8192,"EdenSpaceUsed":25552312,"NonHeapMemoryCommitted":23396352,"HeapMemoryInit":268435456,"HeapMemoryCommitted":257425408,"SurvivorMax":11010048,"EdenSpaceCommitted":67108864,"OldGenInit":179306496,"EdenSpaceMax":1409286144,"SurvivorCommitted":11010048,"NonHeapMemoryMax":-1,"NonHeapMemoryInit":2555904,"HeapMemoryUsed":33390448,"EdenSpaceInit":67108864,"PermGenInit":0},"threadMap":{"ThreadCount":24,"TotalStartedThreadCount":28,"DeadLockedThreadCount":0,"ProcessCpuTimeRate":2.404,"DaemonThreadCount":21}},"timestamp":1778724480000,"totalRunningTime":0},{"exeExceptionNum":0,"exeFailedNum":0,"exeLaterNum":0,"exeSuccessNum":0,"jvmMData":{"gcMap":{"FullGCCollectionTime":0,"SpanYoungGCCollectionCount":0,"SpanFullGCCollectionCount":0,"YoungGCCollectionCount":1,"FullGCCollectionCount":0,"SpanYoungGCCollectionTime":0,"YoungGCCollectionTime":18,"SpanFullGCCollectionTime":0},"memoryMap":{"HeapMemoryMax":3817865216,"SurvivorUsed":7829944,"OldGenCommitted":179306496,"PermGenUsed":0,"NonHeapMemoryUsed":22553792,"OldGenMax":2863661056,"SurvivorInit":11010048,"PermGenCommitted":0,"PermGenMax":0,"OldGenUsed":8192,"EdenSpaceUsed":28276760,"NonHeapMemoryCommitted":23461888,"HeapMemoryInit":268435456,"HeapMemoryCommitted":257425408,"SurvivorMax":11010048,"EdenSpaceCommitted":67108864,"OldGenInit":179306496,"EdenSpaceMax":1409286144,"SurvivorCommitted":11010048,"NonHeapMemoryMax":-1,"NonHeapMemoryInit":2555904,"HeapMemoryUsed":36114896,"EdenSpaceInit":67108864,"PermGenInit":0},"threadMap":{"ThreadCount":24,"TotalStartedThreadCount":28,"DeadLockedThreadCount":0,"ProcessCpuTimeRate":2.029,"DaemonThreadCount":21}},"timestamp":1778724540000,"totalRunningTime":0},{"exeExceptionNum":0,"exeFailedNum":0,"exeLaterNum":0,"exeSuccessNum":0,"jvmMData":{"gcMap":{"FullGCCollectionTime":0,"SpanYoungGCCollectionCount":0,"SpanFullGCCollectionCount":0,"YoungGCCollectionCount":1,"FullGCCollectionCount":0,"SpanYoungGCCollectionTime":0,"YoungGCCollectionTime":18,"SpanFullGCCollectionTime":0},"memoryMap":{"HeapMemoryMax":3817865216,"SurvivorUsed":7829944,"OldGenCommitted":179306496,"PermGenUsed":0,"NonHeapMemoryUsed":22749224,"OldGenMax":2863661056,"SurvivorInit":11010048,"PermGenCommitted":0,"PermGenMax":0,"OldGenUsed":8192,"EdenSpaceUsed":30993144,"NonHeapMemoryCommitted":23592960,"HeapMemoryInit":268435456,"HeapMemoryCommitted":257425408,"SurvivorMax":11010048,"EdenSpaceCommitted":67108864,"OldGenInit":179306496,"EdenSpaceMax":1409286144,"SurvivorCommitted":11010048,"NonHeapMemoryMax":-1,"NonHeapMemoryInit":2555904,"HeapMemoryUsed":38831280,"EdenSpaceInit":67108864,"PermGenInit":0},"threadMap":{"ThreadCount":24,"TotalStartedThreadCount":28,"DeadLockedThreadCount":0,"ProcessCpuTimeRate":1.943,"DaemonThreadCount":21}},"timestamp":1778724600000,"totalRunningTime":0},{"exeExceptionNum":0,"exeFailedNum":0,"exeLaterNum":0,"exeSuccessNum":0,"jvmMData":{"gcMap":{"FullGCCollectionTime":0,"SpanYoungGCCollectionCount":0,"SpanFullGCCollectionCount":0,"YoungGCCollectionCount":1,"FullGCCollectionCount":0,"SpanYoungGCCollectionTime":0,"YoungGCCollectionTime":18,"SpanFullGCCollectionTime":0},"memoryMap":{"HeapMemoryMax":3817865216,"SurvivorUsed":7829944,"OldGenCommitted":179306496,"PermGenUsed":0,"NonHeapMemoryUsed":22875216,"OldGenMax":2863661056,"SurvivorInit":11010048,"PermGenCommitted":0,"PermGenMax":0,"OldGenUsed":8192,"EdenSpaceUsed":34362312,"NonHeapMemoryCommitted":23724032,"HeapMemoryInit":268435456,"HeapMemoryCommitted":257425408,"SurvivorMax":11010048,"EdenSpaceCommitted":67108864,"OldGenInit":179306496,"EdenSpaceMax":1409286144,"SurvivorCommitted":11010048,"NonHeapMemoryMax":-1,"NonHeapMemoryInit":2555904,"HeapMemoryUsed":42200448,"EdenSpaceInit":67108864,"PermGenInit":0},"threadMap":{"ThreadCount":24,"TotalStartedThreadCount":28,"DeadLockedThreadCount":0,"ProcessCpuTimeRate":1.731,"DaemonThreadCount":21}},"timestamp":1778724660000,"totalRunningTime":0},{"exeExceptionNum":0,"exeFailedNum":0,"exeLaterNum":0,"exeSuccessNum":0,"jvmMData":{"gcMap":{"FullGCCollectionTime":0,"SpanYoungGCCollectionCount":0,"SpanFullGCCollectionCount":0,"YoungGCCollectionCount":1,"FullGCCollectionCount":0,"SpanYoungGCCollectionTime":0,"YoungGCCollectionTime":18,"SpanFullGCCollectionTime":0},"memoryMap":{"HeapMemoryMax":3817865216,"SurvivorUsed":7829944,"OldGenCommitted":179306496,"PermGenUsed":0,"NonHeapMemoryUsed":23121600,"OldGenMax":2863661056,"SurvivorInit":11010048,"PermGenCommitted":0,"PermGenMax":0,"OldGenUsed":8192,"EdenSpaceUsed":36375672,"NonHeapMemoryCommitted":24051712,"HeapMemoryInit":268435456,"HeapMemoryCommitted":257425408,"SurvivorMax":11010048,"EdenSpaceCommitted":67108864,"OldGenInit":179306496,"EdenSpaceMax":1409286144,"SurvivorCommitted":11010048,"NonHeapMemoryMax":-1,"NonHeapMemoryInit":2555904,"HeapMemoryUsed":44213808,"EdenSpaceInit":67108864,"PermGenInit":0},"threadMap":{"ThreadCount":24,"TotalStartedThreadCount":28,"DeadLockedThreadCount":0,"ProcessCpuTimeRate":2.058,"DaemonThreadCount":21}},"timestamp":1778724720000,"totalRunningTime":0}], lts version: 1.7.3-SNAPSHOT, current host: 192.168.64.1
[lts] 2026-05-14 10:28:00,290 DEBUG [pool-1-thread-2] com.github.ltsopensource.core.logger.slf4j.Slf4jLogger.debug(32) | 
    INSERT 
    INTO
        `
        lts_admin_job_tracker_monitor_data`(
            `gmt_created`, `identity`, `timestamp`, `receive_job_num`, `push_job_num`, `exe_success_num`, `exe_failed_num`, `exe_later_num`, `exe_exception_num`, `fix_executing_job_num`
        ) 
    VALUES
        (?,?,?,?,?,?,?,?,?,?), lts version: 1.7.3-SNAPSHOT, current host: 192.168.64.1
[lts] 2026-05-14 10:28:00,308 DEBUG [pool-1-thread-1] com.github.ltsopensource.core.logger.slf4j.Slf4jLogger.debug(32) | 
    INSERT 
    INTO
        `
        lts_admin_task_tracker_monitor_data`(
            `gmt_created`, `node_group`, `identity`, `timestamp`, `exe_success_num`, `exe_failed_num`, `exe_later_num`, `exe_exception_num`, `total_running_time`
        ) 
    VALUES
        (?,?,?,?,?,?,?,?,?), lts version: 1.7.3-SNAPSHOT, current host: 192.168.64.1
[lts] 2026-05-14 10:28:00,326 DEBUG [pool-1-thread-2] com.github.ltsopensource.core.logger.slf4j.Slf4jLogger.debug(32) | 
    INSERT 
    INTO
        `
        lts_admin_jvm_gc`(
            `gmt_created`, `identity`, `timestamp`, `node_type`, `node_group`, `young_gc_collection_count`, `young_gc_collection_time`, `full_gc_collection_count`, `full_gc_collection_time`, `span_young_gc_collection_count`, `span_young_gc_collection_time`, `span_full_gc_collection_count`, `span_full_gc_collection_time`
        ) 
    VALUES
        (?,?,?,?,?,?,?,?,?,?,?,?,?), lts version: 1.7.3-SNAPSHOT, current host: 192.168.64.1
[lts] 2026-05-14 10:28:00,331 DEBUG [pool-1-thread-1] com.github.ltsopensource.core.logger.slf4j.Slf4jLogger.debug(32) | 
    INSERT 
    INTO
        `
        lts_admin_jvm_gc`(
            `gmt_created`, `identity`, `timestamp`, `node_type`, `node_group`, `young_gc_collection_count`, `young_gc_collection_time`, `full_gc_collection_count`, `full_gc_collection_time`, `span_young_gc_collection_count`, `span_young_gc_collection_time`, `span_full_gc_collection_count`, `span_full_gc_collection_time`
        ) 
    VALUES
        (?,?,?,?,?,?,?,?,?,?,?,?,?), lts version: 1.7.3-SNAPSHOT, current host: 192.168.64.1
[lts] 2026-05-14 10:28:00,341 DEBUG [pool-1-thread-2] com.github.ltsopensource.core.logger.slf4j.Slf4jLogger.debug(32) | 
    INSERT 
    INTO
        `
        lts_admin_jvm_memory`(
            `gmt_created`, `identity`, `timestamp`, `node_type`, `node_group`, `heap_memory_committed`, `heap_memory_init`, `heap_memory_max`, `heap_memory_used`, `non_heap_memory_committed`, `non_heap_memory_init`, `non_heap_memory_max`, `non_heap_memory_used`, `perm_gen_committed`, `perm_gen_init`, `perm_gen_max`, `perm_gen_used`, `old_gen_committed`, `old_gen_init`, `old_gen_max`, `old_gen_used`, `eden_space_committed`, `eden_space_init`, `eden_space_max`, `eden_space_used`, `survivor_committed`, `survivor_init`, `survivor_max`, `survivor_used`
        ) 
    VALUES
        (?,?,?,?,?,?,?,?,?,?,?,?,?,?,?,?,?,?,?,?,?,?,?,?,?,?,?,?,?), lts version: 1.7.3-SNAPSHOT, current host: 192.168.64.1
[lts] 2026-05-14 10:28:00,348 DEBUG [pool-1-thread-1] com.github.ltsopensource.core.logger.slf4j.Slf4jLogger.debug(32) | 
    INSERT 
    INTO
        `
        lts_admin_jvm_memory`(
            `gmt_created`, `identity`, `timestamp`, `node_type`, `node_group`, `heap_memory_committed`, `heap_memory_init`, `heap_memory_max`, `heap_memory_used`, `non_heap_memory_committed`, `non_heap_memory_init`, `non_heap_memory_max`, `non_heap_memory_used`, `perm_gen_committed`, `perm_gen_init`, `perm_gen_max`, `perm_gen_used`, `old_gen_committed`, `old_gen_init`, `old_gen_max`, `old_gen_used`, `eden_space_committed`, `eden_space_init`, `eden_space_max`, `eden_space_used`, `survivor_committed`, `survivor_init`, `survivor_max`, `survivor_used`
        ) 
    VALUES
        (?,?,?,?,?,?,?,?,?,?,?,?,?,?,?,?,?,?,?,?,?,?,?,?,?,?,?,?,?), lts version: 1.7.3-SNAPSHOT, current host: 192.168.64.1
[lts] 2026-05-14 10:28:00,359 DEBUG [pool-1-thread-2] com.github.ltsopensource.core.logger.slf4j.Slf4jLogger.debug(32) | 
    INSERT 
    INTO
        `
        lts_admin_jvm_thread`(
            `gmt_created`, `identity`, `timestamp`, `node_type`, `node_group`, `daemon_thread_count`, `thread_count`, `total_started_thread_count`, `dead_locked_thread_count`, `process_cpu_time_rate`
        ) 
    VALUES
        (?,?,?,?,?,?,?,?,?,?), lts version: 1.7.3-SNAPSHOT, current host: 192.168.64.1
[lts] 2026-05-14 10:28:00,366 DEBUG [pool-1-thread-1] com.github.ltsopensource.core.logger.slf4j.Slf4jLogger.debug(32) | 
    INSERT 
    INTO
        `
        lts_admin_jvm_thread`(
            `gmt_created`, `identity`, `timestamp`, `node_type`, `node_group`, `daemon_thread_count`, `thread_count`, `total_started_thread_count`, `dead_locked_thread_count`, `process_cpu_time_rate`
        ) 
    VALUES
        (?,?,?,?,?,?,?,?,?,?), lts version: 1.7.3-SNAPSHOT, current host: 192.168.64.1
[lts] 2026-05-14 10:28:00,377 DEBUG [pool-1-thread-2] com.github.ltsopensource.core.logger.slf4j.Slf4jLogger.debug(32) | Add Monitor Data success, mNode={"identity":"JT_192.168.64.1_19709_10-02-49.861_1","nodeGroup":"lts","nodeType":"JOB_TRACKER"}, mData=[{"exeExceptionNum":0,"exeFailedNum":0,"exeLaterNum":0,"exeSuccessNum":0,"fixExecutingJobNum":0,"jvmMData":{"gcMap":{"FullGCCollectionTime":14,"SpanYoungGCCollectionCount":0,"SpanFullGCCollectionCount":0,"YoungGCCollectionCount":2,"FullGCCollectionCount":1,"SpanYoungGCCollectionTime":0,"YoungGCCollectionTime":39,"SpanFullGCCollectionTime":0},"memoryMap":{"HeapMemoryMax":3817865216,"SurvivorUsed":0,"OldGenCommitted":86507520,"PermGenUsed":0,"NonHeapMemoryUsed":30571448,"OldGenMax":2863661056,"SurvivorInit":11010048,"PermGenCommitted":0,"PermGenMax":0,"OldGenUsed":7197256,"EdenSpaceUsed":27307064,"NonHeapMemoryCommitted":31637504,"HeapMemoryInit":268435456,"HeapMemoryCommitted":231735296,"SurvivorMax":11010048,"EdenSpaceCommitted":134217728,"OldGenInit":179306496,"EdenSpaceMax":1409286144,"SurvivorCommitted":11010048,"NonHeapMemoryMax":-1,"NonHeapMemoryInit":2555904,"HeapMemoryUsed":34504320,"EdenSpaceInit":67108864,"PermGenInit":0},"threadMap":{"ThreadCount":30,"TotalStartedThreadCount":34,"DeadLockedThreadCount":0,"ProcessCpuTimeRate":5.441,"DaemonThreadCount":27}},"pushJobNum":0,"receiveJobNum":0,"timestamp":1778724120000},{"exeExceptionNum":0,"exeFailedNum":0,"exeLaterNum":0,"exeSuccessNum":0,"fixExecutingJobNum":0,"jvmMData":{"gcMap":{"FullGCCollectionTime":14,"SpanYoungGCCollectionCount":0,"SpanFullGCCollectionCount":0,"YoungGCCollectionCount":2,"FullGCCollectionCount":1,"SpanYoungGCCollectionTime":0,"YoungGCCollectionTime":39,"SpanFullGCCollectionTime":0},"memoryMap":{"HeapMemoryMax":3817865216,"SurvivorUsed":0,"OldGenCommitted":86507520,"PermGenUsed":0,"NonHeapMemoryUsed":31927272,"OldGenMax":2863661056,"SurvivorInit":11010048,"PermGenCommitted":0,"PermGenMax":0,"OldGenUsed":7197256,"EdenSpaceUsed":41404560,"NonHeapMemoryCommitted":32899072,"HeapMemoryInit":268435456,"HeapMemoryCommitted":231735296,"SurvivorMax":11010048,"EdenSpaceCommitted":134217728,"OldGenInit":179306496,"EdenSpaceMax":1409286144,"SurvivorCommitted":11010048,"NonHeapMemoryMax":-1,"NonHeapMemoryInit":2555904,"HeapMemoryUsed":48601816,"EdenSpaceInit":67108864,"PermGenInit":0},"threadMap":{"ThreadCount":41,"TotalStartedThreadCount":49,"DeadLockedThreadCount":0,"ProcessCpuTimeRate":3.235,"DaemonThreadCount":37}},"pushJobNum":0,"receiveJobNum":0,"timestamp":1778724180000},{"exeExceptionNum":0,"exeFailedNum":0,"exeLaterNum":0,"exeSuccessNum":0,"fixExecutingJobNum":0,"jvmMData":{"gcMap":{"FullGCCollectionTime":14,"SpanYoungGCCollectionCount":1,"SpanFullGCCollectionCount":0,"YoungGCCollectionCount":3,"FullGCCollectionCount":1,"SpanYoungGCCollectionTime":14,"YoungGCCollectionTime":53,"SpanFullGCCollectionTime":0},"memoryMap":{"HeapMemoryMax":3817865216,"SurvivorUsed":2341800,"OldGenCommitted":86507520,"PermGenUsed":0,"NonHeapMemoryUsed":33150888,"OldGenMax":2863661056,"SurvivorInit":11010048,"PermGenCommitted":0,"PermGenMax":0,"OldGenUsed":7205448,"EdenSpaceUsed":20897976,"NonHeapMemoryCommitted":34275328,"HeapMemoryInit":268435456,"HeapMemoryCommitted":231735296,"SurvivorMax":11010048,"EdenSpaceCommitted":134217728,"OldGenInit":179306496,"EdenSpaceMax":1409286144,"SurvivorCommitted":11010048,"NonHeapMemoryMax":-1,"NonHeapMemoryInit":2555904,"HeapMemoryUsed":30445224,"EdenSpaceInit":67108864,"PermGenInit":0},"threadMap":{"ThreadCount":196,"TotalStartedThreadCount":262,"DeadLockedThreadCount":0,"ProcessCpuTimeRate":6.438,"DaemonThreadCount":192}},"pushJobNum":0,"receiveJobNum":0,"timestamp":1778724240000},{"exeExceptionNum":0,"exeFailedNum":0,"exeLaterNum":0,"exeSuccessNum":0,"fixExecutingJobNum":0,"jvmMData":{"gcMap":{"FullGCCollectionTime":14,"SpanYoungGCCollectionCount":0,"SpanFullGCCollectionCount":0,"YoungGCCollectionCount":3,"FullGCCollectionCount":1,"SpanYoungGCCollectionTime":0,"YoungGCCollectionTime":53,"SpanFullGCCollectionTime":0},"memoryMap":{"HeapMemoryMax":3817865216,"SurvivorUsed":2341800,"OldGenCommitted":86507520,"PermGenUsed":0,"NonHeapMemoryUsed":34708688,"OldGenMax":2863661056,"SurvivorInit":11010048,"PermGenCommitted":0,"PermGenMax":0,"OldGenUsed":7205448,"EdenSpaceUsed":60142632,"NonHeapMemoryCommitted":35782656,"HeapMemoryInit":268435456,"HeapMemoryCommitted":231735296,"SurvivorMax":11010048,"EdenSpaceCommitted":134217728,"OldGenInit":179306496,"EdenSpaceMax":1409286144,"SurvivorCommitted":11010048,"NonHeapMemoryMax":-1,"NonHeapMemoryInit":2555904,"HeapMemoryUsed":69689880,"EdenSpaceInit":67108864,"PermGenInit":0},"threadMap":{"ThreadCount":215,"TotalStartedThreadCount":340,"DeadLockedThreadCount":0,"ProcessCpuTimeRate":4.987,"DaemonThreadCount":211}},"pushJobNum":0,"receiveJobNum":0,"timestamp":1778724300000},{"exeExceptionNum":0,"exeFailedNum":0,"exeLaterNum":0,"exeSuccessNum":0,"fixExecutingJobNum":0,"jvmMData":{"gcMap":{"FullGCCollectionTime":14,"SpanYoungGCCollectionCount":0,"SpanFullGCCollectionCount":0,"YoungGCCollectionCount":3,"FullGCCollectionCount":1,"SpanYoungGCCollectionTime":0,"YoungGCCollectionTime":53,"SpanFullGCCollectionTime":0},"memoryMap":{"HeapMemoryMax":3817865216,"SurvivorUsed":2341800,"OldGenCommitted":86507520,"PermGenUsed":0,"NonHeapMemoryUsed":35370336,"OldGenMax":2863661056,"SurvivorInit":11010048,"PermGenCommitted":0,"PermGenMax":0,"OldGenUsed":7205448,"EdenSpaceUsed":69433392,"NonHeapMemoryCommitted":36372480,"HeapMemoryInit":268435456,"HeapMemoryCommitted":231735296,"SurvivorMax":11010048,"EdenSpaceCommitted":134217728,"OldGenInit":179306496,"EdenSpaceMax":1409286144,"SurvivorCommitted":11010048,"NonHeapMemoryMax":-1,"NonHeapMemoryInit":2555904,"HeapMemoryUsed":78980640,"EdenSpaceInit":67108864,"PermGenInit":0},"threadMap":{"ThreadCount":215,"TotalStartedThreadCount":400,"DeadLockedThreadCount":0,"ProcessCpuTimeRate":4.004,"DaemonThreadCount":211}},"pushJobNum":0,"receiveJobNum":0,"timestamp":1778724360000},{"exeExceptionNum":0,"exeFailedNum":0,"exeLaterNum":0,"exeSuccessNum":0,"fixExecutingJobNum":0,"jvmMData":{"gcMap":{"FullGCCollectionTime":14,"SpanYoungGCCollectionCount":0,"SpanFullGCCollectionCount":0,"YoungGCCollectionCount":3,"FullGCCollectionCount":1,"SpanYoungGCCollectionTime":0,"YoungGCCollectionTime":53,"SpanFullGCCollectionTime":0},"memoryMap":{"HeapMemoryMax":3817865216,"SurvivorUsed":2341800,"OldGenCommitted":86507520,"PermGenUsed":0,"NonHeapMemoryUsed":36527472,"OldGenMax":2863661056,"SurvivorInit":11010048,"PermGenCommitted":0,"PermGenMax":0,"OldGenUsed":7205448,"EdenSpaceUsed":75563112,"NonHeapMemoryCommitted":37552128,"HeapMemoryInit":268435456,"HeapMemoryCommitted":231735296,"SurvivorMax":11010048,"EdenSpaceCommitted":134217728,"OldGenInit":179306496,"EdenSpaceMax":1409286144,"SurvivorCommitted":11010048,"NonHeapMemoryMax":-1,"NonHeapMemoryInit":2555904,"HeapMemoryUsed":85110360,"EdenSpaceInit":67108864,"PermGenInit":0},"threadMap":{"ThreadCount":215,"TotalStartedThreadCount":460,"DeadLockedThreadCount":0,"ProcessCpuTimeRate":5.054,"DaemonThreadCount":211}},"pushJobNum":0,"receiveJobNum":0,"timestamp":1778724420000},{"exeExceptionNum":0,"exeFailedNum":0,"exeLaterNum":0,"exeSuccessNum":0,"fixExecutingJobNum":0,"jvmMData":{"gcMap":{"FullGCCollectionTime":14,"SpanYoungGCCollectionCount":0,"SpanFullGCCollectionCount":0,"YoungGCCollectionCount":3,"FullGCCollectionCount":1,"SpanYoungGCCollectionTime":0,"YoungGCCollectionTime":53,"SpanFullGCCollectionTime":0},"memoryMap":{"HeapMemoryMax":3817865216,"SurvivorUsed":2341800,"OldGenCommitted":86507520,"PermGenUsed":0,"NonHeapMemoryUsed":37098240,"OldGenMax":2863661056,"SurvivorInit":11010048,"PermGenCommitted":0,"PermGenMax":0,"OldGenUsed":7205448,"EdenSpaceUsed":81165552,"NonHeapMemoryCommitted":38010880,"HeapMemoryInit":268435456,"HeapMemoryCommitted":231735296,"SurvivorMax":11010048,"EdenSpaceCommitted":134217728,"OldGenInit":179306496,"EdenSpaceMax":1409286144,"SurvivorCommitted":11010048,"NonHeapMemoryMax":-1,"NonHeapMemoryInit":2555904,"HeapMemoryUsed":90712800,"EdenSpaceInit":67108864,"PermGenInit":0},"threadMap":{"ThreadCount":215,"TotalStartedThreadCount":518,"DeadLockedThreadCount":0,"ProcessCpuTimeRate":4.220,"DaemonThreadCount":211}},"pushJobNum":0,"receiveJobNum":0,"timestamp":1778724480000},{"exeExceptionNum":0,"exeFailedNum":0,"exeLaterNum":0,"exeSuccessNum":0,"fixExecutingJobNum":0,"jvmMData":{"gcMap":{"FullGCCollectionTime":14,"SpanYoungGCCollectionCount":0,"SpanFullGCCollectionCount":0,"YoungGCCollectionCount":3,"FullGCCollectionCount":1,"SpanYoungGCCollectionTime":0,"YoungGCCollectionTime":53,"SpanFullGCCollectionTime":0},"memoryMap":{"HeapMemoryMax":3817865216,"SurvivorUsed":2341800,"OldGenCommitted":86507520,"PermGenUsed":0,"NonHeapMemoryUsed":37775888,"OldGenMax":2863661056,"SurvivorInit":11010048,"PermGenCommitted":0,"PermGenMax":0,"OldGenUsed":7205448,"EdenSpaceUsed":87675712,"NonHeapMemoryCommitted":38797312,"HeapMemoryInit":268435456,"HeapMemoryCommitted":231735296,"SurvivorMax":11010048,"EdenSpaceCommitted":134217728,"OldGenInit":179306496,"EdenSpaceMax":1409286144,"SurvivorCommitted":11010048,"NonHeapMemoryMax":-1,"NonHeapMemoryInit":2555904,"HeapMemoryUsed":97222960,"EdenSpaceInit":67108864,"PermGenInit":0},"threadMap":{"ThreadCount":215,"TotalStartedThreadCount":578,"DeadLockedThreadCount":0,"ProcessCpuTimeRate":3.795,"DaemonThreadCount":211}},"pushJobNum":0,"receiveJobNum":0,"timestamp":1778724540000},{"exeExceptionNum":0,"exeFailedNum":0,"exeLaterNum":0,"exeSuccessNum":0,"fixExecutingJobNum":0,"jvmMData":{"gcMap":{"FullGCCollectionTime":14,"SpanYoungGCCollectionCount":0,"SpanFullGCCollectionCount":0,"YoungGCCollectionCount":3,"FullGCCollectionCount":1,"SpanYoungGCCollectionTime":0,"YoungGCCollectionTime":53,"SpanFullGCCollectionTime":0},"memoryMap":{"HeapMemoryMax":3817865216,"SurvivorUsed":2341800,"OldGenCommitted":86507520,"PermGenUsed":0,"NonHeapMemoryUsed":38210672,"OldGenMax":2863661056,"SurvivorInit":11010048,"PermGenCommitted":0,"PermGenMax":0,"OldGenUsed":7205448,"EdenSpaceUsed":94224568,"NonHeapMemoryCommitted":39190528,"HeapMemoryInit":268435456,"HeapMemoryCommitted":231735296,"SurvivorMax":11010048,"EdenSpaceCommitted":134217728,"OldGenInit":179306496,"EdenSpaceMax":1409286144,"SurvivorCommitted":11010048,"NonHeapMemoryMax":-1,"NonHeapMemoryInit":2555904,"HeapMemoryUsed":103771816,"EdenSpaceInit":67108864,"PermGenInit":0},"threadMap":{"ThreadCount":215,"TotalStartedThreadCount":638,"DeadLockedThreadCount":0,"ProcessCpuTimeRate":3.745,"DaemonThreadCount":211}},"pushJobNum":0,"receiveJobNum":0,"timestamp":1778724600000},{"exeExceptionNum":0,"exeFailedNum":0,"exeLaterNum":0,"exeSuccessNum":0,"fixExecutingJobNum":0,"jvmMData":{"gcMap":{"FullGCCollectionTime":14,"SpanYoungGCCollectionCount":0,"SpanFullGCCollectionCount":0,"YoungGCCollectionCount":3,"FullGCCollectionCount":1,"SpanYoungGCCollectionTime":0,"YoungGCCollectionTime":53,"SpanFullGCCollectionTime":0},"memoryMap":{"HeapMemoryMax":3817865216,"SurvivorUsed":2341800,"OldGenCommitted":86507520,"PermGenUsed":0,"NonHeapMemoryUsed":38465144,"OldGenMax":2863661056,"SurvivorInit":11010048,"PermGenCommitted":0,"PermGenMax":0,"OldGenUsed":7205448,"EdenSpaceUsed":101464760,"NonHeapMemoryCommitted":39649280,"HeapMemoryInit":268435456,"HeapMemoryCommitted":231735296,"SurvivorMax":11010048,"EdenSpaceCommitted":134217728,"OldGenInit":179306496,"EdenSpaceMax":1409286144,"SurvivorCommitted":11010048,"NonHeapMemoryMax":-1,"NonHeapMemoryInit":2555904,"HeapMemoryUsed":111012008,"EdenSpaceInit":67108864,"PermGenInit":0},"threadMap":{"ThreadCount":215,"TotalStartedThreadCount":696,"DeadLockedThreadCount":0,"ProcessCpuTimeRate":3.330,"DaemonThreadCount":211}},"pushJobNum":0,"receiveJobNum":0,"timestamp":1778724660000}], lts version: 1.7.3-SNAPSHOT, current host: 192.168.64.1
[lts] 2026-05-14 10:28:00,381 DEBUG [pool-1-thread-1] com.github.ltsopensource.core.logger.slf4j.Slf4jLogger.debug(32) | Add Monitor Data success, mNode={"identity":"TT_192.168.64.1_19784_10-03-55.606_1","nodeGroup":"test_trade_taskTracker","nodeType":"TASK_TRACKER"}, mData=[{"exeExceptionNum":0,"exeFailedNum":0,"exeLaterNum":0,"exeSuccessNum":0,"jvmMData":{"gcMap":{"FullGCCollectionTime":0,"SpanYoungGCCollectionCount":0,"SpanFullGCCollectionCount":0,"YoungGCCollectionCount":1,"FullGCCollectionCount":0,"SpanYoungGCCollectionTime":0,"YoungGCCollectionTime":18,"SpanFullGCCollectionTime":0},"memoryMap":{"HeapMemoryMax":3817865216,"SurvivorUsed":7829944,"OldGenCommitted":179306496,"PermGenUsed":0,"NonHeapMemoryUsed":20431784,"OldGenMax":2863661056,"SurvivorInit":11010048,"PermGenCommitted":0,"PermGenMax":0,"OldGenUsed":8192,"EdenSpaceUsed":6688136,"NonHeapMemoryCommitted":21168128,"HeapMemoryInit":268435456,"HeapMemoryCommitted":257425408,"SurvivorMax":11010048,"EdenSpaceCommitted":67108864,"OldGenInit":179306496,"EdenSpaceMax":1409286144,"SurvivorCommitted":11010048,"NonHeapMemoryMax":-1,"NonHeapMemoryInit":2555904,"HeapMemoryUsed":14526272,"EdenSpaceInit":67108864,"PermGenInit":0},"threadMap":{"ThreadCount":25,"TotalStartedThreadCount":28,"DeadLockedThreadCount":0,"ProcessCpuTimeRate":12.10,"DaemonThreadCount":22}},"timestamp":1778724180000,"totalRunningTime":0},{"exeExceptionNum":0,"exeFailedNum":0,"exeLaterNum":0,"exeSuccessNum":0,"jvmMData":{"gcMap":{"FullGCCollectionTime":0,"SpanYoungGCCollectionCount":0,"SpanFullGCCollectionCount":0,"YoungGCCollectionCount":1,"FullGCCollectionCount":0,"SpanYoungGCCollectionTime":0,"YoungGCCollectionTime":18,"SpanFullGCCollectionTime":0},"memoryMap":{"HeapMemoryMax":3817865216,"SurvivorUsed":7829944,"OldGenCommitted":179306496,"PermGenUsed":0,"NonHeapMemoryUsed":21548768,"OldGenMax":2863661056,"SurvivorInit":11010048,"PermGenCommitted":0,"PermGenMax":0,"OldGenUsed":8192,"EdenSpaceUsed":14087256,"NonHeapMemoryCommitted":22413312,"HeapMemoryInit":268435456,"HeapMemoryCommitted":257425408,"SurvivorMax":11010048,"EdenSpaceCommitted":67108864,"OldGenInit":179306496,"EdenSpaceMax":1409286144,"SurvivorCommitted":11010048,"NonHeapMemoryMax":-1,"NonHeapMemoryInit":2555904,"HeapMemoryUsed":21925392,"EdenSpaceInit":67108864,"PermGenInit":0},"threadMap":{"ThreadCount":24,"TotalStartedThreadCount":28,"DeadLockedThreadCount":0,"ProcessCpuTimeRate":3.338,"DaemonThreadCount":21}},"timestamp":1778724240000,"totalRunningTime":0},{"exeExceptionNum":0,"exeFailedNum":0,"exeLaterNum":0,"exeSuccessNum":0,"jvmMData":{"gcMap":{"FullGCCollectionTime":0,"SpanYoungGCCollectionCount":0,"SpanFullGCCollectionCount":0,"YoungGCCollectionCount":1,"FullGCCollectionCount":0,"SpanYoungGCCollectionTime":0,"YoungGCCollectionTime":18,"SpanFullGCCollectionTime":0},"memoryMap":{"HeapMemoryMax":3817865216,"SurvivorUsed":7829944,"OldGenCommitted":179306496,"PermGenUsed":0,"NonHeapMemoryUsed":21989680,"OldGenMax":2863661056,"SurvivorInit":11010048,"PermGenCommitted":0,"PermGenMax":0,"OldGenUsed":8192,"EdenSpaceUsed":16791488,"NonHeapMemoryCommitted":22806528,"HeapMemoryInit":268435456,"HeapMemoryCommitted":257425408,"SurvivorMax":11010048,"EdenSpaceCommitted":67108864,"OldGenInit":179306496,"EdenSpaceMax":1409286144,"SurvivorCommitted":11010048,"NonHeapMemoryMax":-1,"NonHeapMemoryInit":2555904,"HeapMemoryUsed":24629624,"EdenSpaceInit":67108864,"PermGenInit":0},"threadMap":{"ThreadCount":24,"TotalStartedThreadCount":28,"DeadLockedThreadCount":0,"ProcessCpuTimeRate":2.289,"DaemonThreadCount":21}},"timestamp":1778724300000,"totalRunningTime":0},{"exeExceptionNum":0,"exeFailedNum":0,"exeLaterNum":0,"exeSuccessNum":0,"jvmMData":{"gcMap":{"FullGCCollectionTime":0,"SpanYoungGCCollectionCount":0,"SpanFullGCCollectionCount":0,"YoungGCCollectionCount":1,"FullGCCollectionCount":0,"SpanYoungGCCollectionTime":0,"YoungGCCollectionTime":18,"SpanFullGCCollectionTime":0},"memoryMap":{"HeapMemoryMax":3817865216,"SurvivorUsed":7829944,"OldGenCommitted":179306496,"PermGenUsed":0,"NonHeapMemoryUsed":21988632,"OldGenMax":2863661056,"SurvivorInit":11010048,"PermGenCommitted":0,"PermGenMax":0,"OldGenUsed":8192,"EdenSpaceUsed":18808208,"NonHeapMemoryCommitted":23003136,"HeapMemoryInit":268435456,"HeapMemoryCommitted":257425408,"SurvivorMax":11010048,"EdenSpaceCommitted":67108864,"OldGenInit":179306496,"EdenSpaceMax":1409286144,"SurvivorCommitted":11010048,"NonHeapMemoryMax":-1,"NonHeapMemoryInit":2555904,"HeapMemoryUsed":26646344,"EdenSpaceInit":67108864,"PermGenInit":0},"threadMap":{"ThreadCount":24,"TotalStartedThreadCount":28,"DeadLockedThreadCount":0,"ProcessCpuTimeRate":2.171,"DaemonThreadCount":21}},"timestamp":1778724360000,"totalRunningTime":0},{"exeExceptionNum":0,"exeFailedNum":0,"exeLaterNum":0,"exeSuccessNum":0,"jvmMData":{"gcMap":{"FullGCCollectionTime":0,"SpanYoungGCCollectionCount":0,"SpanFullGCCollectionCount":0,"YoungGCCollectionCount":1,"FullGCCollectionCount":0,"SpanYoungGCCollectionTime":0,"YoungGCCollectionTime":18,"SpanFullGCCollectionTime":0},"memoryMap":{"HeapMemoryMax":3817865216,"SurvivorUsed":7829944,"OldGenCommitted":179306496,"PermGenUsed":0,"NonHeapMemoryUsed":22197712,"OldGenMax":2863661056,"SurvivorInit":11010048,"PermGenCommitted":0,"PermGenMax":0,"OldGenUsed":8192,"EdenSpaceUsed":23538952,"NonHeapMemoryCommitted":23003136,"HeapMemoryInit":268435456,"HeapMemoryCommitted":257425408,"SurvivorMax":11010048,"EdenSpaceCommitted":67108864,"OldGenInit":179306496,"EdenSpaceMax":1409286144,"SurvivorCommitted":11010048,"NonHeapMemoryMax":-1,"NonHeapMemoryInit":2555904,"HeapMemoryUsed":31377088,"EdenSpaceInit":67108864,"PermGenInit":0},"threadMap":{"ThreadCount":24,"TotalStartedThreadCount":28,"DeadLockedThreadCount":0,"ProcessCpuTimeRate":2.075,"DaemonThreadCount":21}},"timestamp":1778724420000,"totalRunningTime":0},{"exeExceptionNum":0,"exeFailedNum":0,"exeLaterNum":0,"exeSuccessNum":0,"jvmMData":{"gcMap":{"FullGCCollectionTime":0,"SpanYoungGCCollectionCount":0,"SpanFullGCCollectionCount":0,"YoungGCCollectionCount":1,"FullGCCollectionCount":0,"SpanYoungGCCollectionTime":0,"YoungGCCollectionTime":18,"SpanFullGCCollectionTime":0},"memoryMap":{"HeapMemoryMax":3817865216,"SurvivorUsed":7829944,"OldGenCommitted":179306496,"PermGenUsed":0,"NonHeapMemoryUsed":22475176,"OldGenMax":2863661056,"SurvivorInit":11010048,"PermGenCommitted":0,"PermGenMax":0,"OldGenUsed":8192,"EdenSpaceUsed":25552312,"NonHeapMemoryCommitted":23396352,"HeapMemoryInit":268435456,"HeapMemoryCommitted":257425408,"SurvivorMax":11010048,"EdenSpaceCommitted":67108864,"OldGenInit":179306496,"EdenSpaceMax":1409286144,"SurvivorCommitted":11010048,"NonHeapMemoryMax":-1,"NonHeapMemoryInit":2555904,"HeapMemoryUsed":33390448,"EdenSpaceInit":67108864,"PermGenInit":0},"threadMap":{"ThreadCount":24,"TotalStartedThreadCount":28,"DeadLockedThreadCount":0,"ProcessCpuTimeRate":2.404,"DaemonThreadCount":21}},"timestamp":1778724480000,"totalRunningTime":0},{"exeExceptionNum":0,"exeFailedNum":0,"exeLaterNum":0,"exeSuccessNum":0,"jvmMData":{"gcMap":{"FullGCCollectionTime":0,"SpanYoungGCCollectionCount":0,"SpanFullGCCollectionCount":0,"YoungGCCollectionCount":1,"FullGCCollectionCount":0,"SpanYoungGCCollectionTime":0,"YoungGCCollectionTime":18,"SpanFullGCCollectionTime":0},"memoryMap":{"HeapMemoryMax":3817865216,"SurvivorUsed":7829944,"OldGenCommitted":179306496,"PermGenUsed":0,"NonHeapMemoryUsed":22553792,"OldGenMax":2863661056,"SurvivorInit":11010048,"PermGenCommitted":0,"PermGenMax":0,"OldGenUsed":8192,"EdenSpaceUsed":28276760,"NonHeapMemoryCommitted":23461888,"HeapMemoryInit":268435456,"HeapMemoryCommitted":257425408,"SurvivorMax":11010048,"EdenSpaceCommitted":67108864,"OldGenInit":179306496,"EdenSpaceMax":1409286144,"SurvivorCommitted":11010048,"NonHeapMemoryMax":-1,"NonHeapMemoryInit":2555904,"HeapMemoryUsed":36114896,"EdenSpaceInit":67108864,"PermGenInit":0},"threadMap":{"ThreadCount":24,"TotalStartedThreadCount":28,"DeadLockedThreadCount":0,"ProcessCpuTimeRate":2.029,"DaemonThreadCount":21}},"timestamp":1778724540000,"totalRunningTime":0},{"exeExceptionNum":0,"exeFailedNum":0,"exeLaterNum":0,"exeSuccessNum":0,"jvmMData":{"gcMap":{"FullGCCollectionTime":0,"SpanYoungGCCollectionCount":0,"SpanFullGCCollectionCount":0,"YoungGCCollectionCount":1,"FullGCCollectionCount":0,"SpanYoungGCCollectionTime":0,"YoungGCCollectionTime":18,"SpanFullGCCollectionTime":0},"memoryMap":{"HeapMemoryMax":3817865216,"SurvivorUsed":7829944,"OldGenCommitted":179306496,"PermGenUsed":0,"NonHeapMemoryUsed":22749224,"OldGenMax":2863661056,"SurvivorInit":11010048,"PermGenCommitted":0,"PermGenMax":0,"OldGenUsed":8192,"EdenSpaceUsed":30993144,"NonHeapMemoryCommitted":23592960,"HeapMemoryInit":268435456,"HeapMemoryCommitted":257425408,"SurvivorMax":11010048,"EdenSpaceCommitted":67108864,"OldGenInit":179306496,"EdenSpaceMax":1409286144,"SurvivorCommitted":11010048,"NonHeapMemoryMax":-1,"NonHeapMemoryInit":2555904,"HeapMemoryUsed":38831280,"EdenSpaceInit":67108864,"PermGenInit":0},"threadMap":{"ThreadCount":24,"TotalStartedThreadCount":28,"DeadLockedThreadCount":0,"ProcessCpuTimeRate":1.943,"DaemonThreadCount":21}},"timestamp":1778724600000,"totalRunningTime":0},{"exeExceptionNum":0,"exeFailedNum":0,"exeLaterNum":0,"exeSuccessNum":0,"jvmMData":{"gcMap":{"FullGCCollectionTime":0,"SpanYoungGCCollectionCount":0,"SpanFullGCCollectionCount":0,"YoungGCCollectionCount":1,"FullGCCollectionCount":0,"SpanYoungGCCollectionTime":0,"YoungGCCollectionTime":18,"SpanFullGCCollectionTime":0},"memoryMap":{"HeapMemoryMax":3817865216,"SurvivorUsed":7829944,"OldGenCommitted":179306496,"PermGenUsed":0,"NonHeapMemoryUsed":22875216,"OldGenMax":2863661056,"SurvivorInit":11010048,"PermGenCommitted":0,"PermGenMax":0,"OldGenUsed":8192,"EdenSpaceUsed":34362312,"NonHeapMemoryCommitted":23724032,"HeapMemoryInit":268435456,"HeapMemoryCommitted":257425408,"SurvivorMax":11010048,"EdenSpaceCommitted":67108864,"OldGenInit":179306496,"EdenSpaceMax":1409286144,"SurvivorCommitted":11010048,"NonHeapMemoryMax":-1,"NonHeapMemoryInit":2555904,"HeapMemoryUsed":42200448,"EdenSpaceInit":67108864,"PermGenInit":0},"threadMap":{"ThreadCount":24,"TotalStartedThreadCount":28,"DeadLockedThreadCount":0,"ProcessCpuTimeRate":1.731,"DaemonThreadCount":21}},"timestamp":1778724660000,"totalRunningTime":0},{"exeExceptionNum":0,"exeFailedNum":0,"exeLaterNum":0,"exeSuccessNum":0,"jvmMData":{"gcMap":{"FullGCCollectionTime":0,"SpanYoungGCCollectionCount":0,"SpanFullGCCollectionCount":0,"YoungGCCollectionCount":1,"FullGCCollectionCount":0,"SpanYoungGCCollectionTime":0,"YoungGCCollectionTime":18,"SpanFullGCCollectionTime":0},"memoryMap":{"HeapMemoryMax":3817865216,"SurvivorUsed":7829944,"OldGenCommitted":179306496,"PermGenUsed":0,"NonHeapMemoryUsed":23121600,"OldGenMax":2863661056,"SurvivorInit":11010048,"PermGenCommitted":0,"PermGenMax":0,"OldGenUsed":8192,"EdenSpaceUsed":36375672,"NonHeapMemoryCommitted":24051712,"HeapMemoryInit":268435456,"HeapMemoryCommitted":257425408,"SurvivorMax":11010048,"EdenSpaceCommitted":67108864,"OldGenInit":179306496,"EdenSpaceMax":1409286144,"SurvivorCommitted":11010048,"NonHeapMemoryMax":-1,"NonHeapMemoryInit":2555904,"HeapMemoryUsed":44213808,"EdenSpaceInit":67108864,"PermGenInit":0},"threadMap":{"ThreadCount":24,"TotalStartedThreadCount":28,"DeadLockedThreadCount":0,"ProcessCpuTimeRate":2.058,"DaemonThreadCount":21}},"timestamp":1778724720000,"totalRunningTime":0}], lts version: 1.7.3-SNAPSHOT, current host: 192.168.64.1
[lts] 2026-05-14 10:29:00,505 DEBUG [pool-1-thread-3] com.github.ltsopensource.core.logger.slf4j.Slf4jLogger.debug(32) | 
    INSERT 
    INTO
        `
        lts_admin_task_tracker_monitor_data`(
            `gmt_created`, `node_group`, `identity`, `timestamp`, `exe_success_num`, `exe_failed_num`, `exe_later_num`, `exe_exception_num`, `total_running_time`
        ) 
    VALUES
        (?,?,?,?,?,?,?,?,?), lts version: 1.7.3-SNAPSHOT, current host: 192.168.64.1
[lts] 2026-05-14 10:29:00,517 DEBUG [pool-1-thread-4] com.github.ltsopensource.core.logger.slf4j.Slf4jLogger.debug(32) | 
    INSERT 
    INTO
        `
        lts_admin_job_tracker_monitor_data`(
            `gmt_created`, `identity`, `timestamp`, `receive_job_num`, `push_job_num`, `exe_success_num`, `exe_failed_num`, `exe_later_num`, `exe_exception_num`, `fix_executing_job_num`
        ) 
    VALUES
        (?,?,?,?,?,?,?,?,?,?), lts version: 1.7.3-SNAPSHOT, current host: 192.168.64.1
[lts] 2026-05-14 10:29:00,554 DEBUG [pool-1-thread-4] com.github.ltsopensource.core.logger.slf4j.Slf4jLogger.debug(32) | 
    INSERT 
    INTO
        `
        lts_admin_jvm_gc`(
            `gmt_created`, `identity`, `timestamp`, `node_type`, `node_group`, `young_gc_collection_count`, `young_gc_collection_time`, `full_gc_collection_count`, `full_gc_collection_time`, `span_young_gc_collection_count`, `span_young_gc_collection_time`, `span_full_gc_collection_count`, `span_full_gc_collection_time`
        ) 
    VALUES
        (?,?,?,?,?,?,?,?,?,?,?,?,?), lts version: 1.7.3-SNAPSHOT, current host: 192.168.64.1
[lts] 2026-05-14 10:29:00,554 DEBUG [pool-1-thread-3] com.github.ltsopensource.core.logger.slf4j.Slf4jLogger.debug(32) | 
    INSERT 
    INTO
        `
        lts_admin_jvm_gc`(
            `gmt_created`, `identity`, `timestamp`, `node_type`, `node_group`, `young_gc_collection_count`, `young_gc_collection_time`, `full_gc_collection_count`, `full_gc_collection_time`, `span_young_gc_collection_count`, `span_young_gc_collection_time`, `span_full_gc_collection_count`, `span_full_gc_collection_time`
        ) 
    VALUES
        (?,?,?,?,?,?,?,?,?,?,?,?,?), lts version: 1.7.3-SNAPSHOT, current host: 192.168.64.1
[lts] 2026-05-14 10:29:00,573 DEBUG [pool-1-thread-3] com.github.ltsopensource.core.logger.slf4j.Slf4jLogger.debug(32) | 
    INSERT 
    INTO
        `
        lts_admin_jvm_memory`(
            `gmt_created`, `identity`, `timestamp`, `node_type`, `node_group`, `heap_memory_committed`, `heap_memory_init`, `heap_memory_max`, `heap_memory_used`, `non_heap_memory_committed`, `non_heap_memory_init`, `non_heap_memory_max`, `non_heap_memory_used`, `perm_gen_committed`, `perm_gen_init`, `perm_gen_max`, `perm_gen_used`, `old_gen_committed`, `old_gen_init`, `old_gen_max`, `old_gen_used`, `eden_space_committed`, `eden_space_init`, `eden_space_max`, `eden_space_used`, `survivor_committed`, `survivor_init`, `survivor_max`, `survivor_used`
        ) 
    VALUES
        (?,?,?,?,?,?,?,?,?,?,?,?,?,?,?,?,?,?,?,?,?,?,?,?,?,?,?,?,?), lts version: 1.7.3-SNAPSHOT, current host: 192.168.64.1
[lts] 2026-05-14 10:29:00,573 DEBUG [pool-1-thread-4] com.github.ltsopensource.core.logger.slf4j.Slf4jLogger.debug(32) | 
    INSERT 
    INTO
        `
        lts_admin_jvm_memory`(
            `gmt_created`, `identity`, `timestamp`, `node_type`, `node_group`, `heap_memory_committed`, `heap_memory_init`, `heap_memory_max`, `heap_memory_used`, `non_heap_memory_committed`, `non_heap_memory_init`, `non_heap_memory_max`, `non_heap_memory_used`, `perm_gen_committed`, `perm_gen_init`, `perm_gen_max`, `perm_gen_used`, `old_gen_committed`, `old_gen_init`, `old_gen_max`, `old_gen_used`, `eden_space_committed`, `eden_space_init`, `eden_space_max`, `eden_space_used`, `survivor_committed`, `survivor_init`, `survivor_max`, `survivor_used`
        ) 
    VALUES
        (?,?,?,?,?,?,?,?,?,?,?,?,?,?,?,?,?,?,?,?,?,?,?,?,?,?,?,?,?), lts version: 1.7.3-SNAPSHOT, current host: 192.168.64.1
[lts] 2026-05-14 10:29:00,591 DEBUG [pool-1-thread-3] com.github.ltsopensource.core.logger.slf4j.Slf4jLogger.debug(32) | 
    INSERT 
    INTO
        `
        lts_admin_jvm_thread`(
            `gmt_created`, `identity`, `timestamp`, `node_type`, `node_group`, `daemon_thread_count`, `thread_count`, `total_started_thread_count`, `dead_locked_thread_count`, `process_cpu_time_rate`
        ) 
    VALUES
        (?,?,?,?,?,?,?,?,?,?), lts version: 1.7.3-SNAPSHOT, current host: 192.168.64.1
[lts] 2026-05-14 10:29:00,591 DEBUG [pool-1-thread-4] com.github.ltsopensource.core.logger.slf4j.Slf4jLogger.debug(32) | 
    INSERT 
    INTO
        `
        lts_admin_jvm_thread`(
            `gmt_created`, `identity`, `timestamp`, `node_type`, `node_group`, `daemon_thread_count`, `thread_count`, `total_started_thread_count`, `dead_locked_thread_count`, `process_cpu_time_rate`
        ) 
    VALUES
        (?,?,?,?,?,?,?,?,?,?), lts version: 1.7.3-SNAPSHOT, current host: 192.168.64.1
[lts] 2026-05-14 10:29:00,607 DEBUG [pool-1-thread-4] com.github.ltsopensource.core.logger.slf4j.Slf4jLogger.debug(32) | Add Monitor Data success, mNode={"identity":"JT_192.168.64.1_19709_10-02-49.861_1","nodeGroup":"lts","nodeType":"JOB_TRACKER"}, mData=[{"exeExceptionNum":0,"exeFailedNum":0,"exeLaterNum":0,"exeSuccessNum":0,"fixExecutingJobNum":0,"jvmMData":{"gcMap":{"FullGCCollectionTime":14,"SpanYoungGCCollectionCount":0,"SpanFullGCCollectionCount":0,"YoungGCCollectionCount":2,"FullGCCollectionCount":1,"SpanYoungGCCollectionTime":0,"YoungGCCollectionTime":39,"SpanFullGCCollectionTime":0},"memoryMap":{"HeapMemoryMax":3817865216,"SurvivorUsed":0,"OldGenCommitted":86507520,"PermGenUsed":0,"NonHeapMemoryUsed":30571448,"OldGenMax":2863661056,"SurvivorInit":11010048,"PermGenCommitted":0,"PermGenMax":0,"OldGenUsed":7197256,"EdenSpaceUsed":27307064,"NonHeapMemoryCommitted":31637504,"HeapMemoryInit":268435456,"HeapMemoryCommitted":231735296,"SurvivorMax":11010048,"EdenSpaceCommitted":134217728,"OldGenInit":179306496,"EdenSpaceMax":1409286144,"SurvivorCommitted":11010048,"NonHeapMemoryMax":-1,"NonHeapMemoryInit":2555904,"HeapMemoryUsed":34504320,"EdenSpaceInit":67108864,"PermGenInit":0},"threadMap":{"ThreadCount":30,"TotalStartedThreadCount":34,"DeadLockedThreadCount":0,"ProcessCpuTimeRate":5.441,"DaemonThreadCount":27}},"pushJobNum":0,"receiveJobNum":0,"timestamp":1778724120000},{"exeExceptionNum":0,"exeFailedNum":0,"exeLaterNum":0,"exeSuccessNum":0,"fixExecutingJobNum":0,"jvmMData":{"gcMap":{"FullGCCollectionTime":14,"SpanYoungGCCollectionCount":0,"SpanFullGCCollectionCount":0,"YoungGCCollectionCount":2,"FullGCCollectionCount":1,"SpanYoungGCCollectionTime":0,"YoungGCCollectionTime":39,"SpanFullGCCollectionTime":0},"memoryMap":{"HeapMemoryMax":3817865216,"SurvivorUsed":0,"OldGenCommitted":86507520,"PermGenUsed":0,"NonHeapMemoryUsed":31927272,"OldGenMax":2863661056,"SurvivorInit":11010048,"PermGenCommitted":0,"PermGenMax":0,"OldGenUsed":7197256,"EdenSpaceUsed":41404560,"NonHeapMemoryCommitted":32899072,"HeapMemoryInit":268435456,"HeapMemoryCommitted":231735296,"SurvivorMax":11010048,"EdenSpaceCommitted":134217728,"OldGenInit":179306496,"EdenSpaceMax":1409286144,"SurvivorCommitted":11010048,"NonHeapMemoryMax":-1,"NonHeapMemoryInit":2555904,"HeapMemoryUsed":48601816,"EdenSpaceInit":67108864,"PermGenInit":0},"threadMap":{"ThreadCount":41,"TotalStartedThreadCount":49,"DeadLockedThreadCount":0,"ProcessCpuTimeRate":3.235,"DaemonThreadCount":37}},"pushJobNum":0,"receiveJobNum":0,"timestamp":1778724180000},{"exeExceptionNum":0,"exeFailedNum":0,"exeLaterNum":0,"exeSuccessNum":0,"fixExecutingJobNum":0,"jvmMData":{"gcMap":{"FullGCCollectionTime":14,"SpanYoungGCCollectionCount":1,"SpanFullGCCollectionCount":0,"YoungGCCollectionCount":3,"FullGCCollectionCount":1,"SpanYoungGCCollectionTime":14,"YoungGCCollectionTime":53,"SpanFullGCCollectionTime":0},"memoryMap":{"HeapMemoryMax":3817865216,"SurvivorUsed":2341800,"OldGenCommitted":86507520,"PermGenUsed":0,"NonHeapMemoryUsed":33150888,"OldGenMax":2863661056,"SurvivorInit":11010048,"PermGenCommitted":0,"PermGenMax":0,"OldGenUsed":7205448,"EdenSpaceUsed":20897976,"NonHeapMemoryCommitted":34275328,"HeapMemoryInit":268435456,"HeapMemoryCommitted":231735296,"SurvivorMax":11010048,"EdenSpaceCommitted":134217728,"OldGenInit":179306496,"EdenSpaceMax":1409286144,"SurvivorCommitted":11010048,"NonHeapMemoryMax":-1,"NonHeapMemoryInit":2555904,"HeapMemoryUsed":30445224,"EdenSpaceInit":67108864,"PermGenInit":0},"threadMap":{"ThreadCount":196,"TotalStartedThreadCount":262,"DeadLockedThreadCount":0,"ProcessCpuTimeRate":6.438,"DaemonThreadCount":192}},"pushJobNum":0,"receiveJobNum":0,"timestamp":1778724240000},{"exeExceptionNum":0,"exeFailedNum":0,"exeLaterNum":0,"exeSuccessNum":0,"fixExecutingJobNum":0,"jvmMData":{"gcMap":{"FullGCCollectionTime":14,"SpanYoungGCCollectionCount":0,"SpanFullGCCollectionCount":0,"YoungGCCollectionCount":3,"FullGCCollectionCount":1,"SpanYoungGCCollectionTime":0,"YoungGCCollectionTime":53,"SpanFullGCCollectionTime":0},"memoryMap":{"HeapMemoryMax":3817865216,"SurvivorUsed":2341800,"OldGenCommitted":86507520,"PermGenUsed":0,"NonHeapMemoryUsed":34708688,"OldGenMax":2863661056,"SurvivorInit":11010048,"PermGenCommitted":0,"PermGenMax":0,"OldGenUsed":7205448,"EdenSpaceUsed":60142632,"NonHeapMemoryCommitted":35782656,"HeapMemoryInit":268435456,"HeapMemoryCommitted":231735296,"SurvivorMax":11010048,"EdenSpaceCommitted":134217728,"OldGenInit":179306496,"EdenSpaceMax":1409286144,"SurvivorCommitted":11010048,"NonHeapMemoryMax":-1,"NonHeapMemoryInit":2555904,"HeapMemoryUsed":69689880,"EdenSpaceInit":67108864,"PermGenInit":0},"threadMap":{"ThreadCount":215,"TotalStartedThreadCount":340,"DeadLockedThreadCount":0,"ProcessCpuTimeRate":4.987,"DaemonThreadCount":211}},"pushJobNum":0,"receiveJobNum":0,"timestamp":1778724300000},{"exeExceptionNum":0,"exeFailedNum":0,"exeLaterNum":0,"exeSuccessNum":0,"fixExecutingJobNum":0,"jvmMData":{"gcMap":{"FullGCCollectionTime":14,"SpanYoungGCCollectionCount":0,"SpanFullGCCollectionCount":0,"YoungGCCollectionCount":3,"FullGCCollectionCount":1,"SpanYoungGCCollectionTime":0,"YoungGCCollectionTime":53,"SpanFullGCCollectionTime":0},"memoryMap":{"HeapMemoryMax":3817865216,"SurvivorUsed":2341800,"OldGenCommitted":86507520,"PermGenUsed":0,"NonHeapMemoryUsed":35370336,"OldGenMax":2863661056,"SurvivorInit":11010048,"PermGenCommitted":0,"PermGenMax":0,"OldGenUsed":7205448,"EdenSpaceUsed":69433392,"NonHeapMemoryCommitted":36372480,"HeapMemoryInit":268435456,"HeapMemoryCommitted":231735296,"SurvivorMax":11010048,"EdenSpaceCommitted":134217728,"OldGenInit":179306496,"EdenSpaceMax":1409286144,"SurvivorCommitted":11010048,"NonHeapMemoryMax":-1,"NonHeapMemoryInit":2555904,"HeapMemoryUsed":78980640,"EdenSpaceInit":67108864,"PermGenInit":0},"threadMap":{"ThreadCount":215,"TotalStartedThreadCount":400,"DeadLockedThreadCount":0,"ProcessCpuTimeRate":4.004,"DaemonThreadCount":211}},"pushJobNum":0,"receiveJobNum":0,"timestamp":1778724360000},{"exeExceptionNum":0,"exeFailedNum":0,"exeLaterNum":0,"exeSuccessNum":0,"fixExecutingJobNum":0,"jvmMData":{"gcMap":{"FullGCCollectionTime":14,"SpanYoungGCCollectionCount":0,"SpanFullGCCollectionCount":0,"YoungGCCollectionCount":3,"FullGCCollectionCount":1,"SpanYoungGCCollectionTime":0,"YoungGCCollectionTime":53,"SpanFullGCCollectionTime":0},"memoryMap":{"HeapMemoryMax":3817865216,"SurvivorUsed":2341800,"OldGenCommitted":86507520,"PermGenUsed":0,"NonHeapMemoryUsed":36527472,"OldGenMax":2863661056,"SurvivorInit":11010048,"PermGenCommitted":0,"PermGenMax":0,"OldGenUsed":7205448,"EdenSpaceUsed":75563112,"NonHeapMemoryCommitted":37552128,"HeapMemoryInit":268435456,"HeapMemoryCommitted":231735296,"SurvivorMax":11010048,"EdenSpaceCommitted":134217728,"OldGenInit":179306496,"EdenSpaceMax":1409286144,"SurvivorCommitted":11010048,"NonHeapMemoryMax":-1,"NonHeapMemoryInit":2555904,"HeapMemoryUsed":85110360,"EdenSpaceInit":67108864,"PermGenInit":0},"threadMap":{"ThreadCount":215,"TotalStartedThreadCount":460,"DeadLockedThreadCount":0,"ProcessCpuTimeRate":5.054,"DaemonThreadCount":211}},"pushJobNum":0,"receiveJobNum":0,"timestamp":1778724420000},{"exeExceptionNum":0,"exeFailedNum":0,"exeLaterNum":0,"exeSuccessNum":0,"fixExecutingJobNum":0,"jvmMData":{"gcMap":{"FullGCCollectionTime":14,"SpanYoungGCCollectionCount":0,"SpanFullGCCollectionCount":0,"YoungGCCollectionCount":3,"FullGCCollectionCount":1,"SpanYoungGCCollectionTime":0,"YoungGCCollectionTime":53,"SpanFullGCCollectionTime":0},"memoryMap":{"HeapMemoryMax":3817865216,"SurvivorUsed":2341800,"OldGenCommitted":86507520,"PermGenUsed":0,"NonHeapMemoryUsed":37098240,"OldGenMax":2863661056,"SurvivorInit":11010048,"PermGenCommitted":0,"PermGenMax":0,"OldGenUsed":7205448,"EdenSpaceUsed":81165552,"NonHeapMemoryCommitted":38010880,"HeapMemoryInit":268435456,"HeapMemoryCommitted":231735296,"SurvivorMax":11010048,"EdenSpaceCommitted":134217728,"OldGenInit":179306496,"EdenSpaceMax":1409286144,"SurvivorCommitted":11010048,"NonHeapMemoryMax":-1,"NonHeapMemoryInit":2555904,"HeapMemoryUsed":90712800,"EdenSpaceInit":67108864,"PermGenInit":0},"threadMap":{"ThreadCount":215,"TotalStartedThreadCount":518,"DeadLockedThreadCount":0,"ProcessCpuTimeRate":4.220,"DaemonThreadCount":211}},"pushJobNum":0,"receiveJobNum":0,"timestamp":1778724480000},{"exeExceptionNum":0,"exeFailedNum":0,"exeLaterNum":0,"exeSuccessNum":0,"fixExecutingJobNum":0,"jvmMData":{"gcMap":{"FullGCCollectionTime":14,"SpanYoungGCCollectionCount":0,"SpanFullGCCollectionCount":0,"YoungGCCollectionCount":3,"FullGCCollectionCount":1,"SpanYoungGCCollectionTime":0,"YoungGCCollectionTime":53,"SpanFullGCCollectionTime":0},"memoryMap":{"HeapMemoryMax":3817865216,"SurvivorUsed":2341800,"OldGenCommitted":86507520,"PermGenUsed":0,"NonHeapMemoryUsed":37775888,"OldGenMax":2863661056,"SurvivorInit":11010048,"PermGenCommitted":0,"PermGenMax":0,"OldGenUsed":7205448,"EdenSpaceUsed":87675712,"NonHeapMemoryCommitted":38797312,"HeapMemoryInit":268435456,"HeapMemoryCommitted":231735296,"SurvivorMax":11010048,"EdenSpaceCommitted":134217728,"OldGenInit":179306496,"EdenSpaceMax":1409286144,"SurvivorCommitted":11010048,"NonHeapMemoryMax":-1,"NonHeapMemoryInit":2555904,"HeapMemoryUsed":97222960,"EdenSpaceInit":67108864,"PermGenInit":0},"threadMap":{"ThreadCount":215,"TotalStartedThreadCount":578,"DeadLockedThreadCount":0,"ProcessCpuTimeRate":3.795,"DaemonThreadCount":211}},"pushJobNum":0,"receiveJobNum":0,"timestamp":1778724540000},{"exeExceptionNum":0,"exeFailedNum":0,"exeLaterNum":0,"exeSuccessNum":0,"fixExecutingJobNum":0,"jvmMData":{"gcMap":{"FullGCCollectionTime":14,"SpanYoungGCCollectionCount":0,"SpanFullGCCollectionCount":0,"YoungGCCollectionCount":3,"FullGCCollectionCount":1,"SpanYoungGCCollectionTime":0,"YoungGCCollectionTime":53,"SpanFullGCCollectionTime":0},"memoryMap":{"HeapMemoryMax":3817865216,"SurvivorUsed":2341800,"OldGenCommitted":86507520,"PermGenUsed":0,"NonHeapMemoryUsed":38210672,"OldGenMax":2863661056,"SurvivorInit":11010048,"PermGenCommitted":0,"PermGenMax":0,"OldGenUsed":7205448,"EdenSpaceUsed":94224568,"NonHeapMemoryCommitted":39190528,"HeapMemoryInit":268435456,"HeapMemoryCommitted":231735296,"SurvivorMax":11010048,"EdenSpaceCommitted":134217728,"OldGenInit":179306496,"EdenSpaceMax":1409286144,"SurvivorCommitted":11010048,"NonHeapMemoryMax":-1,"NonHeapMemoryInit":2555904,"HeapMemoryUsed":103771816,"EdenSpaceInit":67108864,"PermGenInit":0},"threadMap":{"ThreadCount":215,"TotalStartedThreadCount":638,"DeadLockedThreadCount":0,"ProcessCpuTimeRate":3.745,"DaemonThreadCount":211}},"pushJobNum":0,"receiveJobNum":0,"timestamp":1778724600000},{"exeExceptionNum":0,"exeFailedNum":0,"exeLaterNum":0,"exeSuccessNum":0,"fixExecutingJobNum":0,"jvmMData":{"gcMap":{"FullGCCollectionTime":14,"SpanYoungGCCollectionCount":0,"SpanFullGCCollectionCount":0,"YoungGCCollectionCount":3,"FullGCCollectionCount":1,"SpanYoungGCCollectionTime":0,"YoungGCCollectionTime":53,"SpanFullGCCollectionTime":0},"memoryMap":{"HeapMemoryMax":3817865216,"SurvivorUsed":2341800,"OldGenCommitted":86507520,"PermGenUsed":0,"NonHeapMemoryUsed":38465144,"OldGenMax":2863661056,"SurvivorInit":11010048,"PermGenCommitted":0,"PermGenMax":0,"OldGenUsed":7205448,"EdenSpaceUsed":101464760,"NonHeapMemoryCommitted":39649280,"HeapMemoryInit":268435456,"HeapMemoryCommitted":231735296,"SurvivorMax":11010048,"EdenSpaceCommitted":134217728,"OldGenInit":179306496,"EdenSpaceMax":1409286144,"SurvivorCommitted":11010048,"NonHeapMemoryMax":-1,"NonHeapMemoryInit":2555904,"HeapMemoryUsed":111012008,"EdenSpaceInit":67108864,"PermGenInit":0},"threadMap":{"ThreadCount":215,"TotalStartedThreadCount":696,"DeadLockedThreadCount":0,"ProcessCpuTimeRate":3.330,"DaemonThreadCount":211}},"pushJobNum":0,"receiveJobNum":0,"timestamp":1778724660000}], lts version: 1.7.3-SNAPSHOT, current host: 192.168.64.1
[lts] 2026-05-14 10:29:00,608 DEBUG [pool-1-thread-3] com.github.ltsopensource.core.logger.slf4j.Slf4jLogger.debug(32) | Add Monitor Data success, mNode={"identity":"TT_192.168.64.1_19784_10-03-55.606_1","nodeGroup":"test_trade_taskTracker","nodeType":"TASK_TRACKER"}, mData=[{"exeExceptionNum":0,"exeFailedNum":0,"exeLaterNum":0,"exeSuccessNum":0,"jvmMData":{"gcMap":{"FullGCCollectionTime":0,"SpanYoungGCCollectionCount":0,"SpanFullGCCollectionCount":0,"YoungGCCollectionCount":1,"FullGCCollectionCount":0,"SpanYoungGCCollectionTime":0,"YoungGCCollectionTime":18,"SpanFullGCCollectionTime":0},"memoryMap":{"HeapMemoryMax":3817865216,"SurvivorUsed":7829944,"OldGenCommitted":179306496,"PermGenUsed":0,"NonHeapMemoryUsed":20431784,"OldGenMax":2863661056,"SurvivorInit":11010048,"PermGenCommitted":0,"PermGenMax":0,"OldGenUsed":8192,"EdenSpaceUsed":6688136,"NonHeapMemoryCommitted":21168128,"HeapMemoryInit":268435456,"HeapMemoryCommitted":257425408,"SurvivorMax":11010048,"EdenSpaceCommitted":67108864,"OldGenInit":179306496,"EdenSpaceMax":1409286144,"SurvivorCommitted":11010048,"NonHeapMemoryMax":-1,"NonHeapMemoryInit":2555904,"HeapMemoryUsed":14526272,"EdenSpaceInit":67108864,"PermGenInit":0},"threadMap":{"ThreadCount":25,"TotalStartedThreadCount":28,"DeadLockedThreadCount":0,"ProcessCpuTimeRate":12.10,"DaemonThreadCount":22}},"timestamp":1778724180000,"totalRunningTime":0},{"exeExceptionNum":0,"exeFailedNum":0,"exeLaterNum":0,"exeSuccessNum":0,"jvmMData":{"gcMap":{"FullGCCollectionTime":0,"SpanYoungGCCollectionCount":0,"SpanFullGCCollectionCount":0,"YoungGCCollectionCount":1,"FullGCCollectionCount":0,"SpanYoungGCCollectionTime":0,"YoungGCCollectionTime":18,"SpanFullGCCollectionTime":0},"memoryMap":{"HeapMemoryMax":3817865216,"SurvivorUsed":7829944,"OldGenCommitted":179306496,"PermGenUsed":0,"NonHeapMemoryUsed":21548768,"OldGenMax":2863661056,"SurvivorInit":11010048,"PermGenCommitted":0,"PermGenMax":0,"OldGenUsed":8192,"EdenSpaceUsed":14087256,"NonHeapMemoryCommitted":22413312,"HeapMemoryInit":268435456,"HeapMemoryCommitted":257425408,"SurvivorMax":11010048,"EdenSpaceCommitted":67108864,"OldGenInit":179306496,"EdenSpaceMax":1409286144,"SurvivorCommitted":11010048,"NonHeapMemoryMax":-1,"NonHeapMemoryInit":2555904,"HeapMemoryUsed":21925392,"EdenSpaceInit":67108864,"PermGenInit":0},"threadMap":{"ThreadCount":24,"TotalStartedThreadCount":28,"DeadLockedThreadCount":0,"ProcessCpuTimeRate":3.338,"DaemonThreadCount":21}},"timestamp":1778724240000,"totalRunningTime":0},{"exeExceptionNum":0,"exeFailedNum":0,"exeLaterNum":0,"exeSuccessNum":0,"jvmMData":{"gcMap":{"FullGCCollectionTime":0,"SpanYoungGCCollectionCount":0,"SpanFullGCCollectionCount":0,"YoungGCCollectionCount":1,"FullGCCollectionCount":0,"SpanYoungGCCollectionTime":0,"YoungGCCollectionTime":18,"SpanFullGCCollectionTime":0},"memoryMap":{"HeapMemoryMax":3817865216,"SurvivorUsed":7829944,"OldGenCommitted":179306496,"PermGenUsed":0,"NonHeapMemoryUsed":21989680,"OldGenMax":2863661056,"SurvivorInit":11010048,"PermGenCommitted":0,"PermGenMax":0,"OldGenUsed":8192,"EdenSpaceUsed":16791488,"NonHeapMemoryCommitted":22806528,"HeapMemoryInit":268435456,"HeapMemoryCommitted":257425408,"SurvivorMax":11010048,"EdenSpaceCommitted":67108864,"OldGenInit":179306496,"EdenSpaceMax":1409286144,"SurvivorCommitted":11010048,"NonHeapMemoryMax":-1,"NonHeapMemoryInit":2555904,"HeapMemoryUsed":24629624,"EdenSpaceInit":67108864,"PermGenInit":0},"threadMap":{"ThreadCount":24,"TotalStartedThreadCount":28,"DeadLockedThreadCount":0,"ProcessCpuTimeRate":2.289,"DaemonThreadCount":21}},"timestamp":1778724300000,"totalRunningTime":0},{"exeExceptionNum":0,"exeFailedNum":0,"exeLaterNum":0,"exeSuccessNum":0,"jvmMData":{"gcMap":{"FullGCCollectionTime":0,"SpanYoungGCCollectionCount":0,"SpanFullGCCollectionCount":0,"YoungGCCollectionCount":1,"FullGCCollectionCount":0,"SpanYoungGCCollectionTime":0,"YoungGCCollectionTime":18,"SpanFullGCCollectionTime":0},"memoryMap":{"HeapMemoryMax":3817865216,"SurvivorUsed":7829944,"OldGenCommitted":179306496,"PermGenUsed":0,"NonHeapMemoryUsed":21988632,"OldGenMax":2863661056,"SurvivorInit":11010048,"PermGenCommitted":0,"PermGenMax":0,"OldGenUsed":8192,"EdenSpaceUsed":18808208,"NonHeapMemoryCommitted":23003136,"HeapMemoryInit":268435456,"HeapMemoryCommitted":257425408,"SurvivorMax":11010048,"EdenSpaceCommitted":67108864,"OldGenInit":179306496,"EdenSpaceMax":1409286144,"SurvivorCommitted":11010048,"NonHeapMemoryMax":-1,"NonHeapMemoryInit":2555904,"HeapMemoryUsed":26646344,"EdenSpaceInit":67108864,"PermGenInit":0},"threadMap":{"ThreadCount":24,"TotalStartedThreadCount":28,"DeadLockedThreadCount":0,"ProcessCpuTimeRate":2.171,"DaemonThreadCount":21}},"timestamp":1778724360000,"totalRunningTime":0},{"exeExceptionNum":0,"exeFailedNum":0,"exeLaterNum":0,"exeSuccessNum":0,"jvmMData":{"gcMap":{"FullGCCollectionTime":0,"SpanYoungGCCollectionCount":0,"SpanFullGCCollectionCount":0,"YoungGCCollectionCount":1,"FullGCCollectionCount":0,"SpanYoungGCCollectionTime":0,"YoungGCCollectionTime":18,"SpanFullGCCollectionTime":0},"memoryMap":{"HeapMemoryMax":3817865216,"SurvivorUsed":7829944,"OldGenCommitted":179306496,"PermGenUsed":0,"NonHeapMemoryUsed":22197712,"OldGenMax":2863661056,"SurvivorInit":11010048,"PermGenCommitted":0,"PermGenMax":0,"OldGenUsed":8192,"EdenSpaceUsed":23538952,"NonHeapMemoryCommitted":23003136,"HeapMemoryInit":268435456,"HeapMemoryCommitted":257425408,"SurvivorMax":11010048,"EdenSpaceCommitted":67108864,"OldGenInit":179306496,"EdenSpaceMax":1409286144,"SurvivorCommitted":11010048,"NonHeapMemoryMax":-1,"NonHeapMemoryInit":2555904,"HeapMemoryUsed":31377088,"EdenSpaceInit":67108864,"PermGenInit":0},"threadMap":{"ThreadCount":24,"TotalStartedThreadCount":28,"DeadLockedThreadCount":0,"ProcessCpuTimeRate":2.075,"DaemonThreadCount":21}},"timestamp":1778724420000,"totalRunningTime":0},{"exeExceptionNum":0,"exeFailedNum":0,"exeLaterNum":0,"exeSuccessNum":0,"jvmMData":{"gcMap":{"FullGCCollectionTime":0,"SpanYoungGCCollectionCount":0,"SpanFullGCCollectionCount":0,"YoungGCCollectionCount":1,"FullGCCollectionCount":0,"SpanYoungGCCollectionTime":0,"YoungGCCollectionTime":18,"SpanFullGCCollectionTime":0},"memoryMap":{"HeapMemoryMax":3817865216,"SurvivorUsed":7829944,"OldGenCommitted":179306496,"PermGenUsed":0,"NonHeapMemoryUsed":22475176,"OldGenMax":2863661056,"SurvivorInit":11010048,"PermGenCommitted":0,"PermGenMax":0,"OldGenUsed":8192,"EdenSpaceUsed":25552312,"NonHeapMemoryCommitted":23396352,"HeapMemoryInit":268435456,"HeapMemoryCommitted":257425408,"SurvivorMax":11010048,"EdenSpaceCommitted":67108864,"OldGenInit":179306496,"EdenSpaceMax":1409286144,"SurvivorCommitted":11010048,"NonHeapMemoryMax":-1,"NonHeapMemoryInit":2555904,"HeapMemoryUsed":33390448,"EdenSpaceInit":67108864,"PermGenInit":0},"threadMap":{"ThreadCount":24,"TotalStartedThreadCount":28,"DeadLockedThreadCount":0,"ProcessCpuTimeRate":2.404,"DaemonThreadCount":21}},"timestamp":1778724480000,"totalRunningTime":0},{"exeExceptionNum":0,"exeFailedNum":0,"exeLaterNum":0,"exeSuccessNum":0,"jvmMData":{"gcMap":{"FullGCCollectionTime":0,"SpanYoungGCCollectionCount":0,"SpanFullGCCollectionCount":0,"YoungGCCollectionCount":1,"FullGCCollectionCount":0,"SpanYoungGCCollectionTime":0,"YoungGCCollectionTime":18,"SpanFullGCCollectionTime":0},"memoryMap":{"HeapMemoryMax":3817865216,"SurvivorUsed":7829944,"OldGenCommitted":179306496,"PermGenUsed":0,"NonHeapMemoryUsed":22553792,"OldGenMax":2863661056,"SurvivorInit":11010048,"PermGenCommitted":0,"PermGenMax":0,"OldGenUsed":8192,"EdenSpaceUsed":28276760,"NonHeapMemoryCommitted":23461888,"HeapMemoryInit":268435456,"HeapMemoryCommitted":257425408,"SurvivorMax":11010048,"EdenSpaceCommitted":67108864,"OldGenInit":179306496,"EdenSpaceMax":1409286144,"SurvivorCommitted":11010048,"NonHeapMemoryMax":-1,"NonHeapMemoryInit":2555904,"HeapMemoryUsed":36114896,"EdenSpaceInit":67108864,"PermGenInit":0},"threadMap":{"ThreadCount":24,"TotalStartedThreadCount":28,"DeadLockedThreadCount":0,"ProcessCpuTimeRate":2.029,"DaemonThreadCount":21}},"timestamp":1778724540000,"totalRunningTime":0},{"exeExceptionNum":0,"exeFailedNum":0,"exeLaterNum":0,"exeSuccessNum":0,"jvmMData":{"gcMap":{"FullGCCollectionTime":0,"SpanYoungGCCollectionCount":0,"SpanFullGCCollectionCount":0,"YoungGCCollectionCount":1,"FullGCCollectionCount":0,"SpanYoungGCCollectionTime":0,"YoungGCCollectionTime":18,"SpanFullGCCollectionTime":0},"memoryMap":{"HeapMemoryMax":3817865216,"SurvivorUsed":7829944,"OldGenCommitted":179306496,"PermGenUsed":0,"NonHeapMemoryUsed":22749224,"OldGenMax":2863661056,"SurvivorInit":11010048,"PermGenCommitted":0,"PermGenMax":0,"OldGenUsed":8192,"EdenSpaceUsed":30993144,"NonHeapMemoryCommitted":23592960,"HeapMemoryInit":268435456,"HeapMemoryCommitted":257425408,"SurvivorMax":11010048,"EdenSpaceCommitted":67108864,"OldGenInit":179306496,"EdenSpaceMax":1409286144,"SurvivorCommitted":11010048,"NonHeapMemoryMax":-1,"NonHeapMemoryInit":2555904,"HeapMemoryUsed":38831280,"EdenSpaceInit":67108864,"PermGenInit":0},"threadMap":{"ThreadCount":24,"TotalStartedThreadCount":28,"DeadLockedThreadCount":0,"ProcessCpuTimeRate":1.943,"DaemonThreadCount":21}},"timestamp":1778724600000,"totalRunningTime":0},{"exeExceptionNum":0,"exeFailedNum":0,"exeLaterNum":0,"exeSuccessNum":0,"jvmMData":{"gcMap":{"FullGCCollectionTime":0,"SpanYoungGCCollectionCount":0,"SpanFullGCCollectionCount":0,"YoungGCCollectionCount":1,"FullGCCollectionCount":0,"SpanYoungGCCollectionTime":0,"YoungGCCollectionTime":18,"SpanFullGCCollectionTime":0},"memoryMap":{"HeapMemoryMax":3817865216,"SurvivorUsed":7829944,"OldGenCommitted":179306496,"PermGenUsed":0,"NonHeapMemoryUsed":22875216,"OldGenMax":2863661056,"SurvivorInit":11010048,"PermGenCommitted":0,"PermGenMax":0,"OldGenUsed":8192,"EdenSpaceUsed":34362312,"NonHeapMemoryCommitted":23724032,"HeapMemoryInit":268435456,"HeapMemoryCommitted":257425408,"SurvivorMax":11010048,"EdenSpaceCommitted":67108864,"OldGenInit":179306496,"EdenSpaceMax":1409286144,"SurvivorCommitted":11010048,"NonHeapMemoryMax":-1,"NonHeapMemoryInit":2555904,"HeapMemoryUsed":42200448,"EdenSpaceInit":67108864,"PermGenInit":0},"threadMap":{"ThreadCount":24,"TotalStartedThreadCount":28,"DeadLockedThreadCount":0,"ProcessCpuTimeRate":1.731,"DaemonThreadCount":21}},"timestamp":1778724660000,"totalRunningTime":0},{"exeExceptionNum":0,"exeFailedNum":0,"exeLaterNum":0,"exeSuccessNum":0,"jvmMData":{"gcMap":{"FullGCCollectionTime":0,"SpanYoungGCCollectionCount":0,"SpanFullGCCollectionCount":0,"YoungGCCollectionCount":1,"FullGCCollectionCount":0,"SpanYoungGCCollectionTime":0,"YoungGCCollectionTime":18,"SpanFullGCCollectionTime":0},"memoryMap":{"HeapMemoryMax":3817865216,"SurvivorUsed":7829944,"OldGenCommitted":179306496,"PermGenUsed":0,"NonHeapMemoryUsed":23121600,"OldGenMax":2863661056,"SurvivorInit":11010048,"PermGenCommitted":0,"PermGenMax":0,"OldGenUsed":8192,"EdenSpaceUsed":36375672,"NonHeapMemoryCommitted":24051712,"HeapMemoryInit":268435456,"HeapMemoryCommitted":257425408,"SurvivorMax":11010048,"EdenSpaceCommitted":67108864,"OldGenInit":179306496,"EdenSpaceMax":1409286144,"SurvivorCommitted":11010048,"NonHeapMemoryMax":-1,"NonHeapMemoryInit":2555904,"HeapMemoryUsed":44213808,"EdenSpaceInit":67108864,"PermGenInit":0},"threadMap":{"ThreadCount":24,"TotalStartedThreadCount":28,"DeadLockedThreadCount":0,"ProcessCpuTimeRate":2.058,"DaemonThreadCount":21}},"timestamp":1778724720000,"totalRunningTime":0}], lts version: 1.7.3-SNAPSHOT, current host: 192.168.64.1
[lts] 2026-05-14 10:30:00,732 DEBUG [pool-1-thread-5] com.github.ltsopensource.core.logger.slf4j.Slf4jLogger.debug(32) | 
    INSERT 
    INTO
        `
        lts_admin_job_tracker_monitor_data`(
            `gmt_created`, `identity`, `timestamp`, `receive_job_num`, `push_job_num`, `exe_success_num`, `exe_failed_num`, `exe_later_num`, `exe_exception_num`, `fix_executing_job_num`
        ) 
    VALUES
        (?,?,?,?,?,?,?,?,?,?), lts version: 1.7.3-SNAPSHOT, current host: 192.168.64.1
[lts] 2026-05-14 10:30:00,739 DEBUG [pool-1-thread-6] com.github.ltsopensource.core.logger.slf4j.Slf4jLogger.debug(32) | 
    INSERT 
    INTO
        `
        lts_admin_task_tracker_monitor_data`(
            `gmt_created`, `node_group`, `identity`, `timestamp`, `exe_success_num`, `exe_failed_num`, `exe_later_num`, `exe_exception_num`, `total_running_time`
        ) 
    VALUES
        (?,?,?,?,?,?,?,?,?), lts version: 1.7.3-SNAPSHOT, current host: 192.168.64.1
[lts] 2026-05-14 10:30:00,790 DEBUG [pool-1-thread-5] com.github.ltsopensource.core.logger.slf4j.Slf4jLogger.debug(32) | 
    INSERT 
    INTO
        `
        lts_admin_jvm_gc`(
            `gmt_created`, `identity`, `timestamp`, `node_type`, `node_group`, `young_gc_collection_count`, `young_gc_collection_time`, `full_gc_collection_count`, `full_gc_collection_time`, `span_young_gc_collection_count`, `span_young_gc_collection_time`, `span_full_gc_collection_count`, `span_full_gc_collection_time`
        ) 
    VALUES
        (?,?,?,?,?,?,?,?,?,?,?,?,?), lts version: 1.7.3-SNAPSHOT, current host: 192.168.64.1
[lts] 2026-05-14 10:30:00,790 DEBUG [pool-1-thread-6] com.github.ltsopensource.core.logger.slf4j.Slf4jLogger.debug(32) | 
    INSERT 
    INTO
        `
        lts_admin_jvm_gc`(
            `gmt_created`, `identity`, `timestamp`, `node_type`, `node_group`, `young_gc_collection_count`, `young_gc_collection_time`, `full_gc_collection_count`, `full_gc_collection_time`, `span_young_gc_collection_count`, `span_young_gc_collection_time`, `span_full_gc_collection_count`, `span_full_gc_collection_time`
        ) 
    VALUES
        (?,?,?,?,?,?,?,?,?,?,?,?,?), lts version: 1.7.3-SNAPSHOT, current host: 192.168.64.1
[lts] 2026-05-14 10:30:00,812 DEBUG [pool-1-thread-6] com.github.ltsopensource.core.logger.slf4j.Slf4jLogger.debug(32) | 
    INSERT 
    INTO
        `
        lts_admin_jvm_memory`(
            `gmt_created`, `identity`, `timestamp`, `node_type`, `node_group`, `heap_memory_committed`, `heap_memory_init`, `heap_memory_max`, `heap_memory_used`, `non_heap_memory_committed`, `non_heap_memory_init`, `non_heap_memory_max`, `non_heap_memory_used`, `perm_gen_committed`, `perm_gen_init`, `perm_gen_max`, `perm_gen_used`, `old_gen_committed`, `old_gen_init`, `old_gen_max`, `old_gen_used`, `eden_space_committed`, `eden_space_init`, `eden_space_max`, `eden_space_used`, `survivor_committed`, `survivor_init`, `survivor_max`, `survivor_used`
        ) 
    VALUES
        (?,?,?,?,?,?,?,?,?,?,?,?,?,?,?,?,?,?,?,?,?,?,?,?,?,?,?,?,?), lts version: 1.7.3-SNAPSHOT, current host: 192.168.64.1
[lts] 2026-05-14 10:30:00,812 DEBUG [pool-1-thread-5] com.github.ltsopensource.core.logger.slf4j.Slf4jLogger.debug(32) | 
    INSERT 
    INTO
        `
        lts_admin_jvm_memory`(
            `gmt_created`, `identity`, `timestamp`, `node_type`, `node_group`, `heap_memory_committed`, `heap_memory_init`, `heap_memory_max`, `heap_memory_used`, `non_heap_memory_committed`, `non_heap_memory_init`, `non_heap_memory_max`, `non_heap_memory_used`, `perm_gen_committed`, `perm_gen_init`, `perm_gen_max`, `perm_gen_used`, `old_gen_committed`, `old_gen_init`, `old_gen_max`, `old_gen_used`, `eden_space_committed`, `eden_space_init`, `eden_space_max`, `eden_space_used`, `survivor_committed`, `survivor_init`, `survivor_max`, `survivor_used`
        ) 
    VALUES
        (?,?,?,?,?,?,?,?,?,?,?,?,?,?,?,?,?,?,?,?,?,?,?,?,?,?,?,?,?), lts version: 1.7.3-SNAPSHOT, current host: 192.168.64.1
[lts] 2026-05-14 10:30:00,831 DEBUG [pool-1-thread-5] com.github.ltsopensource.core.logger.slf4j.Slf4jLogger.debug(32) | 
    INSERT 
    INTO
        `
        lts_admin_jvm_thread`(
            `gmt_created`, `identity`, `timestamp`, `node_type`, `node_group`, `daemon_thread_count`, `thread_count`, `total_started_thread_count`, `dead_locked_thread_count`, `process_cpu_time_rate`
        ) 
    VALUES
        (?,?,?,?,?,?,?,?,?,?), lts version: 1.7.3-SNAPSHOT, current host: 192.168.64.1
[lts] 2026-05-14 10:30:00,831 DEBUG [pool-1-thread-6] com.github.ltsopensource.core.logger.slf4j.Slf4jLogger.debug(32) | 
    INSERT 
    INTO
        `
        lts_admin_jvm_thread`(
            `gmt_created`, `identity`, `timestamp`, `node_type`, `node_group`, `daemon_thread_count`, `thread_count`, `total_started_thread_count`, `dead_locked_thread_count`, `process_cpu_time_rate`
        ) 
    VALUES
        (?,?,?,?,?,?,?,?,?,?), lts version: 1.7.3-SNAPSHOT, current host: 192.168.64.1
[lts] 2026-05-14 10:30:00,848 DEBUG [pool-1-thread-5] com.github.ltsopensource.core.logger.slf4j.Slf4jLogger.debug(32) | Add Monitor Data success, mNode={"identity":"JT_192.168.64.1_19709_10-02-49.861_1","nodeGroup":"lts","nodeType":"JOB_TRACKER"}, mData=[{"exeExceptionNum":0,"exeFailedNum":0,"exeLaterNum":0,"exeSuccessNum":0,"fixExecutingJobNum":0,"jvmMData":{"gcMap":{"FullGCCollectionTime":14,"SpanYoungGCCollectionCount":0,"SpanFullGCCollectionCount":0,"YoungGCCollectionCount":2,"FullGCCollectionCount":1,"SpanYoungGCCollectionTime":0,"YoungGCCollectionTime":39,"SpanFullGCCollectionTime":0},"memoryMap":{"HeapMemoryMax":3817865216,"SurvivorUsed":0,"OldGenCommitted":86507520,"PermGenUsed":0,"NonHeapMemoryUsed":30571448,"OldGenMax":2863661056,"SurvivorInit":11010048,"PermGenCommitted":0,"PermGenMax":0,"OldGenUsed":7197256,"EdenSpaceUsed":27307064,"NonHeapMemoryCommitted":31637504,"HeapMemoryInit":268435456,"HeapMemoryCommitted":231735296,"SurvivorMax":11010048,"EdenSpaceCommitted":134217728,"OldGenInit":179306496,"EdenSpaceMax":1409286144,"SurvivorCommitted":11010048,"NonHeapMemoryMax":-1,"NonHeapMemoryInit":2555904,"HeapMemoryUsed":34504320,"EdenSpaceInit":67108864,"PermGenInit":0},"threadMap":{"ThreadCount":30,"TotalStartedThreadCount":34,"DeadLockedThreadCount":0,"ProcessCpuTimeRate":5.441,"DaemonThreadCount":27}},"pushJobNum":0,"receiveJobNum":0,"timestamp":1778724120000},{"exeExceptionNum":0,"exeFailedNum":0,"exeLaterNum":0,"exeSuccessNum":0,"fixExecutingJobNum":0,"jvmMData":{"gcMap":{"FullGCCollectionTime":14,"SpanYoungGCCollectionCount":0,"SpanFullGCCollectionCount":0,"YoungGCCollectionCount":2,"FullGCCollectionCount":1,"SpanYoungGCCollectionTime":0,"YoungGCCollectionTime":39,"SpanFullGCCollectionTime":0},"memoryMap":{"HeapMemoryMax":3817865216,"SurvivorUsed":0,"OldGenCommitted":86507520,"PermGenUsed":0,"NonHeapMemoryUsed":31927272,"OldGenMax":2863661056,"SurvivorInit":11010048,"PermGenCommitted":0,"PermGenMax":0,"OldGenUsed":7197256,"EdenSpaceUsed":41404560,"NonHeapMemoryCommitted":32899072,"HeapMemoryInit":268435456,"HeapMemoryCommitted":231735296,"SurvivorMax":11010048,"EdenSpaceCommitted":134217728,"OldGenInit":179306496,"EdenSpaceMax":1409286144,"SurvivorCommitted":11010048,"NonHeapMemoryMax":-1,"NonHeapMemoryInit":2555904,"HeapMemoryUsed":48601816,"EdenSpaceInit":67108864,"PermGenInit":0},"threadMap":{"ThreadCount":41,"TotalStartedThreadCount":49,"DeadLockedThreadCount":0,"ProcessCpuTimeRate":3.235,"DaemonThreadCount":37}},"pushJobNum":0,"receiveJobNum":0,"timestamp":1778724180000},{"exeExceptionNum":0,"exeFailedNum":0,"exeLaterNum":0,"exeSuccessNum":0,"fixExecutingJobNum":0,"jvmMData":{"gcMap":{"FullGCCollectionTime":14,"SpanYoungGCCollectionCount":1,"SpanFullGCCollectionCount":0,"YoungGCCollectionCount":3,"FullGCCollectionCount":1,"SpanYoungGCCollectionTime":14,"YoungGCCollectionTime":53,"SpanFullGCCollectionTime":0},"memoryMap":{"HeapMemoryMax":3817865216,"SurvivorUsed":2341800,"OldGenCommitted":86507520,"PermGenUsed":0,"NonHeapMemoryUsed":33150888,"OldGenMax":2863661056,"SurvivorInit":11010048,"PermGenCommitted":0,"PermGenMax":0,"OldGenUsed":7205448,"EdenSpaceUsed":20897976,"NonHeapMemoryCommitted":34275328,"HeapMemoryInit":268435456,"HeapMemoryCommitted":231735296,"SurvivorMax":11010048,"EdenSpaceCommitted":134217728,"OldGenInit":179306496,"EdenSpaceMax":1409286144,"SurvivorCommitted":11010048,"NonHeapMemoryMax":-1,"NonHeapMemoryInit":2555904,"HeapMemoryUsed":30445224,"EdenSpaceInit":67108864,"PermGenInit":0},"threadMap":{"ThreadCount":196,"TotalStartedThreadCount":262,"DeadLockedThreadCount":0,"ProcessCpuTimeRate":6.438,"DaemonThreadCount":192}},"pushJobNum":0,"receiveJobNum":0,"timestamp":1778724240000},{"exeExceptionNum":0,"exeFailedNum":0,"exeLaterNum":0,"exeSuccessNum":0,"fixExecutingJobNum":0,"jvmMData":{"gcMap":{"FullGCCollectionTime":14,"SpanYoungGCCollectionCount":0,"SpanFullGCCollectionCount":0,"YoungGCCollectionCount":3,"FullGCCollectionCount":1,"SpanYoungGCCollectionTime":0,"YoungGCCollectionTime":53,"SpanFullGCCollectionTime":0},"memoryMap":{"HeapMemoryMax":3817865216,"SurvivorUsed":2341800,"OldGenCommitted":86507520,"PermGenUsed":0,"NonHeapMemoryUsed":34708688,"OldGenMax":2863661056,"SurvivorInit":11010048,"PermGenCommitted":0,"PermGenMax":0,"OldGenUsed":7205448,"EdenSpaceUsed":60142632,"NonHeapMemoryCommitted":35782656,"HeapMemoryInit":268435456,"HeapMemoryCommitted":231735296,"SurvivorMax":11010048,"EdenSpaceCommitted":134217728,"OldGenInit":179306496,"EdenSpaceMax":1409286144,"SurvivorCommitted":11010048,"NonHeapMemoryMax":-1,"NonHeapMemoryInit":2555904,"HeapMemoryUsed":69689880,"EdenSpaceInit":67108864,"PermGenInit":0},"threadMap":{"ThreadCount":215,"TotalStartedThreadCount":340,"DeadLockedThreadCount":0,"ProcessCpuTimeRate":4.987,"DaemonThreadCount":211}},"pushJobNum":0,"receiveJobNum":0,"timestamp":1778724300000},{"exeExceptionNum":0,"exeFailedNum":0,"exeLaterNum":0,"exeSuccessNum":0,"fixExecutingJobNum":0,"jvmMData":{"gcMap":{"FullGCCollectionTime":14,"SpanYoungGCCollectionCount":0,"SpanFullGCCollectionCount":0,"YoungGCCollectionCount":3,"FullGCCollectionCount":1,"SpanYoungGCCollectionTime":0,"YoungGCCollectionTime":53,"SpanFullGCCollectionTime":0},"memoryMap":{"HeapMemoryMax":3817865216,"SurvivorUsed":2341800,"OldGenCommitted":86507520,"PermGenUsed":0,"NonHeapMemoryUsed":35370336,"OldGenMax":2863661056,"SurvivorInit":11010048,"PermGenCommitted":0,"PermGenMax":0,"OldGenUsed":7205448,"EdenSpaceUsed":69433392,"NonHeapMemoryCommitted":36372480,"HeapMemoryInit":268435456,"HeapMemoryCommitted":231735296,"SurvivorMax":11010048,"EdenSpaceCommitted":134217728,"OldGenInit":179306496,"EdenSpaceMax":1409286144,"SurvivorCommitted":11010048,"NonHeapMemoryMax":-1,"NonHeapMemoryInit":2555904,"HeapMemoryUsed":78980640,"EdenSpaceInit":67108864,"PermGenInit":0},"threadMap":{"ThreadCount":215,"TotalStartedThreadCount":400,"DeadLockedThreadCount":0,"ProcessCpuTimeRate":4.004,"DaemonThreadCount":211}},"pushJobNum":0,"receiveJobNum":0,"timestamp":1778724360000},{"exeExceptionNum":0,"exeFailedNum":0,"exeLaterNum":0,"exeSuccessNum":0,"fixExecutingJobNum":0,"jvmMData":{"gcMap":{"FullGCCollectionTime":14,"SpanYoungGCCollectionCount":0,"SpanFullGCCollectionCount":0,"YoungGCCollectionCount":3,"FullGCCollectionCount":1,"SpanYoungGCCollectionTime":0,"YoungGCCollectionTime":53,"SpanFullGCCollectionTime":0},"memoryMap":{"HeapMemoryMax":3817865216,"SurvivorUsed":2341800,"OldGenCommitted":86507520,"PermGenUsed":0,"NonHeapMemoryUsed":36527472,"OldGenMax":2863661056,"SurvivorInit":11010048,"PermGenCommitted":0,"PermGenMax":0,"OldGenUsed":7205448,"EdenSpaceUsed":75563112,"NonHeapMemoryCommitted":37552128,"HeapMemoryInit":268435456,"HeapMemoryCommitted":231735296,"SurvivorMax":11010048,"EdenSpaceCommitted":134217728,"OldGenInit":179306496,"EdenSpaceMax":1409286144,"SurvivorCommitted":11010048,"NonHeapMemoryMax":-1,"NonHeapMemoryInit":2555904,"HeapMemoryUsed":85110360,"EdenSpaceInit":67108864,"PermGenInit":0},"threadMap":{"ThreadCount":215,"TotalStartedThreadCount":460,"DeadLockedThreadCount":0,"ProcessCpuTimeRate":5.054,"DaemonThreadCount":211}},"pushJobNum":0,"receiveJobNum":0,"timestamp":1778724420000},{"exeExceptionNum":0,"exeFailedNum":0,"exeLaterNum":0,"exeSuccessNum":0,"fixExecutingJobNum":0,"jvmMData":{"gcMap":{"FullGCCollectionTime":14,"SpanYoungGCCollectionCount":0,"SpanFullGCCollectionCount":0,"YoungGCCollectionCount":3,"FullGCCollectionCount":1,"SpanYoungGCCollectionTime":0,"YoungGCCollectionTime":53,"SpanFullGCCollectionTime":0},"memoryMap":{"HeapMemoryMax":3817865216,"SurvivorUsed":2341800,"OldGenCommitted":86507520,"PermGenUsed":0,"NonHeapMemoryUsed":37098240,"OldGenMax":2863661056,"SurvivorInit":11010048,"PermGenCommitted":0,"PermGenMax":0,"OldGenUsed":7205448,"EdenSpaceUsed":81165552,"NonHeapMemoryCommitted":38010880,"HeapMemoryInit":268435456,"HeapMemoryCommitted":231735296,"SurvivorMax":11010048,"EdenSpaceCommitted":134217728,"OldGenInit":179306496,"EdenSpaceMax":1409286144,"SurvivorCommitted":11010048,"NonHeapMemoryMax":-1,"NonHeapMemoryInit":2555904,"HeapMemoryUsed":90712800,"EdenSpaceInit":67108864,"PermGenInit":0},"threadMap":{"ThreadCount":215,"TotalStartedThreadCount":518,"DeadLockedThreadCount":0,"ProcessCpuTimeRate":4.220,"DaemonThreadCount":211}},"pushJobNum":0,"receiveJobNum":0,"timestamp":1778724480000},{"exeExceptionNum":0,"exeFailedNum":0,"exeLaterNum":0,"exeSuccessNum":0,"fixExecutingJobNum":0,"jvmMData":{"gcMap":{"FullGCCollectionTime":14,"SpanYoungGCCollectionCount":0,"SpanFullGCCollectionCount":0,"YoungGCCollectionCount":3,"FullGCCollectionCount":1,"SpanYoungGCCollectionTime":0,"YoungGCCollectionTime":53,"SpanFullGCCollectionTime":0},"memoryMap":{"HeapMemoryMax":3817865216,"SurvivorUsed":2341800,"OldGenCommitted":86507520,"PermGenUsed":0,"NonHeapMemoryUsed":37775888,"OldGenMax":2863661056,"SurvivorInit":11010048,"PermGenCommitted":0,"PermGenMax":0,"OldGenUsed":7205448,"EdenSpaceUsed":87675712,"NonHeapMemoryCommitted":38797312,"HeapMemoryInit":268435456,"HeapMemoryCommitted":231735296,"SurvivorMax":11010048,"EdenSpaceCommitted":134217728,"OldGenInit":179306496,"EdenSpaceMax":1409286144,"SurvivorCommitted":11010048,"NonHeapMemoryMax":-1,"NonHeapMemoryInit":2555904,"HeapMemoryUsed":97222960,"EdenSpaceInit":67108864,"PermGenInit":0},"threadMap":{"ThreadCount":215,"TotalStartedThreadCount":578,"DeadLockedThreadCount":0,"ProcessCpuTimeRate":3.795,"DaemonThreadCount":211}},"pushJobNum":0,"receiveJobNum":0,"timestamp":1778724540000},{"exeExceptionNum":0,"exeFailedNum":0,"exeLaterNum":0,"exeSuccessNum":0,"fixExecutingJobNum":0,"jvmMData":{"gcMap":{"FullGCCollectionTime":14,"SpanYoungGCCollectionCount":0,"SpanFullGCCollectionCount":0,"YoungGCCollectionCount":3,"FullGCCollectionCount":1,"SpanYoungGCCollectionTime":0,"YoungGCCollectionTime":53,"SpanFullGCCollectionTime":0},"memoryMap":{"HeapMemoryMax":3817865216,"SurvivorUsed":2341800,"OldGenCommitted":86507520,"PermGenUsed":0,"NonHeapMemoryUsed":38210672,"OldGenMax":2863661056,"SurvivorInit":11010048,"PermGenCommitted":0,"PermGenMax":0,"OldGenUsed":7205448,"EdenSpaceUsed":94224568,"NonHeapMemoryCommitted":39190528,"HeapMemoryInit":268435456,"HeapMemoryCommitted":231735296,"SurvivorMax":11010048,"EdenSpaceCommitted":134217728,"OldGenInit":179306496,"EdenSpaceMax":1409286144,"SurvivorCommitted":11010048,"NonHeapMemoryMax":-1,"NonHeapMemoryInit":2555904,"HeapMemoryUsed":103771816,"EdenSpaceInit":67108864,"PermGenInit":0},"threadMap":{"ThreadCount":215,"TotalStartedThreadCount":638,"DeadLockedThreadCount":0,"ProcessCpuTimeRate":3.745,"DaemonThreadCount":211}},"pushJobNum":0,"receiveJobNum":0,"timestamp":1778724600000},{"exeExceptionNum":0,"exeFailedNum":0,"exeLaterNum":0,"exeSuccessNum":0,"fixExecutingJobNum":0,"jvmMData":{"gcMap":{"FullGCCollectionTime":14,"SpanYoungGCCollectionCount":0,"SpanFullGCCollectionCount":0,"YoungGCCollectionCount":3,"FullGCCollectionCount":1,"SpanYoungGCCollectionTime":0,"YoungGCCollectionTime":53,"SpanFullGCCollectionTime":0},"memoryMap":{"HeapMemoryMax":3817865216,"SurvivorUsed":2341800,"OldGenCommitted":86507520,"PermGenUsed":0,"NonHeapMemoryUsed":38465144,"OldGenMax":2863661056,"SurvivorInit":11010048,"PermGenCommitted":0,"PermGenMax":0,"OldGenUsed":7205448,"EdenSpaceUsed":101464760,"NonHeapMemoryCommitted":39649280,"HeapMemoryInit":268435456,"HeapMemoryCommitted":231735296,"SurvivorMax":11010048,"EdenSpaceCommitted":134217728,"OldGenInit":179306496,"EdenSpaceMax":1409286144,"SurvivorCommitted":11010048,"NonHeapMemoryMax":-1,"NonHeapMemoryInit":2555904,"HeapMemoryUsed":111012008,"EdenSpaceInit":67108864,"PermGenInit":0},"threadMap":{"ThreadCount":215,"TotalStartedThreadCount":696,"DeadLockedThreadCount":0,"ProcessCpuTimeRate":3.330,"DaemonThreadCount":211}},"pushJobNum":0,"receiveJobNum":0,"timestamp":1778724660000}], lts version: 1.7.3-SNAPSHOT, current host: 192.168.64.1
[lts] 2026-05-14 10:30:00,849 DEBUG [pool-1-thread-6] com.github.ltsopensource.core.logger.slf4j.Slf4jLogger.debug(32) | Add Monitor Data success, mNode={"identity":"TT_192.168.64.1_19784_10-03-55.606_1","nodeGroup":"test_trade_taskTracker","nodeType":"TASK_TRACKER"}, mData=[{"exeExceptionNum":0,"exeFailedNum":0,"exeLaterNum":0,"exeSuccessNum":0,"jvmMData":{"gcMap":{"FullGCCollectionTime":0,"SpanYoungGCCollectionCount":0,"SpanFullGCCollectionCount":0,"YoungGCCollectionCount":1,"FullGCCollectionCount":0,"SpanYoungGCCollectionTime":0,"YoungGCCollectionTime":18,"SpanFullGCCollectionTime":0},"memoryMap":{"HeapMemoryMax":3817865216,"SurvivorUsed":7829944,"OldGenCommitted":179306496,"PermGenUsed":0,"NonHeapMemoryUsed":20431784,"OldGenMax":2863661056,"SurvivorInit":11010048,"PermGenCommitted":0,"PermGenMax":0,"OldGenUsed":8192,"EdenSpaceUsed":6688136,"NonHeapMemoryCommitted":21168128,"HeapMemoryInit":268435456,"HeapMemoryCommitted":257425408,"SurvivorMax":11010048,"EdenSpaceCommitted":67108864,"OldGenInit":179306496,"EdenSpaceMax":1409286144,"SurvivorCommitted":11010048,"NonHeapMemoryMax":-1,"NonHeapMemoryInit":2555904,"HeapMemoryUsed":14526272,"EdenSpaceInit":67108864,"PermGenInit":0},"threadMap":{"ThreadCount":25,"TotalStartedThreadCount":28,"DeadLockedThreadCount":0,"ProcessCpuTimeRate":12.10,"DaemonThreadCount":22}},"timestamp":1778724180000,"totalRunningTime":0},{"exeExceptionNum":0,"exeFailedNum":0,"exeLaterNum":0,"exeSuccessNum":0,"jvmMData":{"gcMap":{"FullGCCollectionTime":0,"SpanYoungGCCollectionCount":0,"SpanFullGCCollectionCount":0,"YoungGCCollectionCount":1,"FullGCCollectionCount":0,"SpanYoungGCCollectionTime":0,"YoungGCCollectionTime":18,"SpanFullGCCollectionTime":0},"memoryMap":{"HeapMemoryMax":3817865216,"SurvivorUsed":7829944,"OldGenCommitted":179306496,"PermGenUsed":0,"NonHeapMemoryUsed":21548768,"OldGenMax":2863661056,"SurvivorInit":11010048,"PermGenCommitted":0,"PermGenMax":0,"OldGenUsed":8192,"EdenSpaceUsed":14087256,"NonHeapMemoryCommitted":22413312,"HeapMemoryInit":268435456,"HeapMemoryCommitted":257425408,"SurvivorMax":11010048,"EdenSpaceCommitted":67108864,"OldGenInit":179306496,"EdenSpaceMax":1409286144,"SurvivorCommitted":11010048,"NonHeapMemoryMax":-1,"NonHeapMemoryInit":2555904,"HeapMemoryUsed":21925392,"EdenSpaceInit":67108864,"PermGenInit":0},"threadMap":{"ThreadCount":24,"TotalStartedThreadCount":28,"DeadLockedThreadCount":0,"ProcessCpuTimeRate":3.338,"DaemonThreadCount":21}},"timestamp":1778724240000,"totalRunningTime":0},{"exeExceptionNum":0,"exeFailedNum":0,"exeLaterNum":0,"exeSuccessNum":0,"jvmMData":{"gcMap":{"FullGCCollectionTime":0,"SpanYoungGCCollectionCount":0,"SpanFullGCCollectionCount":0,"YoungGCCollectionCount":1,"FullGCCollectionCount":0,"SpanYoungGCCollectionTime":0,"YoungGCCollectionTime":18,"SpanFullGCCollectionTime":0},"memoryMap":{"HeapMemoryMax":3817865216,"SurvivorUsed":7829944,"OldGenCommitted":179306496,"PermGenUsed":0,"NonHeapMemoryUsed":21989680,"OldGenMax":2863661056,"SurvivorInit":11010048,"PermGenCommitted":0,"PermGenMax":0,"OldGenUsed":8192,"EdenSpaceUsed":16791488,"NonHeapMemoryCommitted":22806528,"HeapMemoryInit":268435456,"HeapMemoryCommitted":257425408,"SurvivorMax":11010048,"EdenSpaceCommitted":67108864,"OldGenInit":179306496,"EdenSpaceMax":1409286144,"SurvivorCommitted":11010048,"NonHeapMemoryMax":-1,"NonHeapMemoryInit":2555904,"HeapMemoryUsed":24629624,"EdenSpaceInit":67108864,"PermGenInit":0},"threadMap":{"ThreadCount":24,"TotalStartedThreadCount":28,"DeadLockedThreadCount":0,"ProcessCpuTimeRate":2.289,"DaemonThreadCount":21}},"timestamp":1778724300000,"totalRunningTime":0},{"exeExceptionNum":0,"exeFailedNum":0,"exeLaterNum":0,"exeSuccessNum":0,"jvmMData":{"gcMap":{"FullGCCollectionTime":0,"SpanYoungGCCollectionCount":0,"SpanFullGCCollectionCount":0,"YoungGCCollectionCount":1,"FullGCCollectionCount":0,"SpanYoungGCCollectionTime":0,"YoungGCCollectionTime":18,"SpanFullGCCollectionTime":0},"memoryMap":{"HeapMemoryMax":3817865216,"SurvivorUsed":7829944,"OldGenCommitted":179306496,"PermGenUsed":0,"NonHeapMemoryUsed":21988632,"OldGenMax":2863661056,"SurvivorInit":11010048,"PermGenCommitted":0,"PermGenMax":0,"OldGenUsed":8192,"EdenSpaceUsed":18808208,"NonHeapMemoryCommitted":23003136,"HeapMemoryInit":268435456,"HeapMemoryCommitted":257425408,"SurvivorMax":11010048,"EdenSpaceCommitted":67108864,"OldGenInit":179306496,"EdenSpaceMax":1409286144,"SurvivorCommitted":11010048,"NonHeapMemoryMax":-1,"NonHeapMemoryInit":2555904,"HeapMemoryUsed":26646344,"EdenSpaceInit":67108864,"PermGenInit":0},"threadMap":{"ThreadCount":24,"TotalStartedThreadCount":28,"DeadLockedThreadCount":0,"ProcessCpuTimeRate":2.171,"DaemonThreadCount":21}},"timestamp":1778724360000,"totalRunningTime":0},{"exeExceptionNum":0,"exeFailedNum":0,"exeLaterNum":0,"exeSuccessNum":0,"jvmMData":{"gcMap":{"FullGCCollectionTime":0,"SpanYoungGCCollectionCount":0,"SpanFullGCCollectionCount":0,"YoungGCCollectionCount":1,"FullGCCollectionCount":0,"SpanYoungGCCollectionTime":0,"YoungGCCollectionTime":18,"SpanFullGCCollectionTime":0},"memoryMap":{"HeapMemoryMax":3817865216,"SurvivorUsed":7829944,"OldGenCommitted":179306496,"PermGenUsed":0,"NonHeapMemoryUsed":22197712,"OldGenMax":2863661056,"SurvivorInit":11010048,"PermGenCommitted":0,"PermGenMax":0,"OldGenUsed":8192,"EdenSpaceUsed":23538952,"NonHeapMemoryCommitted":23003136,"HeapMemoryInit":268435456,"HeapMemoryCommitted":257425408,"SurvivorMax":11010048,"EdenSpaceCommitted":67108864,"OldGenInit":179306496,"EdenSpaceMax":1409286144,"SurvivorCommitted":11010048,"NonHeapMemoryMax":-1,"NonHeapMemoryInit":2555904,"HeapMemoryUsed":31377088,"EdenSpaceInit":67108864,"PermGenInit":0},"threadMap":{"ThreadCount":24,"TotalStartedThreadCount":28,"DeadLockedThreadCount":0,"ProcessCpuTimeRate":2.075,"DaemonThreadCount":21}},"timestamp":1778724420000,"totalRunningTime":0},{"exeExceptionNum":0,"exeFailedNum":0,"exeLaterNum":0,"exeSuccessNum":0,"jvmMData":{"gcMap":{"FullGCCollectionTime":0,"SpanYoungGCCollectionCount":0,"SpanFullGCCollectionCount":0,"YoungGCCollectionCount":1,"FullGCCollectionCount":0,"SpanYoungGCCollectionTime":0,"YoungGCCollectionTime":18,"SpanFullGCCollectionTime":0},"memoryMap":{"HeapMemoryMax":3817865216,"SurvivorUsed":7829944,"OldGenCommitted":179306496,"PermGenUsed":0,"NonHeapMemoryUsed":22475176,"OldGenMax":2863661056,"SurvivorInit":11010048,"PermGenCommitted":0,"PermGenMax":0,"OldGenUsed":8192,"EdenSpaceUsed":25552312,"NonHeapMemoryCommitted":23396352,"HeapMemoryInit":268435456,"HeapMemoryCommitted":257425408,"SurvivorMax":11010048,"EdenSpaceCommitted":67108864,"OldGenInit":179306496,"EdenSpaceMax":1409286144,"SurvivorCommitted":11010048,"NonHeapMemoryMax":-1,"NonHeapMemoryInit":2555904,"HeapMemoryUsed":33390448,"EdenSpaceInit":67108864,"PermGenInit":0},"threadMap":{"ThreadCount":24,"TotalStartedThreadCount":28,"DeadLockedThreadCount":0,"ProcessCpuTimeRate":2.404,"DaemonThreadCount":21}},"timestamp":1778724480000,"totalRunningTime":0},{"exeExceptionNum":0,"exeFailedNum":0,"exeLaterNum":0,"exeSuccessNum":0,"jvmMData":{"gcMap":{"FullGCCollectionTime":0,"SpanYoungGCCollectionCount":0,"SpanFullGCCollectionCount":0,"YoungGCCollectionCount":1,"FullGCCollectionCount":0,"SpanYoungGCCollectionTime":0,"YoungGCCollectionTime":18,"SpanFullGCCollectionTime":0},"memoryMap":{"HeapMemoryMax":3817865216,"SurvivorUsed":7829944,"OldGenCommitted":179306496,"PermGenUsed":0,"NonHeapMemoryUsed":22553792,"OldGenMax":2863661056,"SurvivorInit":11010048,"PermGenCommitted":0,"PermGenMax":0,"OldGenUsed":8192,"EdenSpaceUsed":28276760,"NonHeapMemoryCommitted":23461888,"HeapMemoryInit":268435456,"HeapMemoryCommitted":257425408,"SurvivorMax":11010048,"EdenSpaceCommitted":67108864,"OldGenInit":179306496,"EdenSpaceMax":1409286144,"SurvivorCommitted":11010048,"NonHeapMemoryMax":-1,"NonHeapMemoryInit":2555904,"HeapMemoryUsed":36114896,"EdenSpaceInit":67108864,"PermGenInit":0},"threadMap":{"ThreadCount":24,"TotalStartedThreadCount":28,"DeadLockedThreadCount":0,"ProcessCpuTimeRate":2.029,"DaemonThreadCount":21}},"timestamp":1778724540000,"totalRunningTime":0},{"exeExceptionNum":0,"exeFailedNum":0,"exeLaterNum":0,"exeSuccessNum":0,"jvmMData":{"gcMap":{"FullGCCollectionTime":0,"SpanYoungGCCollectionCount":0,"SpanFullGCCollectionCount":0,"YoungGCCollectionCount":1,"FullGCCollectionCount":0,"SpanYoungGCCollectionTime":0,"YoungGCCollectionTime":18,"SpanFullGCCollectionTime":0},"memoryMap":{"HeapMemoryMax":3817865216,"SurvivorUsed":7829944,"OldGenCommitted":179306496,"PermGenUsed":0,"NonHeapMemoryUsed":22749224,"OldGenMax":2863661056,"SurvivorInit":11010048,"PermGenCommitted":0,"PermGenMax":0,"OldGenUsed":8192,"EdenSpaceUsed":30993144,"NonHeapMemoryCommitted":23592960,"HeapMemoryInit":268435456,"HeapMemoryCommitted":257425408,"SurvivorMax":11010048,"EdenSpaceCommitted":67108864,"OldGenInit":179306496,"EdenSpaceMax":1409286144,"SurvivorCommitted":11010048,"NonHeapMemoryMax":-1,"NonHeapMemoryInit":2555904,"HeapMemoryUsed":38831280,"EdenSpaceInit":67108864,"PermGenInit":0},"threadMap":{"ThreadCount":24,"TotalStartedThreadCount":28,"DeadLockedThreadCount":0,"ProcessCpuTimeRate":1.943,"DaemonThreadCount":21}},"timestamp":1778724600000,"totalRunningTime":0},{"exeExceptionNum":0,"exeFailedNum":0,"exeLaterNum":0,"exeSuccessNum":0,"jvmMData":{"gcMap":{"FullGCCollectionTime":0,"SpanYoungGCCollectionCount":0,"SpanFullGCCollectionCount":0,"YoungGCCollectionCount":1,"FullGCCollectionCount":0,"SpanYoungGCCollectionTime":0,"YoungGCCollectionTime":18,"SpanFullGCCollectionTime":0},"memoryMap":{"HeapMemoryMax":3817865216,"SurvivorUsed":7829944,"OldGenCommitted":179306496,"PermGenUsed":0,"NonHeapMemoryUsed":22875216,"OldGenMax":2863661056,"SurvivorInit":11010048,"PermGenCommitted":0,"PermGenMax":0,"OldGenUsed":8192,"EdenSpaceUsed":34362312,"NonHeapMemoryCommitted":23724032,"HeapMemoryInit":268435456,"HeapMemoryCommitted":257425408,"SurvivorMax":11010048,"EdenSpaceCommitted":67108864,"OldGenInit":179306496,"EdenSpaceMax":1409286144,"SurvivorCommitted":11010048,"NonHeapMemoryMax":-1,"NonHeapMemoryInit":2555904,"HeapMemoryUsed":42200448,"EdenSpaceInit":67108864,"PermGenInit":0},"threadMap":{"ThreadCount":24,"TotalStartedThreadCount":28,"DeadLockedThreadCount":0,"ProcessCpuTimeRate":1.731,"DaemonThreadCount":21}},"timestamp":1778724660000,"totalRunningTime":0},{"exeExceptionNum":0,"exeFailedNum":0,"exeLaterNum":0,"exeSuccessNum":0,"jvmMData":{"gcMap":{"FullGCCollectionTime":0,"SpanYoungGCCollectionCount":0,"SpanFullGCCollectionCount":0,"YoungGCCollectionCount":1,"FullGCCollectionCount":0,"SpanYoungGCCollectionTime":0,"YoungGCCollectionTime":18,"SpanFullGCCollectionTime":0},"memoryMap":{"HeapMemoryMax":3817865216,"SurvivorUsed":7829944,"OldGenCommitted":179306496,"PermGenUsed":0,"NonHeapMemoryUsed":23121600,"OldGenMax":2863661056,"SurvivorInit":11010048,"PermGenCommitted":0,"PermGenMax":0,"OldGenUsed":8192,"EdenSpaceUsed":36375672,"NonHeapMemoryCommitted":24051712,"HeapMemoryInit":268435456,"HeapMemoryCommitted":257425408,"SurvivorMax":11010048,"EdenSpaceCommitted":67108864,"OldGenInit":179306496,"EdenSpaceMax":1409286144,"SurvivorCommitted":11010048,"NonHeapMemoryMax":-1,"NonHeapMemoryInit":2555904,"HeapMemoryUsed":44213808,"EdenSpaceInit":67108864,"PermGenInit":0},"threadMap":{"ThreadCount":24,"TotalStartedThreadCount":28,"DeadLockedThreadCount":0,"ProcessCpuTimeRate":2.058,"DaemonThreadCount":21}},"timestamp":1778724720000,"totalRunningTime":0}], lts version: 1.7.3-SNAPSHOT, current host: 192.168.64.1
[lts] 2026-05-14 10:31:00,989 DEBUG [pool-1-thread-7] com.github.ltsopensource.core.logger.slf4j.Slf4jLogger.debug(32) | 
    INSERT 
    INTO
        `
        lts_admin_task_tracker_monitor_data`(
            `gmt_created`, `node_group`, `identity`, `timestamp`, `exe_success_num`, `exe_failed_num`, `exe_later_num`, `exe_exception_num`, `total_running_time`
        ) 
    VALUES
        (?,?,?,?,?,?,?,?,?), lts version: 1.7.3-SNAPSHOT, current host: 192.168.64.1
[lts] 2026-05-14 10:31:00,989 DEBUG [pool-1-thread-8] com.github.ltsopensource.core.logger.slf4j.Slf4jLogger.debug(32) | 
    INSERT 
    INTO
        `
        lts_admin_job_tracker_monitor_data`(
            `gmt_created`, `identity`, `timestamp`, `receive_job_num`, `push_job_num`, `exe_success_num`, `exe_failed_num`, `exe_later_num`, `exe_exception_num`, `fix_executing_job_num`
        ) 
    VALUES
        (?,?,?,?,?,?,?,?,?,?), lts version: 1.7.3-SNAPSHOT, current host: 192.168.64.1
[lts] 2026-05-14 10:31:01,039 DEBUG [pool-1-thread-8] com.github.ltsopensource.core.logger.slf4j.Slf4jLogger.debug(32) | 
    INSERT 
    INTO
        `
        lts_admin_jvm_gc`(
            `gmt_created`, `identity`, `timestamp`, `node_type`, `node_group`, `young_gc_collection_count`, `young_gc_collection_time`, `full_gc_collection_count`, `full_gc_collection_time`, `span_young_gc_collection_count`, `span_young_gc_collection_time`, `span_full_gc_collection_count`, `span_full_gc_collection_time`
        ) 
    VALUES
        (?,?,?,?,?,?,?,?,?,?,?,?,?), lts version: 1.7.3-SNAPSHOT, current host: 192.168.64.1
[lts] 2026-05-14 10:31:01,039 DEBUG [pool-1-thread-7] com.github.ltsopensource.core.logger.slf4j.Slf4jLogger.debug(32) | 
    INSERT 
    INTO
        `
        lts_admin_jvm_gc`(
            `gmt_created`, `identity`, `timestamp`, `node_type`, `node_group`, `young_gc_collection_count`, `young_gc_collection_time`, `full_gc_collection_count`, `full_gc_collection_time`, `span_young_gc_collection_count`, `span_young_gc_collection_time`, `span_full_gc_collection_count`, `span_full_gc_collection_time`
        ) 
    VALUES
        (?,?,?,?,?,?,?,?,?,?,?,?,?), lts version: 1.7.3-SNAPSHOT, current host: 192.168.64.1
[lts] 2026-05-14 10:31:01,060 DEBUG [pool-1-thread-7] com.github.ltsopensource.core.logger.slf4j.Slf4jLogger.debug(32) | 
    INSERT 
    INTO
        `
        lts_admin_jvm_memory`(
            `gmt_created`, `identity`, `timestamp`, `node_type`, `node_group`, `heap_memory_committed`, `heap_memory_init`, `heap_memory_max`, `heap_memory_used`, `non_heap_memory_committed`, `non_heap_memory_init`, `non_heap_memory_max`, `non_heap_memory_used`, `perm_gen_committed`, `perm_gen_init`, `perm_gen_max`, `perm_gen_used`, `old_gen_committed`, `old_gen_init`, `old_gen_max`, `old_gen_used`, `eden_space_committed`, `eden_space_init`, `eden_space_max`, `eden_space_used`, `survivor_committed`, `survivor_init`, `survivor_max`, `survivor_used`
        ) 
    VALUES
        (?,?,?,?,?,?,?,?,?,?,?,?,?,?,?,?,?,?,?,?,?,?,?,?,?,?,?,?,?), lts version: 1.7.3-SNAPSHOT, current host: 192.168.64.1
[lts] 2026-05-14 10:31:01,060 DEBUG [pool-1-thread-8] com.github.ltsopensource.core.logger.slf4j.Slf4jLogger.debug(32) | 
    INSERT 
    INTO
        `
        lts_admin_jvm_memory`(
            `gmt_created`, `identity`, `timestamp`, `node_type`, `node_group`, `heap_memory_committed`, `heap_memory_init`, `heap_memory_max`, `heap_memory_used`, `non_heap_memory_committed`, `non_heap_memory_init`, `non_heap_memory_max`, `non_heap_memory_used`, `perm_gen_committed`, `perm_gen_init`, `perm_gen_max`, `perm_gen_used`, `old_gen_committed`, `old_gen_init`, `old_gen_max`, `old_gen_used`, `eden_space_committed`, `eden_space_init`, `eden_space_max`, `eden_space_used`, `survivor_committed`, `survivor_init`, `survivor_max`, `survivor_used`
        ) 
    VALUES
        (?,?,?,?,?,?,?,?,?,?,?,?,?,?,?,?,?,?,?,?,?,?,?,?,?,?,?,?,?), lts version: 1.7.3-SNAPSHOT, current host: 192.168.64.1
[lts] 2026-05-14 10:31:01,081 DEBUG [pool-1-thread-7] com.github.ltsopensource.core.logger.slf4j.Slf4jLogger.debug(32) | 
    INSERT 
    INTO
        `
        lts_admin_jvm_thread`(
            `gmt_created`, `identity`, `timestamp`, `node_type`, `node_group`, `daemon_thread_count`, `thread_count`, `total_started_thread_count`, `dead_locked_thread_count`, `process_cpu_time_rate`
        ) 
    VALUES
        (?,?,?,?,?,?,?,?,?,?), lts version: 1.7.3-SNAPSHOT, current host: 192.168.64.1
[lts] 2026-05-14 10:31:01,081 DEBUG [pool-1-thread-8] com.github.ltsopensource.core.logger.slf4j.Slf4jLogger.debug(32) | 
    INSERT 
    INTO
        `
        lts_admin_jvm_thread`(
            `gmt_created`, `identity`, `timestamp`, `node_type`, `node_group`, `daemon_thread_count`, `thread_count`, `total_started_thread_count`, `dead_locked_thread_count`, `process_cpu_time_rate`
        ) 
    VALUES
        (?,?,?,?,?,?,?,?,?,?), lts version: 1.7.3-SNAPSHOT, current host: 192.168.64.1
[lts] 2026-05-14 10:31:01,096 DEBUG [pool-1-thread-8] com.github.ltsopensource.core.logger.slf4j.Slf4jLogger.debug(32) | Add Monitor Data success, mNode={"identity":"JT_192.168.64.1_19709_10-02-49.861_1","nodeGroup":"lts","nodeType":"JOB_TRACKER"}, mData=[{"exeExceptionNum":0,"exeFailedNum":0,"exeLaterNum":0,"exeSuccessNum":0,"fixExecutingJobNum":0,"jvmMData":{"gcMap":{"FullGCCollectionTime":14,"SpanYoungGCCollectionCount":0,"SpanFullGCCollectionCount":0,"YoungGCCollectionCount":2,"FullGCCollectionCount":1,"SpanYoungGCCollectionTime":0,"YoungGCCollectionTime":39,"SpanFullGCCollectionTime":0},"memoryMap":{"HeapMemoryMax":3817865216,"SurvivorUsed":0,"OldGenCommitted":86507520,"PermGenUsed":0,"NonHeapMemoryUsed":30571448,"OldGenMax":2863661056,"SurvivorInit":11010048,"PermGenCommitted":0,"PermGenMax":0,"OldGenUsed":7197256,"EdenSpaceUsed":27307064,"NonHeapMemoryCommitted":31637504,"HeapMemoryInit":268435456,"HeapMemoryCommitted":231735296,"SurvivorMax":11010048,"EdenSpaceCommitted":134217728,"OldGenInit":179306496,"EdenSpaceMax":1409286144,"SurvivorCommitted":11010048,"NonHeapMemoryMax":-1,"NonHeapMemoryInit":2555904,"HeapMemoryUsed":34504320,"EdenSpaceInit":67108864,"PermGenInit":0},"threadMap":{"ThreadCount":30,"TotalStartedThreadCount":34,"DeadLockedThreadCount":0,"ProcessCpuTimeRate":5.441,"DaemonThreadCount":27}},"pushJobNum":0,"receiveJobNum":0,"timestamp":1778724120000},{"exeExceptionNum":0,"exeFailedNum":0,"exeLaterNum":0,"exeSuccessNum":0,"fixExecutingJobNum":0,"jvmMData":{"gcMap":{"FullGCCollectionTime":14,"SpanYoungGCCollectionCount":0,"SpanFullGCCollectionCount":0,"YoungGCCollectionCount":2,"FullGCCollectionCount":1,"SpanYoungGCCollectionTime":0,"YoungGCCollectionTime":39,"SpanFullGCCollectionTime":0},"memoryMap":{"HeapMemoryMax":3817865216,"SurvivorUsed":0,"OldGenCommitted":86507520,"PermGenUsed":0,"NonHeapMemoryUsed":31927272,"OldGenMax":2863661056,"SurvivorInit":11010048,"PermGenCommitted":0,"PermGenMax":0,"OldGenUsed":7197256,"EdenSpaceUsed":41404560,"NonHeapMemoryCommitted":32899072,"HeapMemoryInit":268435456,"HeapMemoryCommitted":231735296,"SurvivorMax":11010048,"EdenSpaceCommitted":134217728,"OldGenInit":179306496,"EdenSpaceMax":1409286144,"SurvivorCommitted":11010048,"NonHeapMemoryMax":-1,"NonHeapMemoryInit":2555904,"HeapMemoryUsed":48601816,"EdenSpaceInit":67108864,"PermGenInit":0},"threadMap":{"ThreadCount":41,"TotalStartedThreadCount":49,"DeadLockedThreadCount":0,"ProcessCpuTimeRate":3.235,"DaemonThreadCount":37}},"pushJobNum":0,"receiveJobNum":0,"timestamp":1778724180000},{"exeExceptionNum":0,"exeFailedNum":0,"exeLaterNum":0,"exeSuccessNum":0,"fixExecutingJobNum":0,"jvmMData":{"gcMap":{"FullGCCollectionTime":14,"SpanYoungGCCollectionCount":1,"SpanFullGCCollectionCount":0,"YoungGCCollectionCount":3,"FullGCCollectionCount":1,"SpanYoungGCCollectionTime":14,"YoungGCCollectionTime":53,"SpanFullGCCollectionTime":0},"memoryMap":{"HeapMemoryMax":3817865216,"SurvivorUsed":2341800,"OldGenCommitted":86507520,"PermGenUsed":0,"NonHeapMemoryUsed":33150888,"OldGenMax":2863661056,"SurvivorInit":11010048,"PermGenCommitted":0,"PermGenMax":0,"OldGenUsed":7205448,"EdenSpaceUsed":20897976,"NonHeapMemoryCommitted":34275328,"HeapMemoryInit":268435456,"HeapMemoryCommitted":231735296,"SurvivorMax":11010048,"EdenSpaceCommitted":134217728,"OldGenInit":179306496,"EdenSpaceMax":1409286144,"SurvivorCommitted":11010048,"NonHeapMemoryMax":-1,"NonHeapMemoryInit":2555904,"HeapMemoryUsed":30445224,"EdenSpaceInit":67108864,"PermGenInit":0},"threadMap":{"ThreadCount":196,"TotalStartedThreadCount":262,"DeadLockedThreadCount":0,"ProcessCpuTimeRate":6.438,"DaemonThreadCount":192}},"pushJobNum":0,"receiveJobNum":0,"timestamp":1778724240000},{"exeExceptionNum":0,"exeFailedNum":0,"exeLaterNum":0,"exeSuccessNum":0,"fixExecutingJobNum":0,"jvmMData":{"gcMap":{"FullGCCollectionTime":14,"SpanYoungGCCollectionCount":0,"SpanFullGCCollectionCount":0,"YoungGCCollectionCount":3,"FullGCCollectionCount":1,"SpanYoungGCCollectionTime":0,"YoungGCCollectionTime":53,"SpanFullGCCollectionTime":0},"memoryMap":{"HeapMemoryMax":3817865216,"SurvivorUsed":2341800,"OldGenCommitted":86507520,"PermGenUsed":0,"NonHeapMemoryUsed":34708688,"OldGenMax":2863661056,"SurvivorInit":11010048,"PermGenCommitted":0,"PermGenMax":0,"OldGenUsed":7205448,"EdenSpaceUsed":60142632,"NonHeapMemoryCommitted":35782656,"HeapMemoryInit":268435456,"HeapMemoryCommitted":231735296,"SurvivorMax":11010048,"EdenSpaceCommitted":134217728,"OldGenInit":179306496,"EdenSpaceMax":1409286144,"SurvivorCommitted":11010048,"NonHeapMemoryMax":-1,"NonHeapMemoryInit":2555904,"HeapMemoryUsed":69689880,"EdenSpaceInit":67108864,"PermGenInit":0},"threadMap":{"ThreadCount":215,"TotalStartedThreadCount":340,"DeadLockedThreadCount":0,"ProcessCpuTimeRate":4.987,"DaemonThreadCount":211}},"pushJobNum":0,"receiveJobNum":0,"timestamp":1778724300000},{"exeExceptionNum":0,"exeFailedNum":0,"exeLaterNum":0,"exeSuccessNum":0,"fixExecutingJobNum":0,"jvmMData":{"gcMap":{"FullGCCollectionTime":14,"SpanYoungGCCollectionCount":0,"SpanFullGCCollectionCount":0,"YoungGCCollectionCount":3,"FullGCCollectionCount":1,"SpanYoungGCCollectionTime":0,"YoungGCCollectionTime":53,"SpanFullGCCollectionTime":0},"memoryMap":{"HeapMemoryMax":3817865216,"SurvivorUsed":2341800,"OldGenCommitted":86507520,"PermGenUsed":0,"NonHeapMemoryUsed":35370336,"OldGenMax":2863661056,"SurvivorInit":11010048,"PermGenCommitted":0,"PermGenMax":0,"OldGenUsed":7205448,"EdenSpaceUsed":69433392,"NonHeapMemoryCommitted":36372480,"HeapMemoryInit":268435456,"HeapMemoryCommitted":231735296,"SurvivorMax":11010048,"EdenSpaceCommitted":134217728,"OldGenInit":179306496,"EdenSpaceMax":1409286144,"SurvivorCommitted":11010048,"NonHeapMemoryMax":-1,"NonHeapMemoryInit":2555904,"HeapMemoryUsed":78980640,"EdenSpaceInit":67108864,"PermGenInit":0},"threadMap":{"ThreadCount":215,"TotalStartedThreadCount":400,"DeadLockedThreadCount":0,"ProcessCpuTimeRate":4.004,"DaemonThreadCount":211}},"pushJobNum":0,"receiveJobNum":0,"timestamp":1778724360000},{"exeExceptionNum":0,"exeFailedNum":0,"exeLaterNum":0,"exeSuccessNum":0,"fixExecutingJobNum":0,"jvmMData":{"gcMap":{"FullGCCollectionTime":14,"SpanYoungGCCollectionCount":0,"SpanFullGCCollectionCount":0,"YoungGCCollectionCount":3,"FullGCCollectionCount":1,"SpanYoungGCCollectionTime":0,"YoungGCCollectionTime":53,"SpanFullGCCollectionTime":0},"memoryMap":{"HeapMemoryMax":3817865216,"SurvivorUsed":2341800,"OldGenCommitted":86507520,"PermGenUsed":0,"NonHeapMemoryUsed":36527472,"OldGenMax":2863661056,"SurvivorInit":11010048,"PermGenCommitted":0,"PermGenMax":0,"OldGenUsed":7205448,"EdenSpaceUsed":75563112,"NonHeapMemoryCommitted":37552128,"HeapMemoryInit":268435456,"HeapMemoryCommitted":231735296,"SurvivorMax":11010048,"EdenSpaceCommitted":134217728,"OldGenInit":179306496,"EdenSpaceMax":1409286144,"SurvivorCommitted":11010048,"NonHeapMemoryMax":-1,"NonHeapMemoryInit":2555904,"HeapMemoryUsed":85110360,"EdenSpaceInit":67108864,"PermGenInit":0},"threadMap":{"ThreadCount":215,"TotalStartedThreadCount":460,"DeadLockedThreadCount":0,"ProcessCpuTimeRate":5.054,"DaemonThreadCount":211}},"pushJobNum":0,"receiveJobNum":0,"timestamp":1778724420000},{"exeExceptionNum":0,"exeFailedNum":0,"exeLaterNum":0,"exeSuccessNum":0,"fixExecutingJobNum":0,"jvmMData":{"gcMap":{"FullGCCollectionTime":14,"SpanYoungGCCollectionCount":0,"SpanFullGCCollectionCount":0,"YoungGCCollectionCount":3,"FullGCCollectionCount":1,"SpanYoungGCCollectionTime":0,"YoungGCCollectionTime":53,"SpanFullGCCollectionTime":0},"memoryMap":{"HeapMemoryMax":3817865216,"SurvivorUsed":2341800,"OldGenCommitted":86507520,"PermGenUsed":0,"NonHeapMemoryUsed":37098240,"OldGenMax":2863661056,"SurvivorInit":11010048,"PermGenCommitted":0,"PermGenMax":0,"OldGenUsed":7205448,"EdenSpaceUsed":81165552,"NonHeapMemoryCommitted":38010880,"HeapMemoryInit":268435456,"HeapMemoryCommitted":231735296,"SurvivorMax":11010048,"EdenSpaceCommitted":134217728,"OldGenInit":179306496,"EdenSpaceMax":1409286144,"SurvivorCommitted":11010048,"NonHeapMemoryMax":-1,"NonHeapMemoryInit":2555904,"HeapMemoryUsed":90712800,"EdenSpaceInit":67108864,"PermGenInit":0},"threadMap":{"ThreadCount":215,"TotalStartedThreadCount":518,"DeadLockedThreadCount":0,"ProcessCpuTimeRate":4.220,"DaemonThreadCount":211}},"pushJobNum":0,"receiveJobNum":0,"timestamp":1778724480000},{"exeExceptionNum":0,"exeFailedNum":0,"exeLaterNum":0,"exeSuccessNum":0,"fixExecutingJobNum":0,"jvmMData":{"gcMap":{"FullGCCollectionTime":14,"SpanYoungGCCollectionCount":0,"SpanFullGCCollectionCount":0,"YoungGCCollectionCount":3,"FullGCCollectionCount":1,"SpanYoungGCCollectionTime":0,"YoungGCCollectionTime":53,"SpanFullGCCollectionTime":0},"memoryMap":{"HeapMemoryMax":3817865216,"SurvivorUsed":2341800,"OldGenCommitted":86507520,"PermGenUsed":0,"NonHeapMemoryUsed":37775888,"OldGenMax":2863661056,"SurvivorInit":11010048,"PermGenCommitted":0,"PermGenMax":0,"OldGenUsed":7205448,"EdenSpaceUsed":87675712,"NonHeapMemoryCommitted":38797312,"HeapMemoryInit":268435456,"HeapMemoryCommitted":231735296,"SurvivorMax":11010048,"EdenSpaceCommitted":134217728,"OldGenInit":179306496,"EdenSpaceMax":1409286144,"SurvivorCommitted":11010048,"NonHeapMemoryMax":-1,"NonHeapMemoryInit":2555904,"HeapMemoryUsed":97222960,"EdenSpaceInit":67108864,"PermGenInit":0},"threadMap":{"ThreadCount":215,"TotalStartedThreadCount":578,"DeadLockedThreadCount":0,"ProcessCpuTimeRate":3.795,"DaemonThreadCount":211}},"pushJobNum":0,"receiveJobNum":0,"timestamp":1778724540000},{"exeExceptionNum":0,"exeFailedNum":0,"exeLaterNum":0,"exeSuccessNum":0,"fixExecutingJobNum":0,"jvmMData":{"gcMap":{"FullGCCollectionTime":14,"SpanYoungGCCollectionCount":0,"SpanFullGCCollectionCount":0,"YoungGCCollectionCount":3,"FullGCCollectionCount":1,"SpanYoungGCCollectionTime":0,"YoungGCCollectionTime":53,"SpanFullGCCollectionTime":0},"memoryMap":{"HeapMemoryMax":3817865216,"SurvivorUsed":2341800,"OldGenCommitted":86507520,"PermGenUsed":0,"NonHeapMemoryUsed":38210672,"OldGenMax":2863661056,"SurvivorInit":11010048,"PermGenCommitted":0,"PermGenMax":0,"OldGenUsed":7205448,"EdenSpaceUsed":94224568,"NonHeapMemoryCommitted":39190528,"HeapMemoryInit":268435456,"HeapMemoryCommitted":231735296,"SurvivorMax":11010048,"EdenSpaceCommitted":134217728,"OldGenInit":179306496,"EdenSpaceMax":1409286144,"SurvivorCommitted":11010048,"NonHeapMemoryMax":-1,"NonHeapMemoryInit":2555904,"HeapMemoryUsed":103771816,"EdenSpaceInit":67108864,"PermGenInit":0},"threadMap":{"ThreadCount":215,"TotalStartedThreadCount":638,"DeadLockedThreadCount":0,"ProcessCpuTimeRate":3.745,"DaemonThreadCount":211}},"pushJobNum":0,"receiveJobNum":0,"timestamp":1778724600000},{"exeExceptionNum":0,"exeFailedNum":0,"exeLaterNum":0,"exeSuccessNum":0,"fixExecutingJobNum":0,"jvmMData":{"gcMap":{"FullGCCollectionTime":14,"SpanYoungGCCollectionCount":0,"SpanFullGCCollectionCount":0,"YoungGCCollectionCount":3,"FullGCCollectionCount":1,"SpanYoungGCCollectionTime":0,"YoungGCCollectionTime":53,"SpanFullGCCollectionTime":0},"memoryMap":{"HeapMemoryMax":3817865216,"SurvivorUsed":2341800,"OldGenCommitted":86507520,"PermGenUsed":0,"NonHeapMemoryUsed":38465144,"OldGenMax":2863661056,"SurvivorInit":11010048,"PermGenCommitted":0,"PermGenMax":0,"OldGenUsed":7205448,"EdenSpaceUsed":101464760,"NonHeapMemoryCommitted":39649280,"HeapMemoryInit":268435456,"HeapMemoryCommitted":231735296,"SurvivorMax":11010048,"EdenSpaceCommitted":134217728,"OldGenInit":179306496,"EdenSpaceMax":1409286144,"SurvivorCommitted":11010048,"NonHeapMemoryMax":-1,"NonHeapMemoryInit":2555904,"HeapMemoryUsed":111012008,"EdenSpaceInit":67108864,"PermGenInit":0},"threadMap":{"ThreadCount":215,"TotalStartedThreadCount":696,"DeadLockedThreadCount":0,"ProcessCpuTimeRate":3.330,"DaemonThreadCount":211}},"pushJobNum":0,"receiveJobNum":0,"timestamp":1778724660000}], lts version: 1.7.3-SNAPSHOT, current host: 192.168.64.1
[lts] 2026-05-14 10:31:01,096 DEBUG [pool-1-thread-7] com.github.ltsopensource.core.logger.slf4j.Slf4jLogger.debug(32) | Add Monitor Data success, mNode={"identity":"TT_192.168.64.1_19784_10-03-55.606_1","nodeGroup":"test_trade_taskTracker","nodeType":"TASK_TRACKER"}, mData=[{"exeExceptionNum":0,"exeFailedNum":0,"exeLaterNum":0,"exeSuccessNum":0,"jvmMData":{"gcMap":{"FullGCCollectionTime":0,"SpanYoungGCCollectionCount":0,"SpanFullGCCollectionCount":0,"YoungGCCollectionCount":1,"FullGCCollectionCount":0,"SpanYoungGCCollectionTime":0,"YoungGCCollectionTime":18,"SpanFullGCCollectionTime":0},"memoryMap":{"HeapMemoryMax":3817865216,"SurvivorUsed":7829944,"OldGenCommitted":179306496,"PermGenUsed":0,"NonHeapMemoryUsed":20431784,"OldGenMax":2863661056,"SurvivorInit":11010048,"PermGenCommitted":0,"PermGenMax":0,"OldGenUsed":8192,"EdenSpaceUsed":6688136,"NonHeapMemoryCommitted":21168128,"HeapMemoryInit":268435456,"HeapMemoryCommitted":257425408,"SurvivorMax":11010048,"EdenSpaceCommitted":67108864,"OldGenInit":179306496,"EdenSpaceMax":1409286144,"SurvivorCommitted":11010048,"NonHeapMemoryMax":-1,"NonHeapMemoryInit":2555904,"HeapMemoryUsed":14526272,"EdenSpaceInit":67108864,"PermGenInit":0},"threadMap":{"ThreadCount":25,"TotalStartedThreadCount":28,"DeadLockedThreadCount":0,"ProcessCpuTimeRate":12.10,"DaemonThreadCount":22}},"timestamp":1778724180000,"totalRunningTime":0},{"exeExceptionNum":0,"exeFailedNum":0,"exeLaterNum":0,"exeSuccessNum":0,"jvmMData":{"gcMap":{"FullGCCollectionTime":0,"SpanYoungGCCollectionCount":0,"SpanFullGCCollectionCount":0,"YoungGCCollectionCount":1,"FullGCCollectionCount":0,"SpanYoungGCCollectionTime":0,"YoungGCCollectionTime":18,"SpanFullGCCollectionTime":0},"memoryMap":{"HeapMemoryMax":3817865216,"SurvivorUsed":7829944,"OldGenCommitted":179306496,"PermGenUsed":0,"NonHeapMemoryUsed":21548768,"OldGenMax":2863661056,"SurvivorInit":11010048,"PermGenCommitted":0,"PermGenMax":0,"OldGenUsed":8192,"EdenSpaceUsed":14087256,"NonHeapMemoryCommitted":22413312,"HeapMemoryInit":268435456,"HeapMemoryCommitted":257425408,"SurvivorMax":11010048,"EdenSpaceCommitted":67108864,"OldGenInit":179306496,"EdenSpaceMax":1409286144,"SurvivorCommitted":11010048,"NonHeapMemoryMax":-1,"NonHeapMemoryInit":2555904,"HeapMemoryUsed":21925392,"EdenSpaceInit":67108864,"PermGenInit":0},"threadMap":{"ThreadCount":24,"TotalStartedThreadCount":28,"DeadLockedThreadCount":0,"ProcessCpuTimeRate":3.338,"DaemonThreadCount":21}},"timestamp":1778724240000,"totalRunningTime":0},{"exeExceptionNum":0,"exeFailedNum":0,"exeLaterNum":0,"exeSuccessNum":0,"jvmMData":{"gcMap":{"FullGCCollectionTime":0,"SpanYoungGCCollectionCount":0,"SpanFullGCCollectionCount":0,"YoungGCCollectionCount":1,"FullGCCollectionCount":0,"SpanYoungGCCollectionTime":0,"YoungGCCollectionTime":18,"SpanFullGCCollectionTime":0},"memoryMap":{"HeapMemoryMax":3817865216,"SurvivorUsed":7829944,"OldGenCommitted":179306496,"PermGenUsed":0,"NonHeapMemoryUsed":21989680,"OldGenMax":2863661056,"SurvivorInit":11010048,"PermGenCommitted":0,"PermGenMax":0,"OldGenUsed":8192,"EdenSpaceUsed":16791488,"NonHeapMemoryCommitted":22806528,"HeapMemoryInit":268435456,"HeapMemoryCommitted":257425408,"SurvivorMax":11010048,"EdenSpaceCommitted":67108864,"OldGenInit":179306496,"EdenSpaceMax":1409286144,"SurvivorCommitted":11010048,"NonHeapMemoryMax":-1,"NonHeapMemoryInit":2555904,"HeapMemoryUsed":24629624,"EdenSpaceInit":67108864,"PermGenInit":0},"threadMap":{"ThreadCount":24,"TotalStartedThreadCount":28,"DeadLockedThreadCount":0,"ProcessCpuTimeRate":2.289,"DaemonThreadCount":21}},"timestamp":1778724300000,"totalRunningTime":0},{"exeExceptionNum":0,"exeFailedNum":0,"exeLaterNum":0,"exeSuccessNum":0,"jvmMData":{"gcMap":{"FullGCCollectionTime":0,"SpanYoungGCCollectionCount":0,"SpanFullGCCollectionCount":0,"YoungGCCollectionCount":1,"FullGCCollectionCount":0,"SpanYoungGCCollectionTime":0,"YoungGCCollectionTime":18,"SpanFullGCCollectionTime":0},"memoryMap":{"HeapMemoryMax":3817865216,"SurvivorUsed":7829944,"OldGenCommitted":179306496,"PermGenUsed":0,"NonHeapMemoryUsed":21988632,"OldGenMax":2863661056,"SurvivorInit":11010048,"PermGenCommitted":0,"PermGenMax":0,"OldGenUsed":8192,"EdenSpaceUsed":18808208,"NonHeapMemoryCommitted":23003136,"HeapMemoryInit":268435456,"HeapMemoryCommitted":257425408,"SurvivorMax":11010048,"EdenSpaceCommitted":67108864,"OldGenInit":179306496,"EdenSpaceMax":1409286144,"SurvivorCommitted":11010048,"NonHeapMemoryMax":-1,"NonHeapMemoryInit":2555904,"HeapMemoryUsed":26646344,"EdenSpaceInit":67108864,"PermGenInit":0},"threadMap":{"ThreadCount":24,"TotalStartedThreadCount":28,"DeadLockedThreadCount":0,"ProcessCpuTimeRate":2.171,"DaemonThreadCount":21}},"timestamp":1778724360000,"totalRunningTime":0},{"exeExceptionNum":0,"exeFailedNum":0,"exeLaterNum":0,"exeSuccessNum":0,"jvmMData":{"gcMap":{"FullGCCollectionTime":0,"SpanYoungGCCollectionCount":0,"SpanFullGCCollectionCount":0,"YoungGCCollectionCount":1,"FullGCCollectionCount":0,"SpanYoungGCCollectionTime":0,"YoungGCCollectionTime":18,"SpanFullGCCollectionTime":0},"memoryMap":{"HeapMemoryMax":3817865216,"SurvivorUsed":7829944,"OldGenCommitted":179306496,"PermGenUsed":0,"NonHeapMemoryUsed":22197712,"OldGenMax":2863661056,"SurvivorInit":11010048,"PermGenCommitted":0,"PermGenMax":0,"OldGenUsed":8192,"EdenSpaceUsed":23538952,"NonHeapMemoryCommitted":23003136,"HeapMemoryInit":268435456,"HeapMemoryCommitted":257425408,"SurvivorMax":11010048,"EdenSpaceCommitted":67108864,"OldGenInit":179306496,"EdenSpaceMax":1409286144,"SurvivorCommitted":11010048,"NonHeapMemoryMax":-1,"NonHeapMemoryInit":2555904,"HeapMemoryUsed":31377088,"EdenSpaceInit":67108864,"PermGenInit":0},"threadMap":{"ThreadCount":24,"TotalStartedThreadCount":28,"DeadLockedThreadCount":0,"ProcessCpuTimeRate":2.075,"DaemonThreadCount":21}},"timestamp":1778724420000,"totalRunningTime":0},{"exeExceptionNum":0,"exeFailedNum":0,"exeLaterNum":0,"exeSuccessNum":0,"jvmMData":{"gcMap":{"FullGCCollectionTime":0,"SpanYoungGCCollectionCount":0,"SpanFullGCCollectionCount":0,"YoungGCCollectionCount":1,"FullGCCollectionCount":0,"SpanYoungGCCollectionTime":0,"YoungGCCollectionTime":18,"SpanFullGCCollectionTime":0},"memoryMap":{"HeapMemoryMax":3817865216,"SurvivorUsed":7829944,"OldGenCommitted":179306496,"PermGenUsed":0,"NonHeapMemoryUsed":22475176,"OldGenMax":2863661056,"SurvivorInit":11010048,"PermGenCommitted":0,"PermGenMax":0,"OldGenUsed":8192,"EdenSpaceUsed":25552312,"NonHeapMemoryCommitted":23396352,"HeapMemoryInit":268435456,"HeapMemoryCommitted":257425408,"SurvivorMax":11010048,"EdenSpaceCommitted":67108864,"OldGenInit":179306496,"EdenSpaceMax":1409286144,"SurvivorCommitted":11010048,"NonHeapMemoryMax":-1,"NonHeapMemoryInit":2555904,"HeapMemoryUsed":33390448,"EdenSpaceInit":67108864,"PermGenInit":0},"threadMap":{"ThreadCount":24,"TotalStartedThreadCount":28,"DeadLockedThreadCount":0,"ProcessCpuTimeRate":2.404,"DaemonThreadCount":21}},"timestamp":1778724480000,"totalRunningTime":0},{"exeExceptionNum":0,"exeFailedNum":0,"exeLaterNum":0,"exeSuccessNum":0,"jvmMData":{"gcMap":{"FullGCCollectionTime":0,"SpanYoungGCCollectionCount":0,"SpanFullGCCollectionCount":0,"YoungGCCollectionCount":1,"FullGCCollectionCount":0,"SpanYoungGCCollectionTime":0,"YoungGCCollectionTime":18,"SpanFullGCCollectionTime":0},"memoryMap":{"HeapMemoryMax":3817865216,"SurvivorUsed":7829944,"OldGenCommitted":179306496,"PermGenUsed":0,"NonHeapMemoryUsed":22553792,"OldGenMax":2863661056,"SurvivorInit":11010048,"PermGenCommitted":0,"PermGenMax":0,"OldGenUsed":8192,"EdenSpaceUsed":28276760,"NonHeapMemoryCommitted":23461888,"HeapMemoryInit":268435456,"HeapMemoryCommitted":257425408,"SurvivorMax":11010048,"EdenSpaceCommitted":67108864,"OldGenInit":179306496,"EdenSpaceMax":1409286144,"SurvivorCommitted":11010048,"NonHeapMemoryMax":-1,"NonHeapMemoryInit":2555904,"HeapMemoryUsed":36114896,"EdenSpaceInit":67108864,"PermGenInit":0},"threadMap":{"ThreadCount":24,"TotalStartedThreadCount":28,"DeadLockedThreadCount":0,"ProcessCpuTimeRate":2.029,"DaemonThreadCount":21}},"timestamp":1778724540000,"totalRunningTime":0},{"exeExceptionNum":0,"exeFailedNum":0,"exeLaterNum":0,"exeSuccessNum":0,"jvmMData":{"gcMap":{"FullGCCollectionTime":0,"SpanYoungGCCollectionCount":0,"SpanFullGCCollectionCount":0,"YoungGCCollectionCount":1,"FullGCCollectionCount":0,"SpanYoungGCCollectionTime":0,"YoungGCCollectionTime":18,"SpanFullGCCollectionTime":0},"memoryMap":{"HeapMemoryMax":3817865216,"SurvivorUsed":7829944,"OldGenCommitted":179306496,"PermGenUsed":0,"NonHeapMemoryUsed":22749224,"OldGenMax":2863661056,"SurvivorInit":11010048,"PermGenCommitted":0,"PermGenMax":0,"OldGenUsed":8192,"EdenSpaceUsed":30993144,"NonHeapMemoryCommitted":23592960,"HeapMemoryInit":268435456,"HeapMemoryCommitted":257425408,"SurvivorMax":11010048,"EdenSpaceCommitted":67108864,"OldGenInit":179306496,"EdenSpaceMax":1409286144,"SurvivorCommitted":11010048,"NonHeapMemoryMax":-1,"NonHeapMemoryInit":2555904,"HeapMemoryUsed":38831280,"EdenSpaceInit":67108864,"PermGenInit":0},"threadMap":{"ThreadCount":24,"TotalStartedThreadCount":28,"DeadLockedThreadCount":0,"ProcessCpuTimeRate":1.943,"DaemonThreadCount":21}},"timestamp":1778724600000,"totalRunningTime":0},{"exeExceptionNum":0,"exeFailedNum":0,"exeLaterNum":0,"exeSuccessNum":0,"jvmMData":{"gcMap":{"FullGCCollectionTime":0,"SpanYoungGCCollectionCount":0,"SpanFullGCCollectionCount":0,"YoungGCCollectionCount":1,"FullGCCollectionCount":0,"SpanYoungGCCollectionTime":0,"YoungGCCollectionTime":18,"SpanFullGCCollectionTime":0},"memoryMap":{"HeapMemoryMax":3817865216,"SurvivorUsed":7829944,"OldGenCommitted":179306496,"PermGenUsed":0,"NonHeapMemoryUsed":22875216,"OldGenMax":2863661056,"SurvivorInit":11010048,"PermGenCommitted":0,"PermGenMax":0,"OldGenUsed":8192,"EdenSpaceUsed":34362312,"NonHeapMemoryCommitted":23724032,"HeapMemoryInit":268435456,"HeapMemoryCommitted":257425408,"SurvivorMax":11010048,"EdenSpaceCommitted":67108864,"OldGenInit":179306496,"EdenSpaceMax":1409286144,"SurvivorCommitted":11010048,"NonHeapMemoryMax":-1,"NonHeapMemoryInit":2555904,"HeapMemoryUsed":42200448,"EdenSpaceInit":67108864,"PermGenInit":0},"threadMap":{"ThreadCount":24,"TotalStartedThreadCount":28,"DeadLockedThreadCount":0,"ProcessCpuTimeRate":1.731,"DaemonThreadCount":21}},"timestamp":1778724660000,"totalRunningTime":0},{"exeExceptionNum":0,"exeFailedNum":0,"exeLaterNum":0,"exeSuccessNum":0,"jvmMData":{"gcMap":{"FullGCCollectionTime":0,"SpanYoungGCCollectionCount":0,"SpanFullGCCollectionCount":0,"YoungGCCollectionCount":1,"FullGCCollectionCount":0,"SpanYoungGCCollectionTime":0,"YoungGCCollectionTime":18,"SpanFullGCCollectionTime":0},"memoryMap":{"HeapMemoryMax":3817865216,"SurvivorUsed":7829944,"OldGenCommitted":179306496,"PermGenUsed":0,"NonHeapMemoryUsed":23121600,"OldGenMax":2863661056,"SurvivorInit":11010048,"PermGenCommitted":0,"PermGenMax":0,"OldGenUsed":8192,"EdenSpaceUsed":36375672,"NonHeapMemoryCommitted":24051712,"HeapMemoryInit":268435456,"HeapMemoryCommitted":257425408,"SurvivorMax":11010048,"EdenSpaceCommitted":67108864,"OldGenInit":179306496,"EdenSpaceMax":1409286144,"SurvivorCommitted":11010048,"NonHeapMemoryMax":-1,"NonHeapMemoryInit":2555904,"HeapMemoryUsed":44213808,"EdenSpaceInit":67108864,"PermGenInit":0},"threadMap":{"ThreadCount":24,"TotalStartedThreadCount":28,"DeadLockedThreadCount":0,"ProcessCpuTimeRate":2.058,"DaemonThreadCount":21}},"timestamp":1778724720000,"totalRunningTime":0}], lts version: 1.7.3-SNAPSHOT, current host: 192.168.64.1
[lts] 2026-05-14 10:32:00,234 DEBUG [pool-1-thread-2] com.github.ltsopensource.core.logger.slf4j.Slf4jLogger.debug(32) | 
    INSERT 
    INTO
        `
        lts_admin_job_tracker_monitor_data`(
            `gmt_created`, `identity`, `timestamp`, `receive_job_num`, `push_job_num`, `exe_success_num`, `exe_failed_num`, `exe_later_num`, `exe_exception_num`, `fix_executing_job_num`
        ) 
    VALUES
        (?,?,?,?,?,?,?,?,?,?), lts version: 1.7.3-SNAPSHOT, current host: 192.168.64.1
[lts] 2026-05-14 10:32:00,241 DEBUG [pool-1-thread-1] com.github.ltsopensource.core.logger.slf4j.Slf4jLogger.debug(32) | 
    INSERT 
    INTO
        `
        lts_admin_task_tracker_monitor_data`(
            `gmt_created`, `node_group`, `identity`, `timestamp`, `exe_success_num`, `exe_failed_num`, `exe_later_num`, `exe_exception_num`, `total_running_time`
        ) 
    VALUES
        (?,?,?,?,?,?,?,?,?), lts version: 1.7.3-SNAPSHOT, current host: 192.168.64.1
[lts] 2026-05-14 10:32:00,281 DEBUG [pool-1-thread-2] com.github.ltsopensource.core.logger.slf4j.Slf4jLogger.debug(32) | 
    INSERT 
    INTO
        `
        lts_admin_jvm_gc`(
            `gmt_created`, `identity`, `timestamp`, `node_type`, `node_group`, `young_gc_collection_count`, `young_gc_collection_time`, `full_gc_collection_count`, `full_gc_collection_time`, `span_young_gc_collection_count`, `span_young_gc_collection_time`, `span_full_gc_collection_count`, `span_full_gc_collection_time`
        ) 
    VALUES
        (?,?,?,?,?,?,?,?,?,?,?,?,?), lts version: 1.7.3-SNAPSHOT, current host: 192.168.64.1
[lts] 2026-05-14 10:32:00,281 DEBUG [pool-1-thread-1] com.github.ltsopensource.core.logger.slf4j.Slf4jLogger.debug(32) | 
    INSERT 
    INTO
        `
        lts_admin_jvm_gc`(
            `gmt_created`, `identity`, `timestamp`, `node_type`, `node_group`, `young_gc_collection_count`, `young_gc_collection_time`, `full_gc_collection_count`, `full_gc_collection_time`, `span_young_gc_collection_count`, `span_young_gc_collection_time`, `span_full_gc_collection_count`, `span_full_gc_collection_time`
        ) 
    VALUES
        (?,?,?,?,?,?,?,?,?,?,?,?,?), lts version: 1.7.3-SNAPSHOT, current host: 192.168.64.1
[lts] 2026-05-14 10:32:00,302 DEBUG [pool-1-thread-2] com.github.ltsopensource.core.logger.slf4j.Slf4jLogger.debug(32) | 
    INSERT 
    INTO
        `
        lts_admin_jvm_memory`(
            `gmt_created`, `identity`, `timestamp`, `node_type`, `node_group`, `heap_memory_committed`, `heap_memory_init`, `heap_memory_max`, `heap_memory_used`, `non_heap_memory_committed`, `non_heap_memory_init`, `non_heap_memory_max`, `non_heap_memory_used`, `perm_gen_committed`, `perm_gen_init`, `perm_gen_max`, `perm_gen_used`, `old_gen_committed`, `old_gen_init`, `old_gen_max`, `old_gen_used`, `eden_space_committed`, `eden_space_init`, `eden_space_max`, `eden_space_used`, `survivor_committed`, `survivor_init`, `survivor_max`, `survivor_used`
        ) 
    VALUES
        (?,?,?,?,?,?,?,?,?,?,?,?,?,?,?,?,?,?,?,?,?,?,?,?,?,?,?,?,?), lts version: 1.7.3-SNAPSHOT, current host: 192.168.64.1
[lts] 2026-05-14 10:32:00,306 DEBUG [pool-1-thread-1] com.github.ltsopensource.core.logger.slf4j.Slf4jLogger.debug(32) | 
    INSERT 
    INTO
        `
        lts_admin_jvm_memory`(
            `gmt_created`, `identity`, `timestamp`, `node_type`, `node_group`, `heap_memory_committed`, `heap_memory_init`, `heap_memory_max`, `heap_memory_used`, `non_heap_memory_committed`, `non_heap_memory_init`, `non_heap_memory_max`, `non_heap_memory_used`, `perm_gen_committed`, `perm_gen_init`, `perm_gen_max`, `perm_gen_used`, `old_gen_committed`, `old_gen_init`, `old_gen_max`, `old_gen_used`, `eden_space_committed`, `eden_space_init`, `eden_space_max`, `eden_space_used`, `survivor_committed`, `survivor_init`, `survivor_max`, `survivor_used`
        ) 
    VALUES
        (?,?,?,?,?,?,?,?,?,?,?,?,?,?,?,?,?,?,?,?,?,?,?,?,?,?,?,?,?), lts version: 1.7.3-SNAPSHOT, current host: 192.168.64.1
[lts] 2026-05-14 10:32:00,321 DEBUG [pool-1-thread-2] com.github.ltsopensource.core.logger.slf4j.Slf4jLogger.debug(32) | 
    INSERT 
    INTO
        `
        lts_admin_jvm_thread`(
            `gmt_created`, `identity`, `timestamp`, `node_type`, `node_group`, `daemon_thread_count`, `thread_count`, `total_started_thread_count`, `dead_locked_thread_count`, `process_cpu_time_rate`
        ) 
    VALUES
        (?,?,?,?,?,?,?,?,?,?), lts version: 1.7.3-SNAPSHOT, current host: 192.168.64.1
[lts] 2026-05-14 10:32:00,324 DEBUG [pool-1-thread-1] com.github.ltsopensource.core.logger.slf4j.Slf4jLogger.debug(32) | 
    INSERT 
    INTO
        `
        lts_admin_jvm_thread`(
            `gmt_created`, `identity`, `timestamp`, `node_type`, `node_group`, `daemon_thread_count`, `thread_count`, `total_started_thread_count`, `dead_locked_thread_count`, `process_cpu_time_rate`
        ) 
    VALUES
        (?,?,?,?,?,?,?,?,?,?), lts version: 1.7.3-SNAPSHOT, current host: 192.168.64.1
[lts] 2026-05-14 10:32:00,338 DEBUG [pool-1-thread-2] com.github.ltsopensource.core.logger.slf4j.Slf4jLogger.debug(32) | Add Monitor Data success, mNode={"identity":"JT_192.168.64.1_19709_10-02-49.861_1","nodeGroup":"lts","nodeType":"JOB_TRACKER"}, mData=[{"exeExceptionNum":0,"exeFailedNum":0,"exeLaterNum":0,"exeSuccessNum":0,"fixExecutingJobNum":0,"jvmMData":{"gcMap":{"FullGCCollectionTime":14,"SpanYoungGCCollectionCount":0,"SpanFullGCCollectionCount":0,"YoungGCCollectionCount":2,"FullGCCollectionCount":1,"SpanYoungGCCollectionTime":0,"YoungGCCollectionTime":39,"SpanFullGCCollectionTime":0},"memoryMap":{"HeapMemoryMax":3817865216,"SurvivorUsed":0,"OldGenCommitted":86507520,"PermGenUsed":0,"NonHeapMemoryUsed":30571448,"OldGenMax":2863661056,"SurvivorInit":11010048,"PermGenCommitted":0,"PermGenMax":0,"OldGenUsed":7197256,"EdenSpaceUsed":27307064,"NonHeapMemoryCommitted":31637504,"HeapMemoryInit":268435456,"HeapMemoryCommitted":231735296,"SurvivorMax":11010048,"EdenSpaceCommitted":134217728,"OldGenInit":179306496,"EdenSpaceMax":1409286144,"SurvivorCommitted":11010048,"NonHeapMemoryMax":-1,"NonHeapMemoryInit":2555904,"HeapMemoryUsed":34504320,"EdenSpaceInit":67108864,"PermGenInit":0},"threadMap":{"ThreadCount":30,"TotalStartedThreadCount":34,"DeadLockedThreadCount":0,"ProcessCpuTimeRate":5.441,"DaemonThreadCount":27}},"pushJobNum":0,"receiveJobNum":0,"timestamp":1778724120000},{"exeExceptionNum":0,"exeFailedNum":0,"exeLaterNum":0,"exeSuccessNum":0,"fixExecutingJobNum":0,"jvmMData":{"gcMap":{"FullGCCollectionTime":14,"SpanYoungGCCollectionCount":0,"SpanFullGCCollectionCount":0,"YoungGCCollectionCount":2,"FullGCCollectionCount":1,"SpanYoungGCCollectionTime":0,"YoungGCCollectionTime":39,"SpanFullGCCollectionTime":0},"memoryMap":{"HeapMemoryMax":3817865216,"SurvivorUsed":0,"OldGenCommitted":86507520,"PermGenUsed":0,"NonHeapMemoryUsed":31927272,"OldGenMax":2863661056,"SurvivorInit":11010048,"PermGenCommitted":0,"PermGenMax":0,"OldGenUsed":7197256,"EdenSpaceUsed":41404560,"NonHeapMemoryCommitted":32899072,"HeapMemoryInit":268435456,"HeapMemoryCommitted":231735296,"SurvivorMax":11010048,"EdenSpaceCommitted":134217728,"OldGenInit":179306496,"EdenSpaceMax":1409286144,"SurvivorCommitted":11010048,"NonHeapMemoryMax":-1,"NonHeapMemoryInit":2555904,"HeapMemoryUsed":48601816,"EdenSpaceInit":67108864,"PermGenInit":0},"threadMap":{"ThreadCount":41,"TotalStartedThreadCount":49,"DeadLockedThreadCount":0,"ProcessCpuTimeRate":3.235,"DaemonThreadCount":37}},"pushJobNum":0,"receiveJobNum":0,"timestamp":1778724180000},{"exeExceptionNum":0,"exeFailedNum":0,"exeLaterNum":0,"exeSuccessNum":0,"fixExecutingJobNum":0,"jvmMData":{"gcMap":{"FullGCCollectionTime":14,"SpanYoungGCCollectionCount":1,"SpanFullGCCollectionCount":0,"YoungGCCollectionCount":3,"FullGCCollectionCount":1,"SpanYoungGCCollectionTime":14,"YoungGCCollectionTime":53,"SpanFullGCCollectionTime":0},"memoryMap":{"HeapMemoryMax":3817865216,"SurvivorUsed":2341800,"OldGenCommitted":86507520,"PermGenUsed":0,"NonHeapMemoryUsed":33150888,"OldGenMax":2863661056,"SurvivorInit":11010048,"PermGenCommitted":0,"PermGenMax":0,"OldGenUsed":7205448,"EdenSpaceUsed":20897976,"NonHeapMemoryCommitted":34275328,"HeapMemoryInit":268435456,"HeapMemoryCommitted":231735296,"SurvivorMax":11010048,"EdenSpaceCommitted":134217728,"OldGenInit":179306496,"EdenSpaceMax":1409286144,"SurvivorCommitted":11010048,"NonHeapMemoryMax":-1,"NonHeapMemoryInit":2555904,"HeapMemoryUsed":30445224,"EdenSpaceInit":67108864,"PermGenInit":0},"threadMap":{"ThreadCount":196,"TotalStartedThreadCount":262,"DeadLockedThreadCount":0,"ProcessCpuTimeRate":6.438,"DaemonThreadCount":192}},"pushJobNum":0,"receiveJobNum":0,"timestamp":1778724240000},{"exeExceptionNum":0,"exeFailedNum":0,"exeLaterNum":0,"exeSuccessNum":0,"fixExecutingJobNum":0,"jvmMData":{"gcMap":{"FullGCCollectionTime":14,"SpanYoungGCCollectionCount":0,"SpanFullGCCollectionCount":0,"YoungGCCollectionCount":3,"FullGCCollectionCount":1,"SpanYoungGCCollectionTime":0,"YoungGCCollectionTime":53,"SpanFullGCCollectionTime":0},"memoryMap":{"HeapMemoryMax":3817865216,"SurvivorUsed":2341800,"OldGenCommitted":86507520,"PermGenUsed":0,"NonHeapMemoryUsed":34708688,"OldGenMax":2863661056,"SurvivorInit":11010048,"PermGenCommitted":0,"PermGenMax":0,"OldGenUsed":7205448,"EdenSpaceUsed":60142632,"NonHeapMemoryCommitted":35782656,"HeapMemoryInit":268435456,"HeapMemoryCommitted":231735296,"SurvivorMax":11010048,"EdenSpaceCommitted":134217728,"OldGenInit":179306496,"EdenSpaceMax":1409286144,"SurvivorCommitted":11010048,"NonHeapMemoryMax":-1,"NonHeapMemoryInit":2555904,"HeapMemoryUsed":69689880,"EdenSpaceInit":67108864,"PermGenInit":0},"threadMap":{"ThreadCount":215,"TotalStartedThreadCount":340,"DeadLockedThreadCount":0,"ProcessCpuTimeRate":4.987,"DaemonThreadCount":211}},"pushJobNum":0,"receiveJobNum":0,"timestamp":1778724300000},{"exeExceptionNum":0,"exeFailedNum":0,"exeLaterNum":0,"exeSuccessNum":0,"fixExecutingJobNum":0,"jvmMData":{"gcMap":{"FullGCCollectionTime":14,"SpanYoungGCCollectionCount":0,"SpanFullGCCollectionCount":0,"YoungGCCollectionCount":3,"FullGCCollectionCount":1,"SpanYoungGCCollectionTime":0,"YoungGCCollectionTime":53,"SpanFullGCCollectionTime":0},"memoryMap":{"HeapMemoryMax":3817865216,"SurvivorUsed":2341800,"OldGenCommitted":86507520,"PermGenUsed":0,"NonHeapMemoryUsed":35370336,"OldGenMax":2863661056,"SurvivorInit":11010048,"PermGenCommitted":0,"PermGenMax":0,"OldGenUsed":7205448,"EdenSpaceUsed":69433392,"NonHeapMemoryCommitted":36372480,"HeapMemoryInit":268435456,"HeapMemoryCommitted":231735296,"SurvivorMax":11010048,"EdenSpaceCommitted":134217728,"OldGenInit":179306496,"EdenSpaceMax":1409286144,"SurvivorCommitted":11010048,"NonHeapMemoryMax":-1,"NonHeapMemoryInit":2555904,"HeapMemoryUsed":78980640,"EdenSpaceInit":67108864,"PermGenInit":0},"threadMap":{"ThreadCount":215,"TotalStartedThreadCount":400,"DeadLockedThreadCount":0,"ProcessCpuTimeRate":4.004,"DaemonThreadCount":211}},"pushJobNum":0,"receiveJobNum":0,"timestamp":1778724360000},{"exeExceptionNum":0,"exeFailedNum":0,"exeLaterNum":0,"exeSuccessNum":0,"fixExecutingJobNum":0,"jvmMData":{"gcMap":{"FullGCCollectionTime":14,"SpanYoungGCCollectionCount":0,"SpanFullGCCollectionCount":0,"YoungGCCollectionCount":3,"FullGCCollectionCount":1,"SpanYoungGCCollectionTime":0,"YoungGCCollectionTime":53,"SpanFullGCCollectionTime":0},"memoryMap":{"HeapMemoryMax":3817865216,"SurvivorUsed":2341800,"OldGenCommitted":86507520,"PermGenUsed":0,"NonHeapMemoryUsed":36527472,"OldGenMax":2863661056,"SurvivorInit":11010048,"PermGenCommitted":0,"PermGenMax":0,"OldGenUsed":7205448,"EdenSpaceUsed":75563112,"NonHeapMemoryCommitted":37552128,"HeapMemoryInit":268435456,"HeapMemoryCommitted":231735296,"SurvivorMax":11010048,"EdenSpaceCommitted":134217728,"OldGenInit":179306496,"EdenSpaceMax":1409286144,"SurvivorCommitted":11010048,"NonHeapMemoryMax":-1,"NonHeapMemoryInit":2555904,"HeapMemoryUsed":85110360,"EdenSpaceInit":67108864,"PermGenInit":0},"threadMap":{"ThreadCount":215,"TotalStartedThreadCount":460,"DeadLockedThreadCount":0,"ProcessCpuTimeRate":5.054,"DaemonThreadCount":211}},"pushJobNum":0,"receiveJobNum":0,"timestamp":1778724420000},{"exeExceptionNum":0,"exeFailedNum":0,"exeLaterNum":0,"exeSuccessNum":0,"fixExecutingJobNum":0,"jvmMData":{"gcMap":{"FullGCCollectionTime":14,"SpanYoungGCCollectionCount":0,"SpanFullGCCollectionCount":0,"YoungGCCollectionCount":3,"FullGCCollectionCount":1,"SpanYoungGCCollectionTime":0,"YoungGCCollectionTime":53,"SpanFullGCCollectionTime":0},"memoryMap":{"HeapMemoryMax":3817865216,"SurvivorUsed":2341800,"OldGenCommitted":86507520,"PermGenUsed":0,"NonHeapMemoryUsed":37098240,"OldGenMax":2863661056,"SurvivorInit":11010048,"PermGenCommitted":0,"PermGenMax":0,"OldGenUsed":7205448,"EdenSpaceUsed":81165552,"NonHeapMemoryCommitted":38010880,"HeapMemoryInit":268435456,"HeapMemoryCommitted":231735296,"SurvivorMax":11010048,"EdenSpaceCommitted":134217728,"OldGenInit":179306496,"EdenSpaceMax":1409286144,"SurvivorCommitted":11010048,"NonHeapMemoryMax":-1,"NonHeapMemoryInit":2555904,"HeapMemoryUsed":90712800,"EdenSpaceInit":67108864,"PermGenInit":0},"threadMap":{"ThreadCount":215,"TotalStartedThreadCount":518,"DeadLockedThreadCount":0,"ProcessCpuTimeRate":4.220,"DaemonThreadCount":211}},"pushJobNum":0,"receiveJobNum":0,"timestamp":1778724480000},{"exeExceptionNum":0,"exeFailedNum":0,"exeLaterNum":0,"exeSuccessNum":0,"fixExecutingJobNum":0,"jvmMData":{"gcMap":{"FullGCCollectionTime":14,"SpanYoungGCCollectionCount":0,"SpanFullGCCollectionCount":0,"YoungGCCollectionCount":3,"FullGCCollectionCount":1,"SpanYoungGCCollectionTime":0,"YoungGCCollectionTime":53,"SpanFullGCCollectionTime":0},"memoryMap":{"HeapMemoryMax":3817865216,"SurvivorUsed":2341800,"OldGenCommitted":86507520,"PermGenUsed":0,"NonHeapMemoryUsed":37775888,"OldGenMax":2863661056,"SurvivorInit":11010048,"PermGenCommitted":0,"PermGenMax":0,"OldGenUsed":7205448,"EdenSpaceUsed":87675712,"NonHeapMemoryCommitted":38797312,"HeapMemoryInit":268435456,"HeapMemoryCommitted":231735296,"SurvivorMax":11010048,"EdenSpaceCommitted":134217728,"OldGenInit":179306496,"EdenSpaceMax":1409286144,"SurvivorCommitted":11010048,"NonHeapMemoryMax":-1,"NonHeapMemoryInit":2555904,"HeapMemoryUsed":97222960,"EdenSpaceInit":67108864,"PermGenInit":0},"threadMap":{"ThreadCount":215,"TotalStartedThreadCount":578,"DeadLockedThreadCount":0,"ProcessCpuTimeRate":3.795,"DaemonThreadCount":211}},"pushJobNum":0,"receiveJobNum":0,"timestamp":1778724540000},{"exeExceptionNum":0,"exeFailedNum":0,"exeLaterNum":0,"exeSuccessNum":0,"fixExecutingJobNum":0,"jvmMData":{"gcMap":{"FullGCCollectionTime":14,"SpanYoungGCCollectionCount":0,"SpanFullGCCollectionCount":0,"YoungGCCollectionCount":3,"FullGCCollectionCount":1,"SpanYoungGCCollectionTime":0,"YoungGCCollectionTime":53,"SpanFullGCCollectionTime":0},"memoryMap":{"HeapMemoryMax":3817865216,"SurvivorUsed":2341800,"OldGenCommitted":86507520,"PermGenUsed":0,"NonHeapMemoryUsed":38210672,"OldGenMax":2863661056,"SurvivorInit":11010048,"PermGenCommitted":0,"PermGenMax":0,"OldGenUsed":7205448,"EdenSpaceUsed":94224568,"NonHeapMemoryCommitted":39190528,"HeapMemoryInit":268435456,"HeapMemoryCommitted":231735296,"SurvivorMax":11010048,"EdenSpaceCommitted":134217728,"OldGenInit":179306496,"EdenSpaceMax":1409286144,"SurvivorCommitted":11010048,"NonHeapMemoryMax":-1,"NonHeapMemoryInit":2555904,"HeapMemoryUsed":103771816,"EdenSpaceInit":67108864,"PermGenInit":0},"threadMap":{"ThreadCount":215,"TotalStartedThreadCount":638,"DeadLockedThreadCount":0,"ProcessCpuTimeRate":3.745,"DaemonThreadCount":211}},"pushJobNum":0,"receiveJobNum":0,"timestamp":1778724600000},{"exeExceptionNum":0,"exeFailedNum":0,"exeLaterNum":0,"exeSuccessNum":0,"fixExecutingJobNum":0,"jvmMData":{"gcMap":{"FullGCCollectionTime":14,"SpanYoungGCCollectionCount":0,"SpanFullGCCollectionCount":0,"YoungGCCollectionCount":3,"FullGCCollectionCount":1,"SpanYoungGCCollectionTime":0,"YoungGCCollectionTime":53,"SpanFullGCCollectionTime":0},"memoryMap":{"HeapMemoryMax":3817865216,"SurvivorUsed":2341800,"OldGenCommitted":86507520,"PermGenUsed":0,"NonHeapMemoryUsed":38465144,"OldGenMax":2863661056,"SurvivorInit":11010048,"PermGenCommitted":0,"PermGenMax":0,"OldGenUsed":7205448,"EdenSpaceUsed":101464760,"NonHeapMemoryCommitted":39649280,"HeapMemoryInit":268435456,"HeapMemoryCommitted":231735296,"SurvivorMax":11010048,"EdenSpaceCommitted":134217728,"OldGenInit":179306496,"EdenSpaceMax":1409286144,"SurvivorCommitted":11010048,"NonHeapMemoryMax":-1,"NonHeapMemoryInit":2555904,"HeapMemoryUsed":111012008,"EdenSpaceInit":67108864,"PermGenInit":0},"threadMap":{"ThreadCount":215,"TotalStartedThreadCount":696,"DeadLockedThreadCount":0,"ProcessCpuTimeRate":3.330,"DaemonThreadCount":211}},"pushJobNum":0,"receiveJobNum":0,"timestamp":1778724660000}], lts version: 1.7.3-SNAPSHOT, current host: 192.168.64.1
[lts] 2026-05-14 10:32:00,341 DEBUG [pool-1-thread-1] com.github.ltsopensource.core.logger.slf4j.Slf4jLogger.debug(32) | Add Monitor Data success, mNode={"identity":"TT_192.168.64.1_19784_10-03-55.606_1","nodeGroup":"test_trade_taskTracker","nodeType":"TASK_TRACKER"}, mData=[{"exeExceptionNum":0,"exeFailedNum":0,"exeLaterNum":0,"exeSuccessNum":0,"jvmMData":{"gcMap":{"FullGCCollectionTime":0,"SpanYoungGCCollectionCount":0,"SpanFullGCCollectionCount":0,"YoungGCCollectionCount":1,"FullGCCollectionCount":0,"SpanYoungGCCollectionTime":0,"YoungGCCollectionTime":18,"SpanFullGCCollectionTime":0},"memoryMap":{"HeapMemoryMax":3817865216,"SurvivorUsed":7829944,"OldGenCommitted":179306496,"PermGenUsed":0,"NonHeapMemoryUsed":20431784,"OldGenMax":2863661056,"SurvivorInit":11010048,"PermGenCommitted":0,"PermGenMax":0,"OldGenUsed":8192,"EdenSpaceUsed":6688136,"NonHeapMemoryCommitted":21168128,"HeapMemoryInit":268435456,"HeapMemoryCommitted":257425408,"SurvivorMax":11010048,"EdenSpaceCommitted":67108864,"OldGenInit":179306496,"EdenSpaceMax":1409286144,"SurvivorCommitted":11010048,"NonHeapMemoryMax":-1,"NonHeapMemoryInit":2555904,"HeapMemoryUsed":14526272,"EdenSpaceInit":67108864,"PermGenInit":0},"threadMap":{"ThreadCount":25,"TotalStartedThreadCount":28,"DeadLockedThreadCount":0,"ProcessCpuTimeRate":12.10,"DaemonThreadCount":22}},"timestamp":1778724180000,"totalRunningTime":0},{"exeExceptionNum":0,"exeFailedNum":0,"exeLaterNum":0,"exeSuccessNum":0,"jvmMData":{"gcMap":{"FullGCCollectionTime":0,"SpanYoungGCCollectionCount":0,"SpanFullGCCollectionCount":0,"YoungGCCollectionCount":1,"FullGCCollectionCount":0,"SpanYoungGCCollectionTime":0,"YoungGCCollectionTime":18,"SpanFullGCCollectionTime":0},"memoryMap":{"HeapMemoryMax":3817865216,"SurvivorUsed":7829944,"OldGenCommitted":179306496,"PermGenUsed":0,"NonHeapMemoryUsed":21548768,"OldGenMax":2863661056,"SurvivorInit":11010048,"PermGenCommitted":0,"PermGenMax":0,"OldGenUsed":8192,"EdenSpaceUsed":14087256,"NonHeapMemoryCommitted":22413312,"HeapMemoryInit":268435456,"HeapMemoryCommitted":257425408,"SurvivorMax":11010048,"EdenSpaceCommitted":67108864,"OldGenInit":179306496,"EdenSpaceMax":1409286144,"SurvivorCommitted":11010048,"NonHeapMemoryMax":-1,"NonHeapMemoryInit":2555904,"HeapMemoryUsed":21925392,"EdenSpaceInit":67108864,"PermGenInit":0},"threadMap":{"ThreadCount":24,"TotalStartedThreadCount":28,"DeadLockedThreadCount":0,"ProcessCpuTimeRate":3.338,"DaemonThreadCount":21}},"timestamp":1778724240000,"totalRunningTime":0},{"exeExceptionNum":0,"exeFailedNum":0,"exeLaterNum":0,"exeSuccessNum":0,"jvmMData":{"gcMap":{"FullGCCollectionTime":0,"SpanYoungGCCollectionCount":0,"SpanFullGCCollectionCount":0,"YoungGCCollectionCount":1,"FullGCCollectionCount":0,"SpanYoungGCCollectionTime":0,"YoungGCCollectionTime":18,"SpanFullGCCollectionTime":0},"memoryMap":{"HeapMemoryMax":3817865216,"SurvivorUsed":7829944,"OldGenCommitted":179306496,"PermGenUsed":0,"NonHeapMemoryUsed":21989680,"OldGenMax":2863661056,"SurvivorInit":11010048,"PermGenCommitted":0,"PermGenMax":0,"OldGenUsed":8192,"EdenSpaceUsed":16791488,"NonHeapMemoryCommitted":22806528,"HeapMemoryInit":268435456,"HeapMemoryCommitted":257425408,"SurvivorMax":11010048,"EdenSpaceCommitted":67108864,"OldGenInit":179306496,"EdenSpaceMax":1409286144,"SurvivorCommitted":11010048,"NonHeapMemoryMax":-1,"NonHeapMemoryInit":2555904,"HeapMemoryUsed":24629624,"EdenSpaceInit":67108864,"PermGenInit":0},"threadMap":{"ThreadCount":24,"TotalStartedThreadCount":28,"DeadLockedThreadCount":0,"ProcessCpuTimeRate":2.289,"DaemonThreadCount":21}},"timestamp":1778724300000,"totalRunningTime":0},{"exeExceptionNum":0,"exeFailedNum":0,"exeLaterNum":0,"exeSuccessNum":0,"jvmMData":{"gcMap":{"FullGCCollectionTime":0,"SpanYoungGCCollectionCount":0,"SpanFullGCCollectionCount":0,"YoungGCCollectionCount":1,"FullGCCollectionCount":0,"SpanYoungGCCollectionTime":0,"YoungGCCollectionTime":18,"SpanFullGCCollectionTime":0},"memoryMap":{"HeapMemoryMax":3817865216,"SurvivorUsed":7829944,"OldGenCommitted":179306496,"PermGenUsed":0,"NonHeapMemoryUsed":21988632,"OldGenMax":2863661056,"SurvivorInit":11010048,"PermGenCommitted":0,"PermGenMax":0,"OldGenUsed":8192,"EdenSpaceUsed":18808208,"NonHeapMemoryCommitted":23003136,"HeapMemoryInit":268435456,"HeapMemoryCommitted":257425408,"SurvivorMax":11010048,"EdenSpaceCommitted":67108864,"OldGenInit":179306496,"EdenSpaceMax":1409286144,"SurvivorCommitted":11010048,"NonHeapMemoryMax":-1,"NonHeapMemoryInit":2555904,"HeapMemoryUsed":26646344,"EdenSpaceInit":67108864,"PermGenInit":0},"threadMap":{"ThreadCount":24,"TotalStartedThreadCount":28,"DeadLockedThreadCount":0,"ProcessCpuTimeRate":2.171,"DaemonThreadCount":21}},"timestamp":1778724360000,"totalRunningTime":0},{"exeExceptionNum":0,"exeFailedNum":0,"exeLaterNum":0,"exeSuccessNum":0,"jvmMData":{"gcMap":{"FullGCCollectionTime":0,"SpanYoungGCCollectionCount":0,"SpanFullGCCollectionCount":0,"YoungGCCollectionCount":1,"FullGCCollectionCount":0,"SpanYoungGCCollectionTime":0,"YoungGCCollectionTime":18,"SpanFullGCCollectionTime":0},"memoryMap":{"HeapMemoryMax":3817865216,"SurvivorUsed":7829944,"OldGenCommitted":179306496,"PermGenUsed":0,"NonHeapMemoryUsed":22197712,"OldGenMax":2863661056,"SurvivorInit":11010048,"PermGenCommitted":0,"PermGenMax":0,"OldGenUsed":8192,"EdenSpaceUsed":23538952,"NonHeapMemoryCommitted":23003136,"HeapMemoryInit":268435456,"HeapMemoryCommitted":257425408,"SurvivorMax":11010048,"EdenSpaceCommitted":67108864,"OldGenInit":179306496,"EdenSpaceMax":1409286144,"SurvivorCommitted":11010048,"NonHeapMemoryMax":-1,"NonHeapMemoryInit":2555904,"HeapMemoryUsed":31377088,"EdenSpaceInit":67108864,"PermGenInit":0},"threadMap":{"ThreadCount":24,"TotalStartedThreadCount":28,"DeadLockedThreadCount":0,"ProcessCpuTimeRate":2.075,"DaemonThreadCount":21}},"timestamp":1778724420000,"totalRunningTime":0},{"exeExceptionNum":0,"exeFailedNum":0,"exeLaterNum":0,"exeSuccessNum":0,"jvmMData":{"gcMap":{"FullGCCollectionTime":0,"SpanYoungGCCollectionCount":0,"SpanFullGCCollectionCount":0,"YoungGCCollectionCount":1,"FullGCCollectionCount":0,"SpanYoungGCCollectionTime":0,"YoungGCCollectionTime":18,"SpanFullGCCollectionTime":0},"memoryMap":{"HeapMemoryMax":3817865216,"SurvivorUsed":7829944,"OldGenCommitted":179306496,"PermGenUsed":0,"NonHeapMemoryUsed":22475176,"OldGenMax":2863661056,"SurvivorInit":11010048,"PermGenCommitted":0,"PermGenMax":0,"OldGenUsed":8192,"EdenSpaceUsed":25552312,"NonHeapMemoryCommitted":23396352,"HeapMemoryInit":268435456,"HeapMemoryCommitted":257425408,"SurvivorMax":11010048,"EdenSpaceCommitted":67108864,"OldGenInit":179306496,"EdenSpaceMax":1409286144,"SurvivorCommitted":11010048,"NonHeapMemoryMax":-1,"NonHeapMemoryInit":2555904,"HeapMemoryUsed":33390448,"EdenSpaceInit":67108864,"PermGenInit":0},"threadMap":{"ThreadCount":24,"TotalStartedThreadCount":28,"DeadLockedThreadCount":0,"ProcessCpuTimeRate":2.404,"DaemonThreadCount":21}},"timestamp":1778724480000,"totalRunningTime":0},{"exeExceptionNum":0,"exeFailedNum":0,"exeLaterNum":0,"exeSuccessNum":0,"jvmMData":{"gcMap":{"FullGCCollectionTime":0,"SpanYoungGCCollectionCount":0,"SpanFullGCCollectionCount":0,"YoungGCCollectionCount":1,"FullGCCollectionCount":0,"SpanYoungGCCollectionTime":0,"YoungGCCollectionTime":18,"SpanFullGCCollectionTime":0},"memoryMap":{"HeapMemoryMax":3817865216,"SurvivorUsed":7829944,"OldGenCommitted":179306496,"PermGenUsed":0,"NonHeapMemoryUsed":22553792,"OldGenMax":2863661056,"SurvivorInit":11010048,"PermGenCommitted":0,"PermGenMax":0,"OldGenUsed":8192,"EdenSpaceUsed":28276760,"NonHeapMemoryCommitted":23461888,"HeapMemoryInit":268435456,"HeapMemoryCommitted":257425408,"SurvivorMax":11010048,"EdenSpaceCommitted":67108864,"OldGenInit":179306496,"EdenSpaceMax":1409286144,"SurvivorCommitted":11010048,"NonHeapMemoryMax":-1,"NonHeapMemoryInit":2555904,"HeapMemoryUsed":36114896,"EdenSpaceInit":67108864,"PermGenInit":0},"threadMap":{"ThreadCount":24,"TotalStartedThreadCount":28,"DeadLockedThreadCount":0,"ProcessCpuTimeRate":2.029,"DaemonThreadCount":21}},"timestamp":1778724540000,"totalRunningTime":0},{"exeExceptionNum":0,"exeFailedNum":0,"exeLaterNum":0,"exeSuccessNum":0,"jvmMData":{"gcMap":{"FullGCCollectionTime":0,"SpanYoungGCCollectionCount":0,"SpanFullGCCollectionCount":0,"YoungGCCollectionCount":1,"FullGCCollectionCount":0,"SpanYoungGCCollectionTime":0,"YoungGCCollectionTime":18,"SpanFullGCCollectionTime":0},"memoryMap":{"HeapMemoryMax":3817865216,"SurvivorUsed":7829944,"OldGenCommitted":179306496,"PermGenUsed":0,"NonHeapMemoryUsed":22749224,"OldGenMax":2863661056,"SurvivorInit":11010048,"PermGenCommitted":0,"PermGenMax":0,"OldGenUsed":8192,"EdenSpaceUsed":30993144,"NonHeapMemoryCommitted":23592960,"HeapMemoryInit":268435456,"HeapMemoryCommitted":257425408,"SurvivorMax":11010048,"EdenSpaceCommitted":67108864,"OldGenInit":179306496,"EdenSpaceMax":1409286144,"SurvivorCommitted":11010048,"NonHeapMemoryMax":-1,"NonHeapMemoryInit":2555904,"HeapMemoryUsed":38831280,"EdenSpaceInit":67108864,"PermGenInit":0},"threadMap":{"ThreadCount":24,"TotalStartedThreadCount":28,"DeadLockedThreadCount":0,"ProcessCpuTimeRate":1.943,"DaemonThreadCount":21}},"timestamp":1778724600000,"totalRunningTime":0},{"exeExceptionNum":0,"exeFailedNum":0,"exeLaterNum":0,"exeSuccessNum":0,"jvmMData":{"gcMap":{"FullGCCollectionTime":0,"SpanYoungGCCollectionCount":0,"SpanFullGCCollectionCount":0,"YoungGCCollectionCount":1,"FullGCCollectionCount":0,"SpanYoungGCCollectionTime":0,"YoungGCCollectionTime":18,"SpanFullGCCollectionTime":0},"memoryMap":{"HeapMemoryMax":3817865216,"SurvivorUsed":7829944,"OldGenCommitted":179306496,"PermGenUsed":0,"NonHeapMemoryUsed":22875216,"OldGenMax":2863661056,"SurvivorInit":11010048,"PermGenCommitted":0,"PermGenMax":0,"OldGenUsed":8192,"EdenSpaceUsed":34362312,"NonHeapMemoryCommitted":23724032,"HeapMemoryInit":268435456,"HeapMemoryCommitted":257425408,"SurvivorMax":11010048,"EdenSpaceCommitted":67108864,"OldGenInit":179306496,"EdenSpaceMax":1409286144,"SurvivorCommitted":11010048,"NonHeapMemoryMax":-1,"NonHeapMemoryInit":2555904,"HeapMemoryUsed":42200448,"EdenSpaceInit":67108864,"PermGenInit":0},"threadMap":{"ThreadCount":24,"TotalStartedThreadCount":28,"DeadLockedThreadCount":0,"ProcessCpuTimeRate":1.731,"DaemonThreadCount":21}},"timestamp":1778724660000,"totalRunningTime":0},{"exeExceptionNum":0,"exeFailedNum":0,"exeLaterNum":0,"exeSuccessNum":0,"jvmMData":{"gcMap":{"FullGCCollectionTime":0,"SpanYoungGCCollectionCount":0,"SpanFullGCCollectionCount":0,"YoungGCCollectionCount":1,"FullGCCollectionCount":0,"SpanYoungGCCollectionTime":0,"YoungGCCollectionTime":18,"SpanFullGCCollectionTime":0},"memoryMap":{"HeapMemoryMax":3817865216,"SurvivorUsed":7829944,"OldGenCommitted":179306496,"PermGenUsed":0,"NonHeapMemoryUsed":23121600,"OldGenMax":2863661056,"SurvivorInit":11010048,"PermGenCommitted":0,"PermGenMax":0,"OldGenUsed":8192,"EdenSpaceUsed":36375672,"NonHeapMemoryCommitted":24051712,"HeapMemoryInit":268435456,"HeapMemoryCommitted":257425408,"SurvivorMax":11010048,"EdenSpaceCommitted":67108864,"OldGenInit":179306496,"EdenSpaceMax":1409286144,"SurvivorCommitted":11010048,"NonHeapMemoryMax":-1,"NonHeapMemoryInit":2555904,"HeapMemoryUsed":44213808,"EdenSpaceInit":67108864,"PermGenInit":0},"threadMap":{"ThreadCount":24,"TotalStartedThreadCount":28,"DeadLockedThreadCount":0,"ProcessCpuTimeRate":2.058,"DaemonThreadCount":21}},"timestamp":1778724720000,"totalRunningTime":0}], lts version: 1.7.3-SNAPSHOT, current host: 192.168.64.1
[lts] 2026-05-14 10:33:00,472 DEBUG [pool-1-thread-4] com.github.ltsopensource.core.logger.slf4j.Slf4jLogger.debug(32) | 
    INSERT 
    INTO
        `
        lts_admin_task_tracker_monitor_data`(
            `gmt_created`, `node_group`, `identity`, `timestamp`, `exe_success_num`, `exe_failed_num`, `exe_later_num`, `exe_exception_num`, `total_running_time`
        ) 
    VALUES
        (?,?,?,?,?,?,?,?,?), lts version: 1.7.3-SNAPSHOT, current host: 192.168.64.1
[lts] 2026-05-14 10:33:00,506 DEBUG [pool-1-thread-3] com.github.ltsopensource.core.logger.slf4j.Slf4jLogger.debug(32) | 
    INSERT 
    INTO
        `
        lts_admin_job_tracker_monitor_data`(
            `gmt_created`, `identity`, `timestamp`, `receive_job_num`, `push_job_num`, `exe_success_num`, `exe_failed_num`, `exe_later_num`, `exe_exception_num`, `fix_executing_job_num`
        ) 
    VALUES
        (?,?,?,?,?,?,?,?,?,?), lts version: 1.7.3-SNAPSHOT, current host: 192.168.64.1
[lts] 2026-05-14 10:33:00,548 DEBUG [pool-1-thread-4] com.github.ltsopensource.core.logger.slf4j.Slf4jLogger.debug(32) | 
    INSERT 
    INTO
        `
        lts_admin_jvm_gc`(
            `gmt_created`, `identity`, `timestamp`, `node_type`, `node_group`, `young_gc_collection_count`, `young_gc_collection_time`, `full_gc_collection_count`, `full_gc_collection_time`, `span_young_gc_collection_count`, `span_young_gc_collection_time`, `span_full_gc_collection_count`, `span_full_gc_collection_time`
        ) 
    VALUES
        (?,?,?,?,?,?,?,?,?,?,?,?,?), lts version: 1.7.3-SNAPSHOT, current host: 192.168.64.1
[lts] 2026-05-14 10:33:00,548 DEBUG [pool-1-thread-3] com.github.ltsopensource.core.logger.slf4j.Slf4jLogger.debug(32) | 
    INSERT 
    INTO
        `
        lts_admin_jvm_gc`(
            `gmt_created`, `identity`, `timestamp`, `node_type`, `node_group`, `young_gc_collection_count`, `young_gc_collection_time`, `full_gc_collection_count`, `full_gc_collection_time`, `span_young_gc_collection_count`, `span_young_gc_collection_time`, `span_full_gc_collection_count`, `span_full_gc_collection_time`
        ) 
    VALUES
        (?,?,?,?,?,?,?,?,?,?,?,?,?), lts version: 1.7.3-SNAPSHOT, current host: 192.168.64.1
[lts] 2026-05-14 10:33:00,574 DEBUG [pool-1-thread-4] com.github.ltsopensource.core.logger.slf4j.Slf4jLogger.debug(32) | 
    INSERT 
    INTO
        `
        lts_admin_jvm_memory`(
            `gmt_created`, `identity`, `timestamp`, `node_type`, `node_group`, `heap_memory_committed`, `heap_memory_init`, `heap_memory_max`, `heap_memory_used`, `non_heap_memory_committed`, `non_heap_memory_init`, `non_heap_memory_max`, `non_heap_memory_used`, `perm_gen_committed`, `perm_gen_init`, `perm_gen_max`, `perm_gen_used`, `old_gen_committed`, `old_gen_init`, `old_gen_max`, `old_gen_used`, `eden_space_committed`, `eden_space_init`, `eden_space_max`, `eden_space_used`, `survivor_committed`, `survivor_init`, `survivor_max`, `survivor_used`
        ) 
    VALUES
        (?,?,?,?,?,?,?,?,?,?,?,?,?,?,?,?,?,?,?,?,?,?,?,?,?,?,?,?,?), lts version: 1.7.3-SNAPSHOT, current host: 192.168.64.1
[lts] 2026-05-14 10:33:00,574 DEBUG [pool-1-thread-3] com.github.ltsopensource.core.logger.slf4j.Slf4jLogger.debug(32) | 
    INSERT 
    INTO
        `
        lts_admin_jvm_memory`(
            `gmt_created`, `identity`, `timestamp`, `node_type`, `node_group`, `heap_memory_committed`, `heap_memory_init`, `heap_memory_max`, `heap_memory_used`, `non_heap_memory_committed`, `non_heap_memory_init`, `non_heap_memory_max`, `non_heap_memory_used`, `perm_gen_committed`, `perm_gen_init`, `perm_gen_max`, `perm_gen_used`, `old_gen_committed`, `old_gen_init`, `old_gen_max`, `old_gen_used`, `eden_space_committed`, `eden_space_init`, `eden_space_max`, `eden_space_used`, `survivor_committed`, `survivor_init`, `survivor_max`, `survivor_used`
        ) 
    VALUES
        (?,?,?,?,?,?,?,?,?,?,?,?,?,?,?,?,?,?,?,?,?,?,?,?,?,?,?,?,?), lts version: 1.7.3-SNAPSHOT, current host: 192.168.64.1
[lts] 2026-05-14 10:33:00,595 DEBUG [pool-1-thread-4] com.github.ltsopensource.core.logger.slf4j.Slf4jLogger.debug(32) | 
    INSERT 
    INTO
        `
        lts_admin_jvm_thread`(
            `gmt_created`, `identity`, `timestamp`, `node_type`, `node_group`, `daemon_thread_count`, `thread_count`, `total_started_thread_count`, `dead_locked_thread_count`, `process_cpu_time_rate`
        ) 
    VALUES
        (?,?,?,?,?,?,?,?,?,?), lts version: 1.7.3-SNAPSHOT, current host: 192.168.64.1
[lts] 2026-05-14 10:33:00,595 DEBUG [pool-1-thread-3] com.github.ltsopensource.core.logger.slf4j.Slf4jLogger.debug(32) | 
    INSERT 
    INTO
        `
        lts_admin_jvm_thread`(
            `gmt_created`, `identity`, `timestamp`, `node_type`, `node_group`, `daemon_thread_count`, `thread_count`, `total_started_thread_count`, `dead_locked_thread_count`, `process_cpu_time_rate`
        ) 
    VALUES
        (?,?,?,?,?,?,?,?,?,?), lts version: 1.7.3-SNAPSHOT, current host: 192.168.64.1
[lts] 2026-05-14 10:33:00,616 DEBUG [pool-1-thread-4] com.github.ltsopensource.core.logger.slf4j.Slf4jLogger.debug(32) | Add Monitor Data success, mNode={"identity":"TT_192.168.64.1_19784_10-03-55.606_1","nodeGroup":"test_trade_taskTracker","nodeType":"TASK_TRACKER"}, mData=[{"exeExceptionNum":0,"exeFailedNum":0,"exeLaterNum":0,"exeSuccessNum":0,"jvmMData":{"gcMap":{"FullGCCollectionTime":0,"SpanYoungGCCollectionCount":0,"SpanFullGCCollectionCount":0,"YoungGCCollectionCount":1,"FullGCCollectionCount":0,"SpanYoungGCCollectionTime":0,"YoungGCCollectionTime":18,"SpanFullGCCollectionTime":0},"memoryMap":{"HeapMemoryMax":3817865216,"SurvivorUsed":7829944,"OldGenCommitted":179306496,"PermGenUsed":0,"NonHeapMemoryUsed":20431784,"OldGenMax":2863661056,"SurvivorInit":11010048,"PermGenCommitted":0,"PermGenMax":0,"OldGenUsed":8192,"EdenSpaceUsed":6688136,"NonHeapMemoryCommitted":21168128,"HeapMemoryInit":268435456,"HeapMemoryCommitted":257425408,"SurvivorMax":11010048,"EdenSpaceCommitted":67108864,"OldGenInit":179306496,"EdenSpaceMax":1409286144,"SurvivorCommitted":11010048,"NonHeapMemoryMax":-1,"NonHeapMemoryInit":2555904,"HeapMemoryUsed":14526272,"EdenSpaceInit":67108864,"PermGenInit":0},"threadMap":{"ThreadCount":25,"TotalStartedThreadCount":28,"DeadLockedThreadCount":0,"ProcessCpuTimeRate":12.10,"DaemonThreadCount":22}},"timestamp":1778724180000,"totalRunningTime":0},{"exeExceptionNum":0,"exeFailedNum":0,"exeLaterNum":0,"exeSuccessNum":0,"jvmMData":{"gcMap":{"FullGCCollectionTime":0,"SpanYoungGCCollectionCount":0,"SpanFullGCCollectionCount":0,"YoungGCCollectionCount":1,"FullGCCollectionCount":0,"SpanYoungGCCollectionTime":0,"YoungGCCollectionTime":18,"SpanFullGCCollectionTime":0},"memoryMap":{"HeapMemoryMax":3817865216,"SurvivorUsed":7829944,"OldGenCommitted":179306496,"PermGenUsed":0,"NonHeapMemoryUsed":21548768,"OldGenMax":2863661056,"SurvivorInit":11010048,"PermGenCommitted":0,"PermGenMax":0,"OldGenUsed":8192,"EdenSpaceUsed":14087256,"NonHeapMemoryCommitted":22413312,"HeapMemoryInit":268435456,"HeapMemoryCommitted":257425408,"SurvivorMax":11010048,"EdenSpaceCommitted":67108864,"OldGenInit":179306496,"EdenSpaceMax":1409286144,"SurvivorCommitted":11010048,"NonHeapMemoryMax":-1,"NonHeapMemoryInit":2555904,"HeapMemoryUsed":21925392,"EdenSpaceInit":67108864,"PermGenInit":0},"threadMap":{"ThreadCount":24,"TotalStartedThreadCount":28,"DeadLockedThreadCount":0,"ProcessCpuTimeRate":3.338,"DaemonThreadCount":21}},"timestamp":1778724240000,"totalRunningTime":0},{"exeExceptionNum":0,"exeFailedNum":0,"exeLaterNum":0,"exeSuccessNum":0,"jvmMData":{"gcMap":{"FullGCCollectionTime":0,"SpanYoungGCCollectionCount":0,"SpanFullGCCollectionCount":0,"YoungGCCollectionCount":1,"FullGCCollectionCount":0,"SpanYoungGCCollectionTime":0,"YoungGCCollectionTime":18,"SpanFullGCCollectionTime":0},"memoryMap":{"HeapMemoryMax":3817865216,"SurvivorUsed":7829944,"OldGenCommitted":179306496,"PermGenUsed":0,"NonHeapMemoryUsed":21989680,"OldGenMax":2863661056,"SurvivorInit":11010048,"PermGenCommitted":0,"PermGenMax":0,"OldGenUsed":8192,"EdenSpaceUsed":16791488,"NonHeapMemoryCommitted":22806528,"HeapMemoryInit":268435456,"HeapMemoryCommitted":257425408,"SurvivorMax":11010048,"EdenSpaceCommitted":67108864,"OldGenInit":179306496,"EdenSpaceMax":1409286144,"SurvivorCommitted":11010048,"NonHeapMemoryMax":-1,"NonHeapMemoryInit":2555904,"HeapMemoryUsed":24629624,"EdenSpaceInit":67108864,"PermGenInit":0},"threadMap":{"ThreadCount":24,"TotalStartedThreadCount":28,"DeadLockedThreadCount":0,"ProcessCpuTimeRate":2.289,"DaemonThreadCount":21}},"timestamp":1778724300000,"totalRunningTime":0},{"exeExceptionNum":0,"exeFailedNum":0,"exeLaterNum":0,"exeSuccessNum":0,"jvmMData":{"gcMap":{"FullGCCollectionTime":0,"SpanYoungGCCollectionCount":0,"SpanFullGCCollectionCount":0,"YoungGCCollectionCount":1,"FullGCCollectionCount":0,"SpanYoungGCCollectionTime":0,"YoungGCCollectionTime":18,"SpanFullGCCollectionTime":0},"memoryMap":{"HeapMemoryMax":3817865216,"SurvivorUsed":7829944,"OldGenCommitted":179306496,"PermGenUsed":0,"NonHeapMemoryUsed":21988632,"OldGenMax":2863661056,"SurvivorInit":11010048,"PermGenCommitted":0,"PermGenMax":0,"OldGenUsed":8192,"EdenSpaceUsed":18808208,"NonHeapMemoryCommitted":23003136,"HeapMemoryInit":268435456,"HeapMemoryCommitted":257425408,"SurvivorMax":11010048,"EdenSpaceCommitted":67108864,"OldGenInit":179306496,"EdenSpaceMax":1409286144,"SurvivorCommitted":11010048,"NonHeapMemoryMax":-1,"NonHeapMemoryInit":2555904,"HeapMemoryUsed":26646344,"EdenSpaceInit":67108864,"PermGenInit":0},"threadMap":{"ThreadCount":24,"TotalStartedThreadCount":28,"DeadLockedThreadCount":0,"ProcessCpuTimeRate":2.171,"DaemonThreadCount":21}},"timestamp":1778724360000,"totalRunningTime":0},{"exeExceptionNum":0,"exeFailedNum":0,"exeLaterNum":0,"exeSuccessNum":0,"jvmMData":{"gcMap":{"FullGCCollectionTime":0,"SpanYoungGCCollectionCount":0,"SpanFullGCCollectionCount":0,"YoungGCCollectionCount":1,"FullGCCollectionCount":0,"SpanYoungGCCollectionTime":0,"YoungGCCollectionTime":18,"SpanFullGCCollectionTime":0},"memoryMap":{"HeapMemoryMax":3817865216,"SurvivorUsed":7829944,"OldGenCommitted":179306496,"PermGenUsed":0,"NonHeapMemoryUsed":22197712,"OldGenMax":2863661056,"SurvivorInit":11010048,"PermGenCommitted":0,"PermGenMax":0,"OldGenUsed":8192,"EdenSpaceUsed":23538952,"NonHeapMemoryCommitted":23003136,"HeapMemoryInit":268435456,"HeapMemoryCommitted":257425408,"SurvivorMax":11010048,"EdenSpaceCommitted":67108864,"OldGenInit":179306496,"EdenSpaceMax":1409286144,"SurvivorCommitted":11010048,"NonHeapMemoryMax":-1,"NonHeapMemoryInit":2555904,"HeapMemoryUsed":31377088,"EdenSpaceInit":67108864,"PermGenInit":0},"threadMap":{"ThreadCount":24,"TotalStartedThreadCount":28,"DeadLockedThreadCount":0,"ProcessCpuTimeRate":2.075,"DaemonThreadCount":21}},"timestamp":1778724420000,"totalRunningTime":0},{"exeExceptionNum":0,"exeFailedNum":0,"exeLaterNum":0,"exeSuccessNum":0,"jvmMData":{"gcMap":{"FullGCCollectionTime":0,"SpanYoungGCCollectionCount":0,"SpanFullGCCollectionCount":0,"YoungGCCollectionCount":1,"FullGCCollectionCount":0,"SpanYoungGCCollectionTime":0,"YoungGCCollectionTime":18,"SpanFullGCCollectionTime":0},"memoryMap":{"HeapMemoryMax":3817865216,"SurvivorUsed":7829944,"OldGenCommitted":179306496,"PermGenUsed":0,"NonHeapMemoryUsed":22475176,"OldGenMax":2863661056,"SurvivorInit":11010048,"PermGenCommitted":0,"PermGenMax":0,"OldGenUsed":8192,"EdenSpaceUsed":25552312,"NonHeapMemoryCommitted":23396352,"HeapMemoryInit":268435456,"HeapMemoryCommitted":257425408,"SurvivorMax":11010048,"EdenSpaceCommitted":67108864,"OldGenInit":179306496,"EdenSpaceMax":1409286144,"SurvivorCommitted":11010048,"NonHeapMemoryMax":-1,"NonHeapMemoryInit":2555904,"HeapMemoryUsed":33390448,"EdenSpaceInit":67108864,"PermGenInit":0},"threadMap":{"ThreadCount":24,"TotalStartedThreadCount":28,"DeadLockedThreadCount":0,"ProcessCpuTimeRate":2.404,"DaemonThreadCount":21}},"timestamp":1778724480000,"totalRunningTime":0},{"exeExceptionNum":0,"exeFailedNum":0,"exeLaterNum":0,"exeSuccessNum":0,"jvmMData":{"gcMap":{"FullGCCollectionTime":0,"SpanYoungGCCollectionCount":0,"SpanFullGCCollectionCount":0,"YoungGCCollectionCount":1,"FullGCCollectionCount":0,"SpanYoungGCCollectionTime":0,"YoungGCCollectionTime":18,"SpanFullGCCollectionTime":0},"memoryMap":{"HeapMemoryMax":3817865216,"SurvivorUsed":7829944,"OldGenCommitted":179306496,"PermGenUsed":0,"NonHeapMemoryUsed":22553792,"OldGenMax":2863661056,"SurvivorInit":11010048,"PermGenCommitted":0,"PermGenMax":0,"OldGenUsed":8192,"EdenSpaceUsed":28276760,"NonHeapMemoryCommitted":23461888,"HeapMemoryInit":268435456,"HeapMemoryCommitted":257425408,"SurvivorMax":11010048,"EdenSpaceCommitted":67108864,"OldGenInit":179306496,"EdenSpaceMax":1409286144,"SurvivorCommitted":11010048,"NonHeapMemoryMax":-1,"NonHeapMemoryInit":2555904,"HeapMemoryUsed":36114896,"EdenSpaceInit":67108864,"PermGenInit":0},"threadMap":{"ThreadCount":24,"TotalStartedThreadCount":28,"DeadLockedThreadCount":0,"ProcessCpuTimeRate":2.029,"DaemonThreadCount":21}},"timestamp":1778724540000,"totalRunningTime":0},{"exeExceptionNum":0,"exeFailedNum":0,"exeLaterNum":0,"exeSuccessNum":0,"jvmMData":{"gcMap":{"FullGCCollectionTime":0,"SpanYoungGCCollectionCount":0,"SpanFullGCCollectionCount":0,"YoungGCCollectionCount":1,"FullGCCollectionCount":0,"SpanYoungGCCollectionTime":0,"YoungGCCollectionTime":18,"SpanFullGCCollectionTime":0},"memoryMap":{"HeapMemoryMax":3817865216,"SurvivorUsed":7829944,"OldGenCommitted":179306496,"PermGenUsed":0,"NonHeapMemoryUsed":22749224,"OldGenMax":2863661056,"SurvivorInit":11010048,"PermGenCommitted":0,"PermGenMax":0,"OldGenUsed":8192,"EdenSpaceUsed":30993144,"NonHeapMemoryCommitted":23592960,"HeapMemoryInit":268435456,"HeapMemoryCommitted":257425408,"SurvivorMax":11010048,"EdenSpaceCommitted":67108864,"OldGenInit":179306496,"EdenSpaceMax":1409286144,"SurvivorCommitted":11010048,"NonHeapMemoryMax":-1,"NonHeapMemoryInit":2555904,"HeapMemoryUsed":38831280,"EdenSpaceInit":67108864,"PermGenInit":0},"threadMap":{"ThreadCount":24,"TotalStartedThreadCount":28,"DeadLockedThreadCount":0,"ProcessCpuTimeRate":1.943,"DaemonThreadCount":21}},"timestamp":1778724600000,"totalRunningTime":0},{"exeExceptionNum":0,"exeFailedNum":0,"exeLaterNum":0,"exeSuccessNum":0,"jvmMData":{"gcMap":{"FullGCCollectionTime":0,"SpanYoungGCCollectionCount":0,"SpanFullGCCollectionCount":0,"YoungGCCollectionCount":1,"FullGCCollectionCount":0,"SpanYoungGCCollectionTime":0,"YoungGCCollectionTime":18,"SpanFullGCCollectionTime":0},"memoryMap":{"HeapMemoryMax":3817865216,"SurvivorUsed":7829944,"OldGenCommitted":179306496,"PermGenUsed":0,"NonHeapMemoryUsed":22875216,"OldGenMax":2863661056,"SurvivorInit":11010048,"PermGenCommitted":0,"PermGenMax":0,"OldGenUsed":8192,"EdenSpaceUsed":34362312,"NonHeapMemoryCommitted":23724032,"HeapMemoryInit":268435456,"HeapMemoryCommitted":257425408,"SurvivorMax":11010048,"EdenSpaceCommitted":67108864,"OldGenInit":179306496,"EdenSpaceMax":1409286144,"SurvivorCommitted":11010048,"NonHeapMemoryMax":-1,"NonHeapMemoryInit":2555904,"HeapMemoryUsed":42200448,"EdenSpaceInit":67108864,"PermGenInit":0},"threadMap":{"ThreadCount":24,"TotalStartedThreadCount":28,"DeadLockedThreadCount":0,"ProcessCpuTimeRate":1.731,"DaemonThreadCount":21}},"timestamp":1778724660000,"totalRunningTime":0},{"exeExceptionNum":0,"exeFailedNum":0,"exeLaterNum":0,"exeSuccessNum":0,"jvmMData":{"gcMap":{"FullGCCollectionTime":0,"SpanYoungGCCollectionCount":0,"SpanFullGCCollectionCount":0,"YoungGCCollectionCount":1,"FullGCCollectionCount":0,"SpanYoungGCCollectionTime":0,"YoungGCCollectionTime":18,"SpanFullGCCollectionTime":0},"memoryMap":{"HeapMemoryMax":3817865216,"SurvivorUsed":7829944,"OldGenCommitted":179306496,"PermGenUsed":0,"NonHeapMemoryUsed":23121600,"OldGenMax":2863661056,"SurvivorInit":11010048,"PermGenCommitted":0,"PermGenMax":0,"OldGenUsed":8192,"EdenSpaceUsed":36375672,"NonHeapMemoryCommitted":24051712,"HeapMemoryInit":268435456,"HeapMemoryCommitted":257425408,"SurvivorMax":11010048,"EdenSpaceCommitted":67108864,"OldGenInit":179306496,"EdenSpaceMax":1409286144,"SurvivorCommitted":11010048,"NonHeapMemoryMax":-1,"NonHeapMemoryInit":2555904,"HeapMemoryUsed":44213808,"EdenSpaceInit":67108864,"PermGenInit":0},"threadMap":{"ThreadCount":24,"TotalStartedThreadCount":28,"DeadLockedThreadCount":0,"ProcessCpuTimeRate":2.058,"DaemonThreadCount":21}},"timestamp":1778724720000,"totalRunningTime":0}], lts version: 1.7.3-SNAPSHOT, current host: 192.168.64.1
[lts] 2026-05-14 10:33:00,616 DEBUG [pool-1-thread-3] com.github.ltsopensource.core.logger.slf4j.Slf4jLogger.debug(32) | Add Monitor Data success, mNode={"identity":"JT_192.168.64.1_19709_10-02-49.861_1","nodeGroup":"lts","nodeType":"JOB_TRACKER"}, mData=[{"exeExceptionNum":0,"exeFailedNum":0,"exeLaterNum":0,"exeSuccessNum":0,"fixExecutingJobNum":0,"jvmMData":{"gcMap":{"FullGCCollectionTime":14,"SpanYoungGCCollectionCount":0,"SpanFullGCCollectionCount":0,"YoungGCCollectionCount":2,"FullGCCollectionCount":1,"SpanYoungGCCollectionTime":0,"YoungGCCollectionTime":39,"SpanFullGCCollectionTime":0},"memoryMap":{"HeapMemoryMax":3817865216,"SurvivorUsed":0,"OldGenCommitted":86507520,"PermGenUsed":0,"NonHeapMemoryUsed":30571448,"OldGenMax":2863661056,"SurvivorInit":11010048,"PermGenCommitted":0,"PermGenMax":0,"OldGenUsed":7197256,"EdenSpaceUsed":27307064,"NonHeapMemoryCommitted":31637504,"HeapMemoryInit":268435456,"HeapMemoryCommitted":231735296,"SurvivorMax":11010048,"EdenSpaceCommitted":134217728,"OldGenInit":179306496,"EdenSpaceMax":1409286144,"SurvivorCommitted":11010048,"NonHeapMemoryMax":-1,"NonHeapMemoryInit":2555904,"HeapMemoryUsed":34504320,"EdenSpaceInit":67108864,"PermGenInit":0},"threadMap":{"ThreadCount":30,"TotalStartedThreadCount":34,"DeadLockedThreadCount":0,"ProcessCpuTimeRate":5.441,"DaemonThreadCount":27}},"pushJobNum":0,"receiveJobNum":0,"timestamp":1778724120000},{"exeExceptionNum":0,"exeFailedNum":0,"exeLaterNum":0,"exeSuccessNum":0,"fixExecutingJobNum":0,"jvmMData":{"gcMap":{"FullGCCollectionTime":14,"SpanYoungGCCollectionCount":0,"SpanFullGCCollectionCount":0,"YoungGCCollectionCount":2,"FullGCCollectionCount":1,"SpanYoungGCCollectionTime":0,"YoungGCCollectionTime":39,"SpanFullGCCollectionTime":0},"memoryMap":{"HeapMemoryMax":3817865216,"SurvivorUsed":0,"OldGenCommitted":86507520,"PermGenUsed":0,"NonHeapMemoryUsed":31927272,"OldGenMax":2863661056,"SurvivorInit":11010048,"PermGenCommitted":0,"PermGenMax":0,"OldGenUsed":7197256,"EdenSpaceUsed":41404560,"NonHeapMemoryCommitted":32899072,"HeapMemoryInit":268435456,"HeapMemoryCommitted":231735296,"SurvivorMax":11010048,"EdenSpaceCommitted":134217728,"OldGenInit":179306496,"EdenSpaceMax":1409286144,"SurvivorCommitted":11010048,"NonHeapMemoryMax":-1,"NonHeapMemoryInit":2555904,"HeapMemoryUsed":48601816,"EdenSpaceInit":67108864,"PermGenInit":0},"threadMap":{"ThreadCount":41,"TotalStartedThreadCount":49,"DeadLockedThreadCount":0,"ProcessCpuTimeRate":3.235,"DaemonThreadCount":37}},"pushJobNum":0,"receiveJobNum":0,"timestamp":1778724180000},{"exeExceptionNum":0,"exeFailedNum":0,"exeLaterNum":0,"exeSuccessNum":0,"fixExecutingJobNum":0,"jvmMData":{"gcMap":{"FullGCCollectionTime":14,"SpanYoungGCCollectionCount":1,"SpanFullGCCollectionCount":0,"YoungGCCollectionCount":3,"FullGCCollectionCount":1,"SpanYoungGCCollectionTime":14,"YoungGCCollectionTime":53,"SpanFullGCCollectionTime":0},"memoryMap":{"HeapMemoryMax":3817865216,"SurvivorUsed":2341800,"OldGenCommitted":86507520,"PermGenUsed":0,"NonHeapMemoryUsed":33150888,"OldGenMax":2863661056,"SurvivorInit":11010048,"PermGenCommitted":0,"PermGenMax":0,"OldGenUsed":7205448,"EdenSpaceUsed":20897976,"NonHeapMemoryCommitted":34275328,"HeapMemoryInit":268435456,"HeapMemoryCommitted":231735296,"SurvivorMax":11010048,"EdenSpaceCommitted":134217728,"OldGenInit":179306496,"EdenSpaceMax":1409286144,"SurvivorCommitted":11010048,"NonHeapMemoryMax":-1,"NonHeapMemoryInit":2555904,"HeapMemoryUsed":30445224,"EdenSpaceInit":67108864,"PermGenInit":0},"threadMap":{"ThreadCount":196,"TotalStartedThreadCount":262,"DeadLockedThreadCount":0,"ProcessCpuTimeRate":6.438,"DaemonThreadCount":192}},"pushJobNum":0,"receiveJobNum":0,"timestamp":1778724240000},{"exeExceptionNum":0,"exeFailedNum":0,"exeLaterNum":0,"exeSuccessNum":0,"fixExecutingJobNum":0,"jvmMData":{"gcMap":{"FullGCCollectionTime":14,"SpanYoungGCCollectionCount":0,"SpanFullGCCollectionCount":0,"YoungGCCollectionCount":3,"FullGCCollectionCount":1,"SpanYoungGCCollectionTime":0,"YoungGCCollectionTime":53,"SpanFullGCCollectionTime":0},"memoryMap":{"HeapMemoryMax":3817865216,"SurvivorUsed":2341800,"OldGenCommitted":86507520,"PermGenUsed":0,"NonHeapMemoryUsed":34708688,"OldGenMax":2863661056,"SurvivorInit":11010048,"PermGenCommitted":0,"PermGenMax":0,"OldGenUsed":7205448,"EdenSpaceUsed":60142632,"NonHeapMemoryCommitted":35782656,"HeapMemoryInit":268435456,"HeapMemoryCommitted":231735296,"SurvivorMax":11010048,"EdenSpaceCommitted":134217728,"OldGenInit":179306496,"EdenSpaceMax":1409286144,"SurvivorCommitted":11010048,"NonHeapMemoryMax":-1,"NonHeapMemoryInit":2555904,"HeapMemoryUsed":69689880,"EdenSpaceInit":67108864,"PermGenInit":0},"threadMap":{"ThreadCount":215,"TotalStartedThreadCount":340,"DeadLockedThreadCount":0,"ProcessCpuTimeRate":4.987,"DaemonThreadCount":211}},"pushJobNum":0,"receiveJobNum":0,"timestamp":1778724300000},{"exeExceptionNum":0,"exeFailedNum":0,"exeLaterNum":0,"exeSuccessNum":0,"fixExecutingJobNum":0,"jvmMData":{"gcMap":{"FullGCCollectionTime":14,"SpanYoungGCCollectionCount":0,"SpanFullGCCollectionCount":0,"YoungGCCollectionCount":3,"FullGCCollectionCount":1,"SpanYoungGCCollectionTime":0,"YoungGCCollectionTime":53,"SpanFullGCCollectionTime":0},"memoryMap":{"HeapMemoryMax":3817865216,"SurvivorUsed":2341800,"OldGenCommitted":86507520,"PermGenUsed":0,"NonHeapMemoryUsed":35370336,"OldGenMax":2863661056,"SurvivorInit":11010048,"PermGenCommitted":0,"PermGenMax":0,"OldGenUsed":7205448,"EdenSpaceUsed":69433392,"NonHeapMemoryCommitted":36372480,"HeapMemoryInit":268435456,"HeapMemoryCommitted":231735296,"SurvivorMax":11010048,"EdenSpaceCommitted":134217728,"OldGenInit":179306496,"EdenSpaceMax":1409286144,"SurvivorCommitted":11010048,"NonHeapMemoryMax":-1,"NonHeapMemoryInit":2555904,"HeapMemoryUsed":78980640,"EdenSpaceInit":67108864,"PermGenInit":0},"threadMap":{"ThreadCount":215,"TotalStartedThreadCount":400,"DeadLockedThreadCount":0,"ProcessCpuTimeRate":4.004,"DaemonThreadCount":211}},"pushJobNum":0,"receiveJobNum":0,"timestamp":1778724360000},{"exeExceptionNum":0,"exeFailedNum":0,"exeLaterNum":0,"exeSuccessNum":0,"fixExecutingJobNum":0,"jvmMData":{"gcMap":{"FullGCCollectionTime":14,"SpanYoungGCCollectionCount":0,"SpanFullGCCollectionCount":0,"YoungGCCollectionCount":3,"FullGCCollectionCount":1,"SpanYoungGCCollectionTime":0,"YoungGCCollectionTime":53,"SpanFullGCCollectionTime":0},"memoryMap":{"HeapMemoryMax":3817865216,"SurvivorUsed":2341800,"OldGenCommitted":86507520,"PermGenUsed":0,"NonHeapMemoryUsed":36527472,"OldGenMax":2863661056,"SurvivorInit":11010048,"PermGenCommitted":0,"PermGenMax":0,"OldGenUsed":7205448,"EdenSpaceUsed":75563112,"NonHeapMemoryCommitted":37552128,"HeapMemoryInit":268435456,"HeapMemoryCommitted":231735296,"SurvivorMax":11010048,"EdenSpaceCommitted":134217728,"OldGenInit":179306496,"EdenSpaceMax":1409286144,"SurvivorCommitted":11010048,"NonHeapMemoryMax":-1,"NonHeapMemoryInit":2555904,"HeapMemoryUsed":85110360,"EdenSpaceInit":67108864,"PermGenInit":0},"threadMap":{"ThreadCount":215,"TotalStartedThreadCount":460,"DeadLockedThreadCount":0,"ProcessCpuTimeRate":5.054,"DaemonThreadCount":211}},"pushJobNum":0,"receiveJobNum":0,"timestamp":1778724420000},{"exeExceptionNum":0,"exeFailedNum":0,"exeLaterNum":0,"exeSuccessNum":0,"fixExecutingJobNum":0,"jvmMData":{"gcMap":{"FullGCCollectionTime":14,"SpanYoungGCCollectionCount":0,"SpanFullGCCollectionCount":0,"YoungGCCollectionCount":3,"FullGCCollectionCount":1,"SpanYoungGCCollectionTime":0,"YoungGCCollectionTime":53,"SpanFullGCCollectionTime":0},"memoryMap":{"HeapMemoryMax":3817865216,"SurvivorUsed":2341800,"OldGenCommitted":86507520,"PermGenUsed":0,"NonHeapMemoryUsed":37098240,"OldGenMax":2863661056,"SurvivorInit":11010048,"PermGenCommitted":0,"PermGenMax":0,"OldGenUsed":7205448,"EdenSpaceUsed":81165552,"NonHeapMemoryCommitted":38010880,"HeapMemoryInit":268435456,"HeapMemoryCommitted":231735296,"SurvivorMax":11010048,"EdenSpaceCommitted":134217728,"OldGenInit":179306496,"EdenSpaceMax":1409286144,"SurvivorCommitted":11010048,"NonHeapMemoryMax":-1,"NonHeapMemoryInit":2555904,"HeapMemoryUsed":90712800,"EdenSpaceInit":67108864,"PermGenInit":0},"threadMap":{"ThreadCount":215,"TotalStartedThreadCount":518,"DeadLockedThreadCount":0,"ProcessCpuTimeRate":4.220,"DaemonThreadCount":211}},"pushJobNum":0,"receiveJobNum":0,"timestamp":1778724480000},{"exeExceptionNum":0,"exeFailedNum":0,"exeLaterNum":0,"exeSuccessNum":0,"fixExecutingJobNum":0,"jvmMData":{"gcMap":{"FullGCCollectionTime":14,"SpanYoungGCCollectionCount":0,"SpanFullGCCollectionCount":0,"YoungGCCollectionCount":3,"FullGCCollectionCount":1,"SpanYoungGCCollectionTime":0,"YoungGCCollectionTime":53,"SpanFullGCCollectionTime":0},"memoryMap":{"HeapMemoryMax":3817865216,"SurvivorUsed":2341800,"OldGenCommitted":86507520,"PermGenUsed":0,"NonHeapMemoryUsed":37775888,"OldGenMax":2863661056,"SurvivorInit":11010048,"PermGenCommitted":0,"PermGenMax":0,"OldGenUsed":7205448,"EdenSpaceUsed":87675712,"NonHeapMemoryCommitted":38797312,"HeapMemoryInit":268435456,"HeapMemoryCommitted":231735296,"SurvivorMax":11010048,"EdenSpaceCommitted":134217728,"OldGenInit":179306496,"EdenSpaceMax":1409286144,"SurvivorCommitted":11010048,"NonHeapMemoryMax":-1,"NonHeapMemoryInit":2555904,"HeapMemoryUsed":97222960,"EdenSpaceInit":67108864,"PermGenInit":0},"threadMap":{"ThreadCount":215,"TotalStartedThreadCount":578,"DeadLockedThreadCount":0,"ProcessCpuTimeRate":3.795,"DaemonThreadCount":211}},"pushJobNum":0,"receiveJobNum":0,"timestamp":1778724540000},{"exeExceptionNum":0,"exeFailedNum":0,"exeLaterNum":0,"exeSuccessNum":0,"fixExecutingJobNum":0,"jvmMData":{"gcMap":{"FullGCCollectionTime":14,"SpanYoungGCCollectionCount":0,"SpanFullGCCollectionCount":0,"YoungGCCollectionCount":3,"FullGCCollectionCount":1,"SpanYoungGCCollectionTime":0,"YoungGCCollectionTime":53,"SpanFullGCCollectionTime":0},"memoryMap":{"HeapMemoryMax":3817865216,"SurvivorUsed":2341800,"OldGenCommitted":86507520,"PermGenUsed":0,"NonHeapMemoryUsed":38210672,"OldGenMax":2863661056,"SurvivorInit":11010048,"PermGenCommitted":0,"PermGenMax":0,"OldGenUsed":7205448,"EdenSpaceUsed":94224568,"NonHeapMemoryCommitted":39190528,"HeapMemoryInit":268435456,"HeapMemoryCommitted":231735296,"SurvivorMax":11010048,"EdenSpaceCommitted":134217728,"OldGenInit":179306496,"EdenSpaceMax":1409286144,"SurvivorCommitted":11010048,"NonHeapMemoryMax":-1,"NonHeapMemoryInit":2555904,"HeapMemoryUsed":103771816,"EdenSpaceInit":67108864,"PermGenInit":0},"threadMap":{"ThreadCount":215,"TotalStartedThreadCount":638,"DeadLockedThreadCount":0,"ProcessCpuTimeRate":3.745,"DaemonThreadCount":211}},"pushJobNum":0,"receiveJobNum":0,"timestamp":1778724600000},{"exeExceptionNum":0,"exeFailedNum":0,"exeLaterNum":0,"exeSuccessNum":0,"fixExecutingJobNum":0,"jvmMData":{"gcMap":{"FullGCCollectionTime":14,"SpanYoungGCCollectionCount":0,"SpanFullGCCollectionCount":0,"YoungGCCollectionCount":3,"FullGCCollectionCount":1,"SpanYoungGCCollectionTime":0,"YoungGCCollectionTime":53,"SpanFullGCCollectionTime":0},"memoryMap":{"HeapMemoryMax":3817865216,"SurvivorUsed":2341800,"OldGenCommitted":86507520,"PermGenUsed":0,"NonHeapMemoryUsed":38465144,"OldGenMax":2863661056,"SurvivorInit":11010048,"PermGenCommitted":0,"PermGenMax":0,"OldGenUsed":7205448,"EdenSpaceUsed":101464760,"NonHeapMemoryCommitted":39649280,"HeapMemoryInit":268435456,"HeapMemoryCommitted":231735296,"SurvivorMax":11010048,"EdenSpaceCommitted":134217728,"OldGenInit":179306496,"EdenSpaceMax":1409286144,"SurvivorCommitted":11010048,"NonHeapMemoryMax":-1,"NonHeapMemoryInit":2555904,"HeapMemoryUsed":111012008,"EdenSpaceInit":67108864,"PermGenInit":0},"threadMap":{"ThreadCount":215,"TotalStartedThreadCount":696,"DeadLockedThreadCount":0,"ProcessCpuTimeRate":3.330,"DaemonThreadCount":211}},"pushJobNum":0,"receiveJobNum":0,"timestamp":1778724660000}], lts version: 1.7.3-SNAPSHOT, current host: 192.168.64.1
[lts] 2026-05-14 10:33:44,463 DEBUG [AliveKeepingService] com.github.ltsopensource.core.logger.slf4j.Slf4jLogger.debug(32) | I'm alive, lts version: 1.7.3-SNAPSHOT, current host: 192.168.64.1
[lts] 2026-05-14 10:34:00,775 DEBUG [pool-1-thread-5] com.github.ltsopensource.core.logger.slf4j.Slf4jLogger.debug(32) | 
    INSERT 
    INTO
        `
        lts_admin_task_tracker_monitor_data`(
            `gmt_created`, `node_group`, `identity`, `timestamp`, `exe_success_num`, `exe_failed_num`, `exe_later_num`, `exe_exception_num`, `total_running_time`
        ) 
    VALUES
        (?,?,?,?,?,?,?,?,?), lts version: 1.7.3-SNAPSHOT, current host: 192.168.64.1
[lts] 2026-05-14 10:34:00,789 DEBUG [pool-1-thread-6] com.github.ltsopensource.core.logger.slf4j.Slf4jLogger.debug(32) | 
    INSERT 
    INTO
        `
        lts_admin_job_tracker_monitor_data`(
            `gmt_created`, `identity`, `timestamp`, `receive_job_num`, `push_job_num`, `exe_success_num`, `exe_failed_num`, `exe_later_num`, `exe_exception_num`, `fix_executing_job_num`
        ) 
    VALUES
        (?,?,?,?,?,?,?,?,?,?), lts version: 1.7.3-SNAPSHOT, current host: 192.168.64.1
[lts] 2026-05-14 10:34:00,816 DEBUG [pool-1-thread-5] com.github.ltsopensource.core.logger.slf4j.Slf4jLogger.debug(32) | 
    INSERT 
    INTO
        `
        lts_admin_jvm_gc`(
            `gmt_created`, `identity`, `timestamp`, `node_type`, `node_group`, `young_gc_collection_count`, `young_gc_collection_time`, `full_gc_collection_count`, `full_gc_collection_time`, `span_young_gc_collection_count`, `span_young_gc_collection_time`, `span_full_gc_collection_count`, `span_full_gc_collection_time`
        ) 
    VALUES
        (?,?,?,?,?,?,?,?,?,?,?,?,?), lts version: 1.7.3-SNAPSHOT, current host: 192.168.64.1
[lts] 2026-05-14 10:34:00,816 DEBUG [pool-1-thread-6] com.github.ltsopensource.core.logger.slf4j.Slf4jLogger.debug(32) | 
    INSERT 
    INTO
        `
        lts_admin_jvm_gc`(
            `gmt_created`, `identity`, `timestamp`, `node_type`, `node_group`, `young_gc_collection_count`, `young_gc_collection_time`, `full_gc_collection_count`, `full_gc_collection_time`, `span_young_gc_collection_count`, `span_young_gc_collection_time`, `span_full_gc_collection_count`, `span_full_gc_collection_time`
        ) 
    VALUES
        (?,?,?,?,?,?,?,?,?,?,?,?,?), lts version: 1.7.3-SNAPSHOT, current host: 192.168.64.1
[lts] 2026-05-14 10:34:00,830 DEBUG [pool-1-thread-6] com.github.ltsopensource.core.logger.slf4j.Slf4jLogger.debug(32) | 
    INSERT 
    INTO
        `
        lts_admin_jvm_memory`(
            `gmt_created`, `identity`, `timestamp`, `node_type`, `node_group`, `heap_memory_committed`, `heap_memory_init`, `heap_memory_max`, `heap_memory_used`, `non_heap_memory_committed`, `non_heap_memory_init`, `non_heap_memory_max`, `non_heap_memory_used`, `perm_gen_committed`, `perm_gen_init`, `perm_gen_max`, `perm_gen_used`, `old_gen_committed`, `old_gen_init`, `old_gen_max`, `old_gen_used`, `eden_space_committed`, `eden_space_init`, `eden_space_max`, `eden_space_used`, `survivor_committed`, `survivor_init`, `survivor_max`, `survivor_used`
        ) 
    VALUES
        (?,?,?,?,?,?,?,?,?,?,?,?,?,?,?,?,?,?,?,?,?,?,?,?,?,?,?,?,?), lts version: 1.7.3-SNAPSHOT, current host: 192.168.64.1
[lts] 2026-05-14 10:34:00,831 DEBUG [pool-1-thread-5] com.github.ltsopensource.core.logger.slf4j.Slf4jLogger.debug(32) | 
    INSERT 
    INTO
        `
        lts_admin_jvm_memory`(
            `gmt_created`, `identity`, `timestamp`, `node_type`, `node_group`, `heap_memory_committed`, `heap_memory_init`, `heap_memory_max`, `heap_memory_used`, `non_heap_memory_committed`, `non_heap_memory_init`, `non_heap_memory_max`, `non_heap_memory_used`, `perm_gen_committed`, `perm_gen_init`, `perm_gen_max`, `perm_gen_used`, `old_gen_committed`, `old_gen_init`, `old_gen_max`, `old_gen_used`, `eden_space_committed`, `eden_space_init`, `eden_space_max`, `eden_space_used`, `survivor_committed`, `survivor_init`, `survivor_max`, `survivor_used`
        ) 
    VALUES
        (?,?,?,?,?,?,?,?,?,?,?,?,?,?,?,?,?,?,?,?,?,?,?,?,?,?,?,?,?), lts version: 1.7.3-SNAPSHOT, current host: 192.168.64.1
[lts] 2026-05-14 10:34:00,848 DEBUG [pool-1-thread-6] com.github.ltsopensource.core.logger.slf4j.Slf4jLogger.debug(32) | 
    INSERT 
    INTO
        `
        lts_admin_jvm_thread`(
            `gmt_created`, `identity`, `timestamp`, `node_type`, `node_group`, `daemon_thread_count`, `thread_count`, `total_started_thread_count`, `dead_locked_thread_count`, `process_cpu_time_rate`
        ) 
    VALUES
        (?,?,?,?,?,?,?,?,?,?), lts version: 1.7.3-SNAPSHOT, current host: 192.168.64.1
[lts] 2026-05-14 10:34:00,852 DEBUG [pool-1-thread-5] com.github.ltsopensource.core.logger.slf4j.Slf4jLogger.debug(32) | 
    INSERT 
    INTO
        `
        lts_admin_jvm_thread`(
            `gmt_created`, `identity`, `timestamp`, `node_type`, `node_group`, `daemon_thread_count`, `thread_count`, `total_started_thread_count`, `dead_locked_thread_count`, `process_cpu_time_rate`
        ) 
    VALUES
        (?,?,?,?,?,?,?,?,?,?), lts version: 1.7.3-SNAPSHOT, current host: 192.168.64.1
[lts] 2026-05-14 10:34:00,866 DEBUG [pool-1-thread-6] com.github.ltsopensource.core.logger.slf4j.Slf4jLogger.debug(32) | Add Monitor Data success, mNode={"identity":"JT_192.168.64.1_19709_10-02-49.861_1","nodeGroup":"lts","nodeType":"JOB_TRACKER"}, mData=[{"exeExceptionNum":0,"exeFailedNum":0,"exeLaterNum":0,"exeSuccessNum":0,"fixExecutingJobNum":0,"jvmMData":{"gcMap":{"FullGCCollectionTime":14,"SpanYoungGCCollectionCount":0,"SpanFullGCCollectionCount":0,"YoungGCCollectionCount":2,"FullGCCollectionCount":1,"SpanYoungGCCollectionTime":0,"YoungGCCollectionTime":39,"SpanFullGCCollectionTime":0},"memoryMap":{"HeapMemoryMax":3817865216,"SurvivorUsed":0,"OldGenCommitted":86507520,"PermGenUsed":0,"NonHeapMemoryUsed":30571448,"OldGenMax":2863661056,"SurvivorInit":11010048,"PermGenCommitted":0,"PermGenMax":0,"OldGenUsed":7197256,"EdenSpaceUsed":27307064,"NonHeapMemoryCommitted":31637504,"HeapMemoryInit":268435456,"HeapMemoryCommitted":231735296,"SurvivorMax":11010048,"EdenSpaceCommitted":134217728,"OldGenInit":179306496,"EdenSpaceMax":1409286144,"SurvivorCommitted":11010048,"NonHeapMemoryMax":-1,"NonHeapMemoryInit":2555904,"HeapMemoryUsed":34504320,"EdenSpaceInit":67108864,"PermGenInit":0},"threadMap":{"ThreadCount":30,"TotalStartedThreadCount":34,"DeadLockedThreadCount":0,"ProcessCpuTimeRate":5.441,"DaemonThreadCount":27}},"pushJobNum":0,"receiveJobNum":0,"timestamp":1778724120000},{"exeExceptionNum":0,"exeFailedNum":0,"exeLaterNum":0,"exeSuccessNum":0,"fixExecutingJobNum":0,"jvmMData":{"gcMap":{"FullGCCollectionTime":14,"SpanYoungGCCollectionCount":0,"SpanFullGCCollectionCount":0,"YoungGCCollectionCount":2,"FullGCCollectionCount":1,"SpanYoungGCCollectionTime":0,"YoungGCCollectionTime":39,"SpanFullGCCollectionTime":0},"memoryMap":{"HeapMemoryMax":3817865216,"SurvivorUsed":0,"OldGenCommitted":86507520,"PermGenUsed":0,"NonHeapMemoryUsed":31927272,"OldGenMax":2863661056,"SurvivorInit":11010048,"PermGenCommitted":0,"PermGenMax":0,"OldGenUsed":7197256,"EdenSpaceUsed":41404560,"NonHeapMemoryCommitted":32899072,"HeapMemoryInit":268435456,"HeapMemoryCommitted":231735296,"SurvivorMax":11010048,"EdenSpaceCommitted":134217728,"OldGenInit":179306496,"EdenSpaceMax":1409286144,"SurvivorCommitted":11010048,"NonHeapMemoryMax":-1,"NonHeapMemoryInit":2555904,"HeapMemoryUsed":48601816,"EdenSpaceInit":67108864,"PermGenInit":0},"threadMap":{"ThreadCount":41,"TotalStartedThreadCount":49,"DeadLockedThreadCount":0,"ProcessCpuTimeRate":3.235,"DaemonThreadCount":37}},"pushJobNum":0,"receiveJobNum":0,"timestamp":1778724180000},{"exeExceptionNum":0,"exeFailedNum":0,"exeLaterNum":0,"exeSuccessNum":0,"fixExecutingJobNum":0,"jvmMData":{"gcMap":{"FullGCCollectionTime":14,"SpanYoungGCCollectionCount":1,"SpanFullGCCollectionCount":0,"YoungGCCollectionCount":3,"FullGCCollectionCount":1,"SpanYoungGCCollectionTime":14,"YoungGCCollectionTime":53,"SpanFullGCCollectionTime":0},"memoryMap":{"HeapMemoryMax":3817865216,"SurvivorUsed":2341800,"OldGenCommitted":86507520,"PermGenUsed":0,"NonHeapMemoryUsed":33150888,"OldGenMax":2863661056,"SurvivorInit":11010048,"PermGenCommitted":0,"PermGenMax":0,"OldGenUsed":7205448,"EdenSpaceUsed":20897976,"NonHeapMemoryCommitted":34275328,"HeapMemoryInit":268435456,"HeapMemoryCommitted":231735296,"SurvivorMax":11010048,"EdenSpaceCommitted":134217728,"OldGenInit":179306496,"EdenSpaceMax":1409286144,"SurvivorCommitted":11010048,"NonHeapMemoryMax":-1,"NonHeapMemoryInit":2555904,"HeapMemoryUsed":30445224,"EdenSpaceInit":67108864,"PermGenInit":0},"threadMap":{"ThreadCount":196,"TotalStartedThreadCount":262,"DeadLockedThreadCount":0,"ProcessCpuTimeRate":6.438,"DaemonThreadCount":192}},"pushJobNum":0,"receiveJobNum":0,"timestamp":1778724240000},{"exeExceptionNum":0,"exeFailedNum":0,"exeLaterNum":0,"exeSuccessNum":0,"fixExecutingJobNum":0,"jvmMData":{"gcMap":{"FullGCCollectionTime":14,"SpanYoungGCCollectionCount":0,"SpanFullGCCollectionCount":0,"YoungGCCollectionCount":3,"FullGCCollectionCount":1,"SpanYoungGCCollectionTime":0,"YoungGCCollectionTime":53,"SpanFullGCCollectionTime":0},"memoryMap":{"HeapMemoryMax":3817865216,"SurvivorUsed":2341800,"OldGenCommitted":86507520,"PermGenUsed":0,"NonHeapMemoryUsed":34708688,"OldGenMax":2863661056,"SurvivorInit":11010048,"PermGenCommitted":0,"PermGenMax":0,"OldGenUsed":7205448,"EdenSpaceUsed":60142632,"NonHeapMemoryCommitted":35782656,"HeapMemoryInit":268435456,"HeapMemoryCommitted":231735296,"SurvivorMax":11010048,"EdenSpaceCommitted":134217728,"OldGenInit":179306496,"EdenSpaceMax":1409286144,"SurvivorCommitted":11010048,"NonHeapMemoryMax":-1,"NonHeapMemoryInit":2555904,"HeapMemoryUsed":69689880,"EdenSpaceInit":67108864,"PermGenInit":0},"threadMap":{"ThreadCount":215,"TotalStartedThreadCount":340,"DeadLockedThreadCount":0,"ProcessCpuTimeRate":4.987,"DaemonThreadCount":211}},"pushJobNum":0,"receiveJobNum":0,"timestamp":1778724300000},{"exeExceptionNum":0,"exeFailedNum":0,"exeLaterNum":0,"exeSuccessNum":0,"fixExecutingJobNum":0,"jvmMData":{"gcMap":{"FullGCCollectionTime":14,"SpanYoungGCCollectionCount":0,"SpanFullGCCollectionCount":0,"YoungGCCollectionCount":3,"FullGCCollectionCount":1,"SpanYoungGCCollectionTime":0,"YoungGCCollectionTime":53,"SpanFullGCCollectionTime":0},"memoryMap":{"HeapMemoryMax":3817865216,"SurvivorUsed":2341800,"OldGenCommitted":86507520,"PermGenUsed":0,"NonHeapMemoryUsed":35370336,"OldGenMax":2863661056,"SurvivorInit":11010048,"PermGenCommitted":0,"PermGenMax":0,"OldGenUsed":7205448,"EdenSpaceUsed":69433392,"NonHeapMemoryCommitted":36372480,"HeapMemoryInit":268435456,"HeapMemoryCommitted":231735296,"SurvivorMax":11010048,"EdenSpaceCommitted":134217728,"OldGenInit":179306496,"EdenSpaceMax":1409286144,"SurvivorCommitted":11010048,"NonHeapMemoryMax":-1,"NonHeapMemoryInit":2555904,"HeapMemoryUsed":78980640,"EdenSpaceInit":67108864,"PermGenInit":0},"threadMap":{"ThreadCount":215,"TotalStartedThreadCount":400,"DeadLockedThreadCount":0,"ProcessCpuTimeRate":4.004,"DaemonThreadCount":211}},"pushJobNum":0,"receiveJobNum":0,"timestamp":1778724360000},{"exeExceptionNum":0,"exeFailedNum":0,"exeLaterNum":0,"exeSuccessNum":0,"fixExecutingJobNum":0,"jvmMData":{"gcMap":{"FullGCCollectionTime":14,"SpanYoungGCCollectionCount":0,"SpanFullGCCollectionCount":0,"YoungGCCollectionCount":3,"FullGCCollectionCount":1,"SpanYoungGCCollectionTime":0,"YoungGCCollectionTime":53,"SpanFullGCCollectionTime":0},"memoryMap":{"HeapMemoryMax":3817865216,"SurvivorUsed":2341800,"OldGenCommitted":86507520,"PermGenUsed":0,"NonHeapMemoryUsed":36527472,"OldGenMax":2863661056,"SurvivorInit":11010048,"PermGenCommitted":0,"PermGenMax":0,"OldGenUsed":7205448,"EdenSpaceUsed":75563112,"NonHeapMemoryCommitted":37552128,"HeapMemoryInit":268435456,"HeapMemoryCommitted":231735296,"SurvivorMax":11010048,"EdenSpaceCommitted":134217728,"OldGenInit":179306496,"EdenSpaceMax":1409286144,"SurvivorCommitted":11010048,"NonHeapMemoryMax":-1,"NonHeapMemoryInit":2555904,"HeapMemoryUsed":85110360,"EdenSpaceInit":67108864,"PermGenInit":0},"threadMap":{"ThreadCount":215,"TotalStartedThreadCount":460,"DeadLockedThreadCount":0,"ProcessCpuTimeRate":5.054,"DaemonThreadCount":211}},"pushJobNum":0,"receiveJobNum":0,"timestamp":1778724420000},{"exeExceptionNum":0,"exeFailedNum":0,"exeLaterNum":0,"exeSuccessNum":0,"fixExecutingJobNum":0,"jvmMData":{"gcMap":{"FullGCCollectionTime":14,"SpanYoungGCCollectionCount":0,"SpanFullGCCollectionCount":0,"YoungGCCollectionCount":3,"FullGCCollectionCount":1,"SpanYoungGCCollectionTime":0,"YoungGCCollectionTime":53,"SpanFullGCCollectionTime":0},"memoryMap":{"HeapMemoryMax":3817865216,"SurvivorUsed":2341800,"OldGenCommitted":86507520,"PermGenUsed":0,"NonHeapMemoryUsed":37098240,"OldGenMax":2863661056,"SurvivorInit":11010048,"PermGenCommitted":0,"PermGenMax":0,"OldGenUsed":7205448,"EdenSpaceUsed":81165552,"NonHeapMemoryCommitted":38010880,"HeapMemoryInit":268435456,"HeapMemoryCommitted":231735296,"SurvivorMax":11010048,"EdenSpaceCommitted":134217728,"OldGenInit":179306496,"EdenSpaceMax":1409286144,"SurvivorCommitted":11010048,"NonHeapMemoryMax":-1,"NonHeapMemoryInit":2555904,"HeapMemoryUsed":90712800,"EdenSpaceInit":67108864,"PermGenInit":0},"threadMap":{"ThreadCount":215,"TotalStartedThreadCount":518,"DeadLockedThreadCount":0,"ProcessCpuTimeRate":4.220,"DaemonThreadCount":211}},"pushJobNum":0,"receiveJobNum":0,"timestamp":1778724480000},{"exeExceptionNum":0,"exeFailedNum":0,"exeLaterNum":0,"exeSuccessNum":0,"fixExecutingJobNum":0,"jvmMData":{"gcMap":{"FullGCCollectionTime":14,"SpanYoungGCCollectionCount":0,"SpanFullGCCollectionCount":0,"YoungGCCollectionCount":3,"FullGCCollectionCount":1,"SpanYoungGCCollectionTime":0,"YoungGCCollectionTime":53,"SpanFullGCCollectionTime":0},"memoryMap":{"HeapMemoryMax":3817865216,"SurvivorUsed":2341800,"OldGenCommitted":86507520,"PermGenUsed":0,"NonHeapMemoryUsed":37775888,"OldGenMax":2863661056,"SurvivorInit":11010048,"PermGenCommitted":0,"PermGenMax":0,"OldGenUsed":7205448,"EdenSpaceUsed":87675712,"NonHeapMemoryCommitted":38797312,"HeapMemoryInit":268435456,"HeapMemoryCommitted":231735296,"SurvivorMax":11010048,"EdenSpaceCommitted":134217728,"OldGenInit":179306496,"EdenSpaceMax":1409286144,"SurvivorCommitted":11010048,"NonHeapMemoryMax":-1,"NonHeapMemoryInit":2555904,"HeapMemoryUsed":97222960,"EdenSpaceInit":67108864,"PermGenInit":0},"threadMap":{"ThreadCount":215,"TotalStartedThreadCount":578,"DeadLockedThreadCount":0,"ProcessCpuTimeRate":3.795,"DaemonThreadCount":211}},"pushJobNum":0,"receiveJobNum":0,"timestamp":1778724540000},{"exeExceptionNum":0,"exeFailedNum":0,"exeLaterNum":0,"exeSuccessNum":0,"fixExecutingJobNum":0,"jvmMData":{"gcMap":{"FullGCCollectionTime":14,"SpanYoungGCCollectionCount":0,"SpanFullGCCollectionCount":0,"YoungGCCollectionCount":3,"FullGCCollectionCount":1,"SpanYoungGCCollectionTime":0,"YoungGCCollectionTime":53,"SpanFullGCCollectionTime":0},"memoryMap":{"HeapMemoryMax":3817865216,"SurvivorUsed":2341800,"OldGenCommitted":86507520,"PermGenUsed":0,"NonHeapMemoryUsed":38210672,"OldGenMax":2863661056,"SurvivorInit":11010048,"PermGenCommitted":0,"PermGenMax":0,"OldGenUsed":7205448,"EdenSpaceUsed":94224568,"NonHeapMemoryCommitted":39190528,"HeapMemoryInit":268435456,"HeapMemoryCommitted":231735296,"SurvivorMax":11010048,"EdenSpaceCommitted":134217728,"OldGenInit":179306496,"EdenSpaceMax":1409286144,"SurvivorCommitted":11010048,"NonHeapMemoryMax":-1,"NonHeapMemoryInit":2555904,"HeapMemoryUsed":103771816,"EdenSpaceInit":67108864,"PermGenInit":0},"threadMap":{"ThreadCount":215,"TotalStartedThreadCount":638,"DeadLockedThreadCount":0,"ProcessCpuTimeRate":3.745,"DaemonThreadCount":211}},"pushJobNum":0,"receiveJobNum":0,"timestamp":1778724600000},{"exeExceptionNum":0,"exeFailedNum":0,"exeLaterNum":0,"exeSuccessNum":0,"fixExecutingJobNum":0,"jvmMData":{"gcMap":{"FullGCCollectionTime":14,"SpanYoungGCCollectionCount":0,"SpanFullGCCollectionCount":0,"YoungGCCollectionCount":3,"FullGCCollectionCount":1,"SpanYoungGCCollectionTime":0,"YoungGCCollectionTime":53,"SpanFullGCCollectionTime":0},"memoryMap":{"HeapMemoryMax":3817865216,"SurvivorUsed":2341800,"OldGenCommitted":86507520,"PermGenUsed":0,"NonHeapMemoryUsed":38465144,"OldGenMax":2863661056,"SurvivorInit":11010048,"PermGenCommitted":0,"PermGenMax":0,"OldGenUsed":7205448,"EdenSpaceUsed":101464760,"NonHeapMemoryCommitted":39649280,"HeapMemoryInit":268435456,"HeapMemoryCommitted":231735296,"SurvivorMax":11010048,"EdenSpaceCommitted":134217728,"OldGenInit":179306496,"EdenSpaceMax":1409286144,"SurvivorCommitted":11010048,"NonHeapMemoryMax":-1,"NonHeapMemoryInit":2555904,"HeapMemoryUsed":111012008,"EdenSpaceInit":67108864,"PermGenInit":0},"threadMap":{"ThreadCount":215,"TotalStartedThreadCount":696,"DeadLockedThreadCount":0,"ProcessCpuTimeRate":3.330,"DaemonThreadCount":211}},"pushJobNum":0,"receiveJobNum":0,"timestamp":1778724660000}], lts version: 1.7.3-SNAPSHOT, current host: 192.168.64.1
[lts] 2026-05-14 10:34:00,869 DEBUG [pool-1-thread-5] com.github.ltsopensource.core.logger.slf4j.Slf4jLogger.debug(32) | Add Monitor Data success, mNode={"identity":"TT_192.168.64.1_19784_10-03-55.606_1","nodeGroup":"test_trade_taskTracker","nodeType":"TASK_TRACKER"}, mData=[{"exeExceptionNum":0,"exeFailedNum":0,"exeLaterNum":0,"exeSuccessNum":0,"jvmMData":{"gcMap":{"FullGCCollectionTime":0,"SpanYoungGCCollectionCount":0,"SpanFullGCCollectionCount":0,"YoungGCCollectionCount":1,"FullGCCollectionCount":0,"SpanYoungGCCollectionTime":0,"YoungGCCollectionTime":18,"SpanFullGCCollectionTime":0},"memoryMap":{"HeapMemoryMax":3817865216,"SurvivorUsed":7829944,"OldGenCommitted":179306496,"PermGenUsed":0,"NonHeapMemoryUsed":20431784,"OldGenMax":2863661056,"SurvivorInit":11010048,"PermGenCommitted":0,"PermGenMax":0,"OldGenUsed":8192,"EdenSpaceUsed":6688136,"NonHeapMemoryCommitted":21168128,"HeapMemoryInit":268435456,"HeapMemoryCommitted":257425408,"SurvivorMax":11010048,"EdenSpaceCommitted":67108864,"OldGenInit":179306496,"EdenSpaceMax":1409286144,"SurvivorCommitted":11010048,"NonHeapMemoryMax":-1,"NonHeapMemoryInit":2555904,"HeapMemoryUsed":14526272,"EdenSpaceInit":67108864,"PermGenInit":0},"threadMap":{"ThreadCount":25,"TotalStartedThreadCount":28,"DeadLockedThreadCount":0,"ProcessCpuTimeRate":12.10,"DaemonThreadCount":22}},"timestamp":1778724180000,"totalRunningTime":0},{"exeExceptionNum":0,"exeFailedNum":0,"exeLaterNum":0,"exeSuccessNum":0,"jvmMData":{"gcMap":{"FullGCCollectionTime":0,"SpanYoungGCCollectionCount":0,"SpanFullGCCollectionCount":0,"YoungGCCollectionCount":1,"FullGCCollectionCount":0,"SpanYoungGCCollectionTime":0,"YoungGCCollectionTime":18,"SpanFullGCCollectionTime":0},"memoryMap":{"HeapMemoryMax":3817865216,"SurvivorUsed":7829944,"OldGenCommitted":179306496,"PermGenUsed":0,"NonHeapMemoryUsed":21548768,"OldGenMax":2863661056,"SurvivorInit":11010048,"PermGenCommitted":0,"PermGenMax":0,"OldGenUsed":8192,"EdenSpaceUsed":14087256,"NonHeapMemoryCommitted":22413312,"HeapMemoryInit":268435456,"HeapMemoryCommitted":257425408,"SurvivorMax":11010048,"EdenSpaceCommitted":67108864,"OldGenInit":179306496,"EdenSpaceMax":1409286144,"SurvivorCommitted":11010048,"NonHeapMemoryMax":-1,"NonHeapMemoryInit":2555904,"HeapMemoryUsed":21925392,"EdenSpaceInit":67108864,"PermGenInit":0},"threadMap":{"ThreadCount":24,"TotalStartedThreadCount":28,"DeadLockedThreadCount":0,"ProcessCpuTimeRate":3.338,"DaemonThreadCount":21}},"timestamp":1778724240000,"totalRunningTime":0},{"exeExceptionNum":0,"exeFailedNum":0,"exeLaterNum":0,"exeSuccessNum":0,"jvmMData":{"gcMap":{"FullGCCollectionTime":0,"SpanYoungGCCollectionCount":0,"SpanFullGCCollectionCount":0,"YoungGCCollectionCount":1,"FullGCCollectionCount":0,"SpanYoungGCCollectionTime":0,"YoungGCCollectionTime":18,"SpanFullGCCollectionTime":0},"memoryMap":{"HeapMemoryMax":3817865216,"SurvivorUsed":7829944,"OldGenCommitted":179306496,"PermGenUsed":0,"NonHeapMemoryUsed":21989680,"OldGenMax":2863661056,"SurvivorInit":11010048,"PermGenCommitted":0,"PermGenMax":0,"OldGenUsed":8192,"EdenSpaceUsed":16791488,"NonHeapMemoryCommitted":22806528,"HeapMemoryInit":268435456,"HeapMemoryCommitted":257425408,"SurvivorMax":11010048,"EdenSpaceCommitted":67108864,"OldGenInit":179306496,"EdenSpaceMax":1409286144,"SurvivorCommitted":11010048,"NonHeapMemoryMax":-1,"NonHeapMemoryInit":2555904,"HeapMemoryUsed":24629624,"EdenSpaceInit":67108864,"PermGenInit":0},"threadMap":{"ThreadCount":24,"TotalStartedThreadCount":28,"DeadLockedThreadCount":0,"ProcessCpuTimeRate":2.289,"DaemonThreadCount":21}},"timestamp":1778724300000,"totalRunningTime":0},{"exeExceptionNum":0,"exeFailedNum":0,"exeLaterNum":0,"exeSuccessNum":0,"jvmMData":{"gcMap":{"FullGCCollectionTime":0,"SpanYoungGCCollectionCount":0,"SpanFullGCCollectionCount":0,"YoungGCCollectionCount":1,"FullGCCollectionCount":0,"SpanYoungGCCollectionTime":0,"YoungGCCollectionTime":18,"SpanFullGCCollectionTime":0},"memoryMap":{"HeapMemoryMax":3817865216,"SurvivorUsed":7829944,"OldGenCommitted":179306496,"PermGenUsed":0,"NonHeapMemoryUsed":21988632,"OldGenMax":2863661056,"SurvivorInit":11010048,"PermGenCommitted":0,"PermGenMax":0,"OldGenUsed":8192,"EdenSpaceUsed":18808208,"NonHeapMemoryCommitted":23003136,"HeapMemoryInit":268435456,"HeapMemoryCommitted":257425408,"SurvivorMax":11010048,"EdenSpaceCommitted":67108864,"OldGenInit":179306496,"EdenSpaceMax":1409286144,"SurvivorCommitted":11010048,"NonHeapMemoryMax":-1,"NonHeapMemoryInit":2555904,"HeapMemoryUsed":26646344,"EdenSpaceInit":67108864,"PermGenInit":0},"threadMap":{"ThreadCount":24,"TotalStartedThreadCount":28,"DeadLockedThreadCount":0,"ProcessCpuTimeRate":2.171,"DaemonThreadCount":21}},"timestamp":1778724360000,"totalRunningTime":0},{"exeExceptionNum":0,"exeFailedNum":0,"exeLaterNum":0,"exeSuccessNum":0,"jvmMData":{"gcMap":{"FullGCCollectionTime":0,"SpanYoungGCCollectionCount":0,"SpanFullGCCollectionCount":0,"YoungGCCollectionCount":1,"FullGCCollectionCount":0,"SpanYoungGCCollectionTime":0,"YoungGCCollectionTime":18,"SpanFullGCCollectionTime":0},"memoryMap":{"HeapMemoryMax":3817865216,"SurvivorUsed":7829944,"OldGenCommitted":179306496,"PermGenUsed":0,"NonHeapMemoryUsed":22197712,"OldGenMax":2863661056,"SurvivorInit":11010048,"PermGenCommitted":0,"PermGenMax":0,"OldGenUsed":8192,"EdenSpaceUsed":23538952,"NonHeapMemoryCommitted":23003136,"HeapMemoryInit":268435456,"HeapMemoryCommitted":257425408,"SurvivorMax":11010048,"EdenSpaceCommitted":67108864,"OldGenInit":179306496,"EdenSpaceMax":1409286144,"SurvivorCommitted":11010048,"NonHeapMemoryMax":-1,"NonHeapMemoryInit":2555904,"HeapMemoryUsed":31377088,"EdenSpaceInit":67108864,"PermGenInit":0},"threadMap":{"ThreadCount":24,"TotalStartedThreadCount":28,"DeadLockedThreadCount":0,"ProcessCpuTimeRate":2.075,"DaemonThreadCount":21}},"timestamp":1778724420000,"totalRunningTime":0},{"exeExceptionNum":0,"exeFailedNum":0,"exeLaterNum":0,"exeSuccessNum":0,"jvmMData":{"gcMap":{"FullGCCollectionTime":0,"SpanYoungGCCollectionCount":0,"SpanFullGCCollectionCount":0,"YoungGCCollectionCount":1,"FullGCCollectionCount":0,"SpanYoungGCCollectionTime":0,"YoungGCCollectionTime":18,"SpanFullGCCollectionTime":0},"memoryMap":{"HeapMemoryMax":3817865216,"SurvivorUsed":7829944,"OldGenCommitted":179306496,"PermGenUsed":0,"NonHeapMemoryUsed":22475176,"OldGenMax":2863661056,"SurvivorInit":11010048,"PermGenCommitted":0,"PermGenMax":0,"OldGenUsed":8192,"EdenSpaceUsed":25552312,"NonHeapMemoryCommitted":23396352,"HeapMemoryInit":268435456,"HeapMemoryCommitted":257425408,"SurvivorMax":11010048,"EdenSpaceCommitted":67108864,"OldGenInit":179306496,"EdenSpaceMax":1409286144,"SurvivorCommitted":11010048,"NonHeapMemoryMax":-1,"NonHeapMemoryInit":2555904,"HeapMemoryUsed":33390448,"EdenSpaceInit":67108864,"PermGenInit":0},"threadMap":{"ThreadCount":24,"TotalStartedThreadCount":28,"DeadLockedThreadCount":0,"ProcessCpuTimeRate":2.404,"DaemonThreadCount":21}},"timestamp":1778724480000,"totalRunningTime":0},{"exeExceptionNum":0,"exeFailedNum":0,"exeLaterNum":0,"exeSuccessNum":0,"jvmMData":{"gcMap":{"FullGCCollectionTime":0,"SpanYoungGCCollectionCount":0,"SpanFullGCCollectionCount":0,"YoungGCCollectionCount":1,"FullGCCollectionCount":0,"SpanYoungGCCollectionTime":0,"YoungGCCollectionTime":18,"SpanFullGCCollectionTime":0},"memoryMap":{"HeapMemoryMax":3817865216,"SurvivorUsed":7829944,"OldGenCommitted":179306496,"PermGenUsed":0,"NonHeapMemoryUsed":22553792,"OldGenMax":2863661056,"SurvivorInit":11010048,"PermGenCommitted":0,"PermGenMax":0,"OldGenUsed":8192,"EdenSpaceUsed":28276760,"NonHeapMemoryCommitted":23461888,"HeapMemoryInit":268435456,"HeapMemoryCommitted":257425408,"SurvivorMax":11010048,"EdenSpaceCommitted":67108864,"OldGenInit":179306496,"EdenSpaceMax":1409286144,"SurvivorCommitted":11010048,"NonHeapMemoryMax":-1,"NonHeapMemoryInit":2555904,"HeapMemoryUsed":36114896,"EdenSpaceInit":67108864,"PermGenInit":0},"threadMap":{"ThreadCount":24,"TotalStartedThreadCount":28,"DeadLockedThreadCount":0,"ProcessCpuTimeRate":2.029,"DaemonThreadCount":21}},"timestamp":1778724540000,"totalRunningTime":0},{"exeExceptionNum":0,"exeFailedNum":0,"exeLaterNum":0,"exeSuccessNum":0,"jvmMData":{"gcMap":{"FullGCCollectionTime":0,"SpanYoungGCCollectionCount":0,"SpanFullGCCollectionCount":0,"YoungGCCollectionCount":1,"FullGCCollectionCount":0,"SpanYoungGCCollectionTime":0,"YoungGCCollectionTime":18,"SpanFullGCCollectionTime":0},"memoryMap":{"HeapMemoryMax":3817865216,"SurvivorUsed":7829944,"OldGenCommitted":179306496,"PermGenUsed":0,"NonHeapMemoryUsed":22749224,"OldGenMax":2863661056,"SurvivorInit":11010048,"PermGenCommitted":0,"PermGenMax":0,"OldGenUsed":8192,"EdenSpaceUsed":30993144,"NonHeapMemoryCommitted":23592960,"HeapMemoryInit":268435456,"HeapMemoryCommitted":257425408,"SurvivorMax":11010048,"EdenSpaceCommitted":67108864,"OldGenInit":179306496,"EdenSpaceMax":1409286144,"SurvivorCommitted":11010048,"NonHeapMemoryMax":-1,"NonHeapMemoryInit":2555904,"HeapMemoryUsed":38831280,"EdenSpaceInit":67108864,"PermGenInit":0},"threadMap":{"ThreadCount":24,"TotalStartedThreadCount":28,"DeadLockedThreadCount":0,"ProcessCpuTimeRate":1.943,"DaemonThreadCount":21}},"timestamp":1778724600000,"totalRunningTime":0},{"exeExceptionNum":0,"exeFailedNum":0,"exeLaterNum":0,"exeSuccessNum":0,"jvmMData":{"gcMap":{"FullGCCollectionTime":0,"SpanYoungGCCollectionCount":0,"SpanFullGCCollectionCount":0,"YoungGCCollectionCount":1,"FullGCCollectionCount":0,"SpanYoungGCCollectionTime":0,"YoungGCCollectionTime":18,"SpanFullGCCollectionTime":0},"memoryMap":{"HeapMemoryMax":3817865216,"SurvivorUsed":7829944,"OldGenCommitted":179306496,"PermGenUsed":0,"NonHeapMemoryUsed":22875216,"OldGenMax":2863661056,"SurvivorInit":11010048,"PermGenCommitted":0,"PermGenMax":0,"OldGenUsed":8192,"EdenSpaceUsed":34362312,"NonHeapMemoryCommitted":23724032,"HeapMemoryInit":268435456,"HeapMemoryCommitted":257425408,"SurvivorMax":11010048,"EdenSpaceCommitted":67108864,"OldGenInit":179306496,"EdenSpaceMax":1409286144,"SurvivorCommitted":11010048,"NonHeapMemoryMax":-1,"NonHeapMemoryInit":2555904,"HeapMemoryUsed":42200448,"EdenSpaceInit":67108864,"PermGenInit":0},"threadMap":{"ThreadCount":24,"TotalStartedThreadCount":28,"DeadLockedThreadCount":0,"ProcessCpuTimeRate":1.731,"DaemonThreadCount":21}},"timestamp":1778724660000,"totalRunningTime":0},{"exeExceptionNum":0,"exeFailedNum":0,"exeLaterNum":0,"exeSuccessNum":0,"jvmMData":{"gcMap":{"FullGCCollectionTime":0,"SpanYoungGCCollectionCount":0,"SpanFullGCCollectionCount":0,"YoungGCCollectionCount":1,"FullGCCollectionCount":0,"SpanYoungGCCollectionTime":0,"YoungGCCollectionTime":18,"SpanFullGCCollectionTime":0},"memoryMap":{"HeapMemoryMax":3817865216,"SurvivorUsed":7829944,"OldGenCommitted":179306496,"PermGenUsed":0,"NonHeapMemoryUsed":23121600,"OldGenMax":2863661056,"SurvivorInit":11010048,"PermGenCommitted":0,"PermGenMax":0,"OldGenUsed":8192,"EdenSpaceUsed":36375672,"NonHeapMemoryCommitted":24051712,"HeapMemoryInit":268435456,"HeapMemoryCommitted":257425408,"SurvivorMax":11010048,"EdenSpaceCommitted":67108864,"OldGenInit":179306496,"EdenSpaceMax":1409286144,"SurvivorCommitted":11010048,"NonHeapMemoryMax":-1,"NonHeapMemoryInit":2555904,"HeapMemoryUsed":44213808,"EdenSpaceInit":67108864,"PermGenInit":0},"threadMap":{"ThreadCount":24,"TotalStartedThreadCount":28,"DeadLockedThreadCount":0,"ProcessCpuTimeRate":2.058,"DaemonThreadCount":21}},"timestamp":1778724720000,"totalRunningTime":0}], lts version: 1.7.3-SNAPSHOT, current host: 192.168.64.1
[lts] 2026-05-14 10:35:01,024 DEBUG [pool-1-thread-8] com.github.ltsopensource.core.logger.slf4j.Slf4jLogger.debug(32) | 
    INSERT 
    INTO
        `
        lts_admin_job_tracker_monitor_data`(
            `gmt_created`, `identity`, `timestamp`, `receive_job_num`, `push_job_num`, `exe_success_num`, `exe_failed_num`, `exe_later_num`, `exe_exception_num`, `fix_executing_job_num`
        ) 
    VALUES
        (?,?,?,?,?,?,?,?,?,?), lts version: 1.7.3-SNAPSHOT, current host: 192.168.64.1
[lts] 2026-05-14 10:35:01,039 DEBUG [pool-1-thread-7] com.github.ltsopensource.core.logger.slf4j.Slf4jLogger.debug(32) | 
    INSERT 
    INTO
        `
        lts_admin_task_tracker_monitor_data`(
            `gmt_created`, `node_group`, `identity`, `timestamp`, `exe_success_num`, `exe_failed_num`, `exe_later_num`, `exe_exception_num`, `total_running_time`
        ) 
    VALUES
        (?,?,?,?,?,?,?,?,?), lts version: 1.7.3-SNAPSHOT, current host: 192.168.64.1
[lts] 2026-05-14 10:35:01,075 DEBUG [pool-1-thread-8] com.github.ltsopensource.core.logger.slf4j.Slf4jLogger.debug(32) | 
    INSERT 
    INTO
        `
        lts_admin_jvm_gc`(
            `gmt_created`, `identity`, `timestamp`, `node_type`, `node_group`, `young_gc_collection_count`, `young_gc_collection_time`, `full_gc_collection_count`, `full_gc_collection_time`, `span_young_gc_collection_count`, `span_young_gc_collection_time`, `span_full_gc_collection_count`, `span_full_gc_collection_time`
        ) 
    VALUES
        (?,?,?,?,?,?,?,?,?,?,?,?,?), lts version: 1.7.3-SNAPSHOT, current host: 192.168.64.1
[lts] 2026-05-14 10:35:01,075 DEBUG [pool-1-thread-7] com.github.ltsopensource.core.logger.slf4j.Slf4jLogger.debug(32) | 
    INSERT 
    INTO
        `
        lts_admin_jvm_gc`(
            `gmt_created`, `identity`, `timestamp`, `node_type`, `node_group`, `young_gc_collection_count`, `young_gc_collection_time`, `full_gc_collection_count`, `full_gc_collection_time`, `span_young_gc_collection_count`, `span_young_gc_collection_time`, `span_full_gc_collection_count`, `span_full_gc_collection_time`
        ) 
    VALUES
        (?,?,?,?,?,?,?,?,?,?,?,?,?), lts version: 1.7.3-SNAPSHOT, current host: 192.168.64.1
[lts] 2026-05-14 10:35:01,104 DEBUG [pool-1-thread-8] com.github.ltsopensource.core.logger.slf4j.Slf4jLogger.debug(32) | 
    INSERT 
    INTO
        `
        lts_admin_jvm_memory`(
            `gmt_created`, `identity`, `timestamp`, `node_type`, `node_group`, `heap_memory_committed`, `heap_memory_init`, `heap_memory_max`, `heap_memory_used`, `non_heap_memory_committed`, `non_heap_memory_init`, `non_heap_memory_max`, `non_heap_memory_used`, `perm_gen_committed`, `perm_gen_init`, `perm_gen_max`, `perm_gen_used`, `old_gen_committed`, `old_gen_init`, `old_gen_max`, `old_gen_used`, `eden_space_committed`, `eden_space_init`, `eden_space_max`, `eden_space_used`, `survivor_committed`, `survivor_init`, `survivor_max`, `survivor_used`
        ) 
    VALUES
        (?,?,?,?,?,?,?,?,?,?,?,?,?,?,?,?,?,?,?,?,?,?,?,?,?,?,?,?,?), lts version: 1.7.3-SNAPSHOT, current host: 192.168.64.1
[lts] 2026-05-14 10:35:01,104 DEBUG [pool-1-thread-7] com.github.ltsopensource.core.logger.slf4j.Slf4jLogger.debug(32) | 
    INSERT 
    INTO
        `
        lts_admin_jvm_memory`(
            `gmt_created`, `identity`, `timestamp`, `node_type`, `node_group`, `heap_memory_committed`, `heap_memory_init`, `heap_memory_max`, `heap_memory_used`, `non_heap_memory_committed`, `non_heap_memory_init`, `non_heap_memory_max`, `non_heap_memory_used`, `perm_gen_committed`, `perm_gen_init`, `perm_gen_max`, `perm_gen_used`, `old_gen_committed`, `old_gen_init`, `old_gen_max`, `old_gen_used`, `eden_space_committed`, `eden_space_init`, `eden_space_max`, `eden_space_used`, `survivor_committed`, `survivor_init`, `survivor_max`, `survivor_used`
        ) 
    VALUES
        (?,?,?,?,?,?,?,?,?,?,?,?,?,?,?,?,?,?,?,?,?,?,?,?,?,?,?,?,?), lts version: 1.7.3-SNAPSHOT, current host: 192.168.64.1
[lts] 2026-05-14 10:35:01,135 DEBUG [pool-1-thread-8] com.github.ltsopensource.core.logger.slf4j.Slf4jLogger.debug(32) | 
    INSERT 
    INTO
        `
        lts_admin_jvm_thread`(
            `gmt_created`, `identity`, `timestamp`, `node_type`, `node_group`, `daemon_thread_count`, `thread_count`, `total_started_thread_count`, `dead_locked_thread_count`, `process_cpu_time_rate`
        ) 
    VALUES
        (?,?,?,?,?,?,?,?,?,?), lts version: 1.7.3-SNAPSHOT, current host: 192.168.64.1
[lts] 2026-05-14 10:35:01,135 DEBUG [pool-1-thread-7] com.github.ltsopensource.core.logger.slf4j.Slf4jLogger.debug(32) | 
    INSERT 
    INTO
        `
        lts_admin_jvm_thread`(
            `gmt_created`, `identity`, `timestamp`, `node_type`, `node_group`, `daemon_thread_count`, `thread_count`, `total_started_thread_count`, `dead_locked_thread_count`, `process_cpu_time_rate`
        ) 
    VALUES
        (?,?,?,?,?,?,?,?,?,?), lts version: 1.7.3-SNAPSHOT, current host: 192.168.64.1
[lts] 2026-05-14 10:35:01,149 DEBUG [pool-1-thread-7] com.github.ltsopensource.core.logger.slf4j.Slf4jLogger.debug(32) | Add Monitor Data success, mNode={"identity":"TT_192.168.64.1_19784_10-03-55.606_1","nodeGroup":"test_trade_taskTracker","nodeType":"TASK_TRACKER"}, mData=[{"exeExceptionNum":0,"exeFailedNum":0,"exeLaterNum":0,"exeSuccessNum":0,"jvmMData":{"gcMap":{"FullGCCollectionTime":0,"SpanYoungGCCollectionCount":0,"SpanFullGCCollectionCount":0,"YoungGCCollectionCount":1,"FullGCCollectionCount":0,"SpanYoungGCCollectionTime":0,"YoungGCCollectionTime":18,"SpanFullGCCollectionTime":0},"memoryMap":{"HeapMemoryMax":3817865216,"SurvivorUsed":7829944,"OldGenCommitted":179306496,"PermGenUsed":0,"NonHeapMemoryUsed":20431784,"OldGenMax":2863661056,"SurvivorInit":11010048,"PermGenCommitted":0,"PermGenMax":0,"OldGenUsed":8192,"EdenSpaceUsed":6688136,"NonHeapMemoryCommitted":21168128,"HeapMemoryInit":268435456,"HeapMemoryCommitted":257425408,"SurvivorMax":11010048,"EdenSpaceCommitted":67108864,"OldGenInit":179306496,"EdenSpaceMax":1409286144,"SurvivorCommitted":11010048,"NonHeapMemoryMax":-1,"NonHeapMemoryInit":2555904,"HeapMemoryUsed":14526272,"EdenSpaceInit":67108864,"PermGenInit":0},"threadMap":{"ThreadCount":25,"TotalStartedThreadCount":28,"DeadLockedThreadCount":0,"ProcessCpuTimeRate":12.10,"DaemonThreadCount":22}},"timestamp":1778724180000,"totalRunningTime":0},{"exeExceptionNum":0,"exeFailedNum":0,"exeLaterNum":0,"exeSuccessNum":0,"jvmMData":{"gcMap":{"FullGCCollectionTime":0,"SpanYoungGCCollectionCount":0,"SpanFullGCCollectionCount":0,"YoungGCCollectionCount":1,"FullGCCollectionCount":0,"SpanYoungGCCollectionTime":0,"YoungGCCollectionTime":18,"SpanFullGCCollectionTime":0},"memoryMap":{"HeapMemoryMax":3817865216,"SurvivorUsed":7829944,"OldGenCommitted":179306496,"PermGenUsed":0,"NonHeapMemoryUsed":21548768,"OldGenMax":2863661056,"SurvivorInit":11010048,"PermGenCommitted":0,"PermGenMax":0,"OldGenUsed":8192,"EdenSpaceUsed":14087256,"NonHeapMemoryCommitted":22413312,"HeapMemoryInit":268435456,"HeapMemoryCommitted":257425408,"SurvivorMax":11010048,"EdenSpaceCommitted":67108864,"OldGenInit":179306496,"EdenSpaceMax":1409286144,"SurvivorCommitted":11010048,"NonHeapMemoryMax":-1,"NonHeapMemoryInit":2555904,"HeapMemoryUsed":21925392,"EdenSpaceInit":67108864,"PermGenInit":0},"threadMap":{"ThreadCount":24,"TotalStartedThreadCount":28,"DeadLockedThreadCount":0,"ProcessCpuTimeRate":3.338,"DaemonThreadCount":21}},"timestamp":1778724240000,"totalRunningTime":0},{"exeExceptionNum":0,"exeFailedNum":0,"exeLaterNum":0,"exeSuccessNum":0,"jvmMData":{"gcMap":{"FullGCCollectionTime":0,"SpanYoungGCCollectionCount":0,"SpanFullGCCollectionCount":0,"YoungGCCollectionCount":1,"FullGCCollectionCount":0,"SpanYoungGCCollectionTime":0,"YoungGCCollectionTime":18,"SpanFullGCCollectionTime":0},"memoryMap":{"HeapMemoryMax":3817865216,"SurvivorUsed":7829944,"OldGenCommitted":179306496,"PermGenUsed":0,"NonHeapMemoryUsed":21989680,"OldGenMax":2863661056,"SurvivorInit":11010048,"PermGenCommitted":0,"PermGenMax":0,"OldGenUsed":8192,"EdenSpaceUsed":16791488,"NonHeapMemoryCommitted":22806528,"HeapMemoryInit":268435456,"HeapMemoryCommitted":257425408,"SurvivorMax":11010048,"EdenSpaceCommitted":67108864,"OldGenInit":179306496,"EdenSpaceMax":1409286144,"SurvivorCommitted":11010048,"NonHeapMemoryMax":-1,"NonHeapMemoryInit":2555904,"HeapMemoryUsed":24629624,"EdenSpaceInit":67108864,"PermGenInit":0},"threadMap":{"ThreadCount":24,"TotalStartedThreadCount":28,"DeadLockedThreadCount":0,"ProcessCpuTimeRate":2.289,"DaemonThreadCount":21}},"timestamp":1778724300000,"totalRunningTime":0},{"exeExceptionNum":0,"exeFailedNum":0,"exeLaterNum":0,"exeSuccessNum":0,"jvmMData":{"gcMap":{"FullGCCollectionTime":0,"SpanYoungGCCollectionCount":0,"SpanFullGCCollectionCount":0,"YoungGCCollectionCount":1,"FullGCCollectionCount":0,"SpanYoungGCCollectionTime":0,"YoungGCCollectionTime":18,"SpanFullGCCollectionTime":0},"memoryMap":{"HeapMemoryMax":3817865216,"SurvivorUsed":7829944,"OldGenCommitted":179306496,"PermGenUsed":0,"NonHeapMemoryUsed":21988632,"OldGenMax":2863661056,"SurvivorInit":11010048,"PermGenCommitted":0,"PermGenMax":0,"OldGenUsed":8192,"EdenSpaceUsed":18808208,"NonHeapMemoryCommitted":23003136,"HeapMemoryInit":268435456,"HeapMemoryCommitted":257425408,"SurvivorMax":11010048,"EdenSpaceCommitted":67108864,"OldGenInit":179306496,"EdenSpaceMax":1409286144,"SurvivorCommitted":11010048,"NonHeapMemoryMax":-1,"NonHeapMemoryInit":2555904,"HeapMemoryUsed":26646344,"EdenSpaceInit":67108864,"PermGenInit":0},"threadMap":{"ThreadCount":24,"TotalStartedThreadCount":28,"DeadLockedThreadCount":0,"ProcessCpuTimeRate":2.171,"DaemonThreadCount":21}},"timestamp":1778724360000,"totalRunningTime":0},{"exeExceptionNum":0,"exeFailedNum":0,"exeLaterNum":0,"exeSuccessNum":0,"jvmMData":{"gcMap":{"FullGCCollectionTime":0,"SpanYoungGCCollectionCount":0,"SpanFullGCCollectionCount":0,"YoungGCCollectionCount":1,"FullGCCollectionCount":0,"SpanYoungGCCollectionTime":0,"YoungGCCollectionTime":18,"SpanFullGCCollectionTime":0},"memoryMap":{"HeapMemoryMax":3817865216,"SurvivorUsed":7829944,"OldGenCommitted":179306496,"PermGenUsed":0,"NonHeapMemoryUsed":22197712,"OldGenMax":2863661056,"SurvivorInit":11010048,"PermGenCommitted":0,"PermGenMax":0,"OldGenUsed":8192,"EdenSpaceUsed":23538952,"NonHeapMemoryCommitted":23003136,"HeapMemoryInit":268435456,"HeapMemoryCommitted":257425408,"SurvivorMax":11010048,"EdenSpaceCommitted":67108864,"OldGenInit":179306496,"EdenSpaceMax":1409286144,"SurvivorCommitted":11010048,"NonHeapMemoryMax":-1,"NonHeapMemoryInit":2555904,"HeapMemoryUsed":31377088,"EdenSpaceInit":67108864,"PermGenInit":0},"threadMap":{"ThreadCount":24,"TotalStartedThreadCount":28,"DeadLockedThreadCount":0,"ProcessCpuTimeRate":2.075,"DaemonThreadCount":21}},"timestamp":1778724420000,"totalRunningTime":0},{"exeExceptionNum":0,"exeFailedNum":0,"exeLaterNum":0,"exeSuccessNum":0,"jvmMData":{"gcMap":{"FullGCCollectionTime":0,"SpanYoungGCCollectionCount":0,"SpanFullGCCollectionCount":0,"YoungGCCollectionCount":1,"FullGCCollectionCount":0,"SpanYoungGCCollectionTime":0,"YoungGCCollectionTime":18,"SpanFullGCCollectionTime":0},"memoryMap":{"HeapMemoryMax":3817865216,"SurvivorUsed":7829944,"OldGenCommitted":179306496,"PermGenUsed":0,"NonHeapMemoryUsed":22475176,"OldGenMax":2863661056,"SurvivorInit":11010048,"PermGenCommitted":0,"PermGenMax":0,"OldGenUsed":8192,"EdenSpaceUsed":25552312,"NonHeapMemoryCommitted":23396352,"HeapMemoryInit":268435456,"HeapMemoryCommitted":257425408,"SurvivorMax":11010048,"EdenSpaceCommitted":67108864,"OldGenInit":179306496,"EdenSpaceMax":1409286144,"SurvivorCommitted":11010048,"NonHeapMemoryMax":-1,"NonHeapMemoryInit":2555904,"HeapMemoryUsed":33390448,"EdenSpaceInit":67108864,"PermGenInit":0},"threadMap":{"ThreadCount":24,"TotalStartedThreadCount":28,"DeadLockedThreadCount":0,"ProcessCpuTimeRate":2.404,"DaemonThreadCount":21}},"timestamp":1778724480000,"totalRunningTime":0},{"exeExceptionNum":0,"exeFailedNum":0,"exeLaterNum":0,"exeSuccessNum":0,"jvmMData":{"gcMap":{"FullGCCollectionTime":0,"SpanYoungGCCollectionCount":0,"SpanFullGCCollectionCount":0,"YoungGCCollectionCount":1,"FullGCCollectionCount":0,"SpanYoungGCCollectionTime":0,"YoungGCCollectionTime":18,"SpanFullGCCollectionTime":0},"memoryMap":{"HeapMemoryMax":3817865216,"SurvivorUsed":7829944,"OldGenCommitted":179306496,"PermGenUsed":0,"NonHeapMemoryUsed":22553792,"OldGenMax":2863661056,"SurvivorInit":11010048,"PermGenCommitted":0,"PermGenMax":0,"OldGenUsed":8192,"EdenSpaceUsed":28276760,"NonHeapMemoryCommitted":23461888,"HeapMemoryInit":268435456,"HeapMemoryCommitted":257425408,"SurvivorMax":11010048,"EdenSpaceCommitted":67108864,"OldGenInit":179306496,"EdenSpaceMax":1409286144,"SurvivorCommitted":11010048,"NonHeapMemoryMax":-1,"NonHeapMemoryInit":2555904,"HeapMemoryUsed":36114896,"EdenSpaceInit":67108864,"PermGenInit":0},"threadMap":{"ThreadCount":24,"TotalStartedThreadCount":28,"DeadLockedThreadCount":0,"ProcessCpuTimeRate":2.029,"DaemonThreadCount":21}},"timestamp":1778724540000,"totalRunningTime":0},{"exeExceptionNum":0,"exeFailedNum":0,"exeLaterNum":0,"exeSuccessNum":0,"jvmMData":{"gcMap":{"FullGCCollectionTime":0,"SpanYoungGCCollectionCount":0,"SpanFullGCCollectionCount":0,"YoungGCCollectionCount":1,"FullGCCollectionCount":0,"SpanYoungGCCollectionTime":0,"YoungGCCollectionTime":18,"SpanFullGCCollectionTime":0},"memoryMap":{"HeapMemoryMax":3817865216,"SurvivorUsed":7829944,"OldGenCommitted":179306496,"PermGenUsed":0,"NonHeapMemoryUsed":22749224,"OldGenMax":2863661056,"SurvivorInit":11010048,"PermGenCommitted":0,"PermGenMax":0,"OldGenUsed":8192,"EdenSpaceUsed":30993144,"NonHeapMemoryCommitted":23592960,"HeapMemoryInit":268435456,"HeapMemoryCommitted":257425408,"SurvivorMax":11010048,"EdenSpaceCommitted":67108864,"OldGenInit":179306496,"EdenSpaceMax":1409286144,"SurvivorCommitted":11010048,"NonHeapMemoryMax":-1,"NonHeapMemoryInit":2555904,"HeapMemoryUsed":38831280,"EdenSpaceInit":67108864,"PermGenInit":0},"threadMap":{"ThreadCount":24,"TotalStartedThreadCount":28,"DeadLockedThreadCount":0,"ProcessCpuTimeRate":1.943,"DaemonThreadCount":21}},"timestamp":1778724600000,"totalRunningTime":0},{"exeExceptionNum":0,"exeFailedNum":0,"exeLaterNum":0,"exeSuccessNum":0,"jvmMData":{"gcMap":{"FullGCCollectionTime":0,"SpanYoungGCCollectionCount":0,"SpanFullGCCollectionCount":0,"YoungGCCollectionCount":1,"FullGCCollectionCount":0,"SpanYoungGCCollectionTime":0,"YoungGCCollectionTime":18,"SpanFullGCCollectionTime":0},"memoryMap":{"HeapMemoryMax":3817865216,"SurvivorUsed":7829944,"OldGenCommitted":179306496,"PermGenUsed":0,"NonHeapMemoryUsed":22875216,"OldGenMax":2863661056,"SurvivorInit":11010048,"PermGenCommitted":0,"PermGenMax":0,"OldGenUsed":8192,"EdenSpaceUsed":34362312,"NonHeapMemoryCommitted":23724032,"HeapMemoryInit":268435456,"HeapMemoryCommitted":257425408,"SurvivorMax":11010048,"EdenSpaceCommitted":67108864,"OldGenInit":179306496,"EdenSpaceMax":1409286144,"SurvivorCommitted":11010048,"NonHeapMemoryMax":-1,"NonHeapMemoryInit":2555904,"HeapMemoryUsed":42200448,"EdenSpaceInit":67108864,"PermGenInit":0},"threadMap":{"ThreadCount":24,"TotalStartedThreadCount":28,"DeadLockedThreadCount":0,"ProcessCpuTimeRate":1.731,"DaemonThreadCount":21}},"timestamp":1778724660000,"totalRunningTime":0},{"exeExceptionNum":0,"exeFailedNum":0,"exeLaterNum":0,"exeSuccessNum":0,"jvmMData":{"gcMap":{"FullGCCollectionTime":0,"SpanYoungGCCollectionCount":0,"SpanFullGCCollectionCount":0,"YoungGCCollectionCount":1,"FullGCCollectionCount":0,"SpanYoungGCCollectionTime":0,"YoungGCCollectionTime":18,"SpanFullGCCollectionTime":0},"memoryMap":{"HeapMemoryMax":3817865216,"SurvivorUsed":7829944,"OldGenCommitted":179306496,"PermGenUsed":0,"NonHeapMemoryUsed":23121600,"OldGenMax":2863661056,"SurvivorInit":11010048,"PermGenCommitted":0,"PermGenMax":0,"OldGenUsed":8192,"EdenSpaceUsed":36375672,"NonHeapMemoryCommitted":24051712,"HeapMemoryInit":268435456,"HeapMemoryCommitted":257425408,"SurvivorMax":11010048,"EdenSpaceCommitted":67108864,"OldGenInit":179306496,"EdenSpaceMax":1409286144,"SurvivorCommitted":11010048,"NonHeapMemoryMax":-1,"NonHeapMemoryInit":2555904,"HeapMemoryUsed":44213808,"EdenSpaceInit":67108864,"PermGenInit":0},"threadMap":{"ThreadCount":24,"TotalStartedThreadCount":28,"DeadLockedThreadCount":0,"ProcessCpuTimeRate":2.058,"DaemonThreadCount":21}},"timestamp":1778724720000,"totalRunningTime":0}], lts version: 1.7.3-SNAPSHOT, current host: 192.168.64.1
[lts] 2026-05-14 10:35:01,149 DEBUG [pool-1-thread-8] com.github.ltsopensource.core.logger.slf4j.Slf4jLogger.debug(32) | Add Monitor Data success, mNode={"identity":"JT_192.168.64.1_19709_10-02-49.861_1","nodeGroup":"lts","nodeType":"JOB_TRACKER"}, mData=[{"exeExceptionNum":0,"exeFailedNum":0,"exeLaterNum":0,"exeSuccessNum":0,"fixExecutingJobNum":0,"jvmMData":{"gcMap":{"FullGCCollectionTime":14,"SpanYoungGCCollectionCount":0,"SpanFullGCCollectionCount":0,"YoungGCCollectionCount":2,"FullGCCollectionCount":1,"SpanYoungGCCollectionTime":0,"YoungGCCollectionTime":39,"SpanFullGCCollectionTime":0},"memoryMap":{"HeapMemoryMax":3817865216,"SurvivorUsed":0,"OldGenCommitted":86507520,"PermGenUsed":0,"NonHeapMemoryUsed":30571448,"OldGenMax":2863661056,"SurvivorInit":11010048,"PermGenCommitted":0,"PermGenMax":0,"OldGenUsed":7197256,"EdenSpaceUsed":27307064,"NonHeapMemoryCommitted":31637504,"HeapMemoryInit":268435456,"HeapMemoryCommitted":231735296,"SurvivorMax":11010048,"EdenSpaceCommitted":134217728,"OldGenInit":179306496,"EdenSpaceMax":1409286144,"SurvivorCommitted":11010048,"NonHeapMemoryMax":-1,"NonHeapMemoryInit":2555904,"HeapMemoryUsed":34504320,"EdenSpaceInit":67108864,"PermGenInit":0},"threadMap":{"ThreadCount":30,"TotalStartedThreadCount":34,"DeadLockedThreadCount":0,"ProcessCpuTimeRate":5.441,"DaemonThreadCount":27}},"pushJobNum":0,"receiveJobNum":0,"timestamp":1778724120000},{"exeExceptionNum":0,"exeFailedNum":0,"exeLaterNum":0,"exeSuccessNum":0,"fixExecutingJobNum":0,"jvmMData":{"gcMap":{"FullGCCollectionTime":14,"SpanYoungGCCollectionCount":0,"SpanFullGCCollectionCount":0,"YoungGCCollectionCount":2,"FullGCCollectionCount":1,"SpanYoungGCCollectionTime":0,"YoungGCCollectionTime":39,"SpanFullGCCollectionTime":0},"memoryMap":{"HeapMemoryMax":3817865216,"SurvivorUsed":0,"OldGenCommitted":86507520,"PermGenUsed":0,"NonHeapMemoryUsed":31927272,"OldGenMax":2863661056,"SurvivorInit":11010048,"PermGenCommitted":0,"PermGenMax":0,"OldGenUsed":7197256,"EdenSpaceUsed":41404560,"NonHeapMemoryCommitted":32899072,"HeapMemoryInit":268435456,"HeapMemoryCommitted":231735296,"SurvivorMax":11010048,"EdenSpaceCommitted":134217728,"OldGenInit":179306496,"EdenSpaceMax":1409286144,"SurvivorCommitted":11010048,"NonHeapMemoryMax":-1,"NonHeapMemoryInit":2555904,"HeapMemoryUsed":48601816,"EdenSpaceInit":67108864,"PermGenInit":0},"threadMap":{"ThreadCount":41,"TotalStartedThreadCount":49,"DeadLockedThreadCount":0,"ProcessCpuTimeRate":3.235,"DaemonThreadCount":37}},"pushJobNum":0,"receiveJobNum":0,"timestamp":1778724180000},{"exeExceptionNum":0,"exeFailedNum":0,"exeLaterNum":0,"exeSuccessNum":0,"fixExecutingJobNum":0,"jvmMData":{"gcMap":{"FullGCCollectionTime":14,"SpanYoungGCCollectionCount":1,"SpanFullGCCollectionCount":0,"YoungGCCollectionCount":3,"FullGCCollectionCount":1,"SpanYoungGCCollectionTime":14,"YoungGCCollectionTime":53,"SpanFullGCCollectionTime":0},"memoryMap":{"HeapMemoryMax":3817865216,"SurvivorUsed":2341800,"OldGenCommitted":86507520,"PermGenUsed":0,"NonHeapMemoryUsed":33150888,"OldGenMax":2863661056,"SurvivorInit":11010048,"PermGenCommitted":0,"PermGenMax":0,"OldGenUsed":7205448,"EdenSpaceUsed":20897976,"NonHeapMemoryCommitted":34275328,"HeapMemoryInit":268435456,"HeapMemoryCommitted":231735296,"SurvivorMax":11010048,"EdenSpaceCommitted":134217728,"OldGenInit":179306496,"EdenSpaceMax":1409286144,"SurvivorCommitted":11010048,"NonHeapMemoryMax":-1,"NonHeapMemoryInit":2555904,"HeapMemoryUsed":30445224,"EdenSpaceInit":67108864,"PermGenInit":0},"threadMap":{"ThreadCount":196,"TotalStartedThreadCount":262,"DeadLockedThreadCount":0,"ProcessCpuTimeRate":6.438,"DaemonThreadCount":192}},"pushJobNum":0,"receiveJobNum":0,"timestamp":1778724240000},{"exeExceptionNum":0,"exeFailedNum":0,"exeLaterNum":0,"exeSuccessNum":0,"fixExecutingJobNum":0,"jvmMData":{"gcMap":{"FullGCCollectionTime":14,"SpanYoungGCCollectionCount":0,"SpanFullGCCollectionCount":0,"YoungGCCollectionCount":3,"FullGCCollectionCount":1,"SpanYoungGCCollectionTime":0,"YoungGCCollectionTime":53,"SpanFullGCCollectionTime":0},"memoryMap":{"HeapMemoryMax":3817865216,"SurvivorUsed":2341800,"OldGenCommitted":86507520,"PermGenUsed":0,"NonHeapMemoryUsed":34708688,"OldGenMax":2863661056,"SurvivorInit":11010048,"PermGenCommitted":0,"PermGenMax":0,"OldGenUsed":7205448,"EdenSpaceUsed":60142632,"NonHeapMemoryCommitted":35782656,"HeapMemoryInit":268435456,"HeapMemoryCommitted":231735296,"SurvivorMax":11010048,"EdenSpaceCommitted":134217728,"OldGenInit":179306496,"EdenSpaceMax":1409286144,"SurvivorCommitted":11010048,"NonHeapMemoryMax":-1,"NonHeapMemoryInit":2555904,"HeapMemoryUsed":69689880,"EdenSpaceInit":67108864,"PermGenInit":0},"threadMap":{"ThreadCount":215,"TotalStartedThreadCount":340,"DeadLockedThreadCount":0,"ProcessCpuTimeRate":4.987,"DaemonThreadCount":211}},"pushJobNum":0,"receiveJobNum":0,"timestamp":1778724300000},{"exeExceptionNum":0,"exeFailedNum":0,"exeLaterNum":0,"exeSuccessNum":0,"fixExecutingJobNum":0,"jvmMData":{"gcMap":{"FullGCCollectionTime":14,"SpanYoungGCCollectionCount":0,"SpanFullGCCollectionCount":0,"YoungGCCollectionCount":3,"FullGCCollectionCount":1,"SpanYoungGCCollectionTime":0,"YoungGCCollectionTime":53,"SpanFullGCCollectionTime":0},"memoryMap":{"HeapMemoryMax":3817865216,"SurvivorUsed":2341800,"OldGenCommitted":86507520,"PermGenUsed":0,"NonHeapMemoryUsed":35370336,"OldGenMax":2863661056,"SurvivorInit":11010048,"PermGenCommitted":0,"PermGenMax":0,"OldGenUsed":7205448,"EdenSpaceUsed":69433392,"NonHeapMemoryCommitted":36372480,"HeapMemoryInit":268435456,"HeapMemoryCommitted":231735296,"SurvivorMax":11010048,"EdenSpaceCommitted":134217728,"OldGenInit":179306496,"EdenSpaceMax":1409286144,"SurvivorCommitted":11010048,"NonHeapMemoryMax":-1,"NonHeapMemoryInit":2555904,"HeapMemoryUsed":78980640,"EdenSpaceInit":67108864,"PermGenInit":0},"threadMap":{"ThreadCount":215,"TotalStartedThreadCount":400,"DeadLockedThreadCount":0,"ProcessCpuTimeRate":4.004,"DaemonThreadCount":211}},"pushJobNum":0,"receiveJobNum":0,"timestamp":1778724360000},{"exeExceptionNum":0,"exeFailedNum":0,"exeLaterNum":0,"exeSuccessNum":0,"fixExecutingJobNum":0,"jvmMData":{"gcMap":{"FullGCCollectionTime":14,"SpanYoungGCCollectionCount":0,"SpanFullGCCollectionCount":0,"YoungGCCollectionCount":3,"FullGCCollectionCount":1,"SpanYoungGCCollectionTime":0,"YoungGCCollectionTime":53,"SpanFullGCCollectionTime":0},"memoryMap":{"HeapMemoryMax":3817865216,"SurvivorUsed":2341800,"OldGenCommitted":86507520,"PermGenUsed":0,"NonHeapMemoryUsed":36527472,"OldGenMax":2863661056,"SurvivorInit":11010048,"PermGenCommitted":0,"PermGenMax":0,"OldGenUsed":7205448,"EdenSpaceUsed":75563112,"NonHeapMemoryCommitted":37552128,"HeapMemoryInit":268435456,"HeapMemoryCommitted":231735296,"SurvivorMax":11010048,"EdenSpaceCommitted":134217728,"OldGenInit":179306496,"EdenSpaceMax":1409286144,"SurvivorCommitted":11010048,"NonHeapMemoryMax":-1,"NonHeapMemoryInit":2555904,"HeapMemoryUsed":85110360,"EdenSpaceInit":67108864,"PermGenInit":0},"threadMap":{"ThreadCount":215,"TotalStartedThreadCount":460,"DeadLockedThreadCount":0,"ProcessCpuTimeRate":5.054,"DaemonThreadCount":211}},"pushJobNum":0,"receiveJobNum":0,"timestamp":1778724420000},{"exeExceptionNum":0,"exeFailedNum":0,"exeLaterNum":0,"exeSuccessNum":0,"fixExecutingJobNum":0,"jvmMData":{"gcMap":{"FullGCCollectionTime":14,"SpanYoungGCCollectionCount":0,"SpanFullGCCollectionCount":0,"YoungGCCollectionCount":3,"FullGCCollectionCount":1,"SpanYoungGCCollectionTime":0,"YoungGCCollectionTime":53,"SpanFullGCCollectionTime":0},"memoryMap":{"HeapMemoryMax":3817865216,"SurvivorUsed":2341800,"OldGenCommitted":86507520,"PermGenUsed":0,"NonHeapMemoryUsed":37098240,"OldGenMax":2863661056,"SurvivorInit":11010048,"PermGenCommitted":0,"PermGenMax":0,"OldGenUsed":7205448,"EdenSpaceUsed":81165552,"NonHeapMemoryCommitted":38010880,"HeapMemoryInit":268435456,"HeapMemoryCommitted":231735296,"SurvivorMax":11010048,"EdenSpaceCommitted":134217728,"OldGenInit":179306496,"EdenSpaceMax":1409286144,"SurvivorCommitted":11010048,"NonHeapMemoryMax":-1,"NonHeapMemoryInit":2555904,"HeapMemoryUsed":90712800,"EdenSpaceInit":67108864,"PermGenInit":0},"threadMap":{"ThreadCount":215,"TotalStartedThreadCount":518,"DeadLockedThreadCount":0,"ProcessCpuTimeRate":4.220,"DaemonThreadCount":211}},"pushJobNum":0,"receiveJobNum":0,"timestamp":1778724480000},{"exeExceptionNum":0,"exeFailedNum":0,"exeLaterNum":0,"exeSuccessNum":0,"fixExecutingJobNum":0,"jvmMData":{"gcMap":{"FullGCCollectionTime":14,"SpanYoungGCCollectionCount":0,"SpanFullGCCollectionCount":0,"YoungGCCollectionCount":3,"FullGCCollectionCount":1,"SpanYoungGCCollectionTime":0,"YoungGCCollectionTime":53,"SpanFullGCCollectionTime":0},"memoryMap":{"HeapMemoryMax":3817865216,"SurvivorUsed":2341800,"OldGenCommitted":86507520,"PermGenUsed":0,"NonHeapMemoryUsed":37775888,"OldGenMax":2863661056,"SurvivorInit":11010048,"PermGenCommitted":0,"PermGenMax":0,"OldGenUsed":7205448,"EdenSpaceUsed":87675712,"NonHeapMemoryCommitted":38797312,"HeapMemoryInit":268435456,"HeapMemoryCommitted":231735296,"SurvivorMax":11010048,"EdenSpaceCommitted":134217728,"OldGenInit":179306496,"EdenSpaceMax":1409286144,"SurvivorCommitted":11010048,"NonHeapMemoryMax":-1,"NonHeapMemoryInit":2555904,"HeapMemoryUsed":97222960,"EdenSpaceInit":67108864,"PermGenInit":0},"threadMap":{"ThreadCount":215,"TotalStartedThreadCount":578,"DeadLockedThreadCount":0,"ProcessCpuTimeRate":3.795,"DaemonThreadCount":211}},"pushJobNum":0,"receiveJobNum":0,"timestamp":1778724540000},{"exeExceptionNum":0,"exeFailedNum":0,"exeLaterNum":0,"exeSuccessNum":0,"fixExecutingJobNum":0,"jvmMData":{"gcMap":{"FullGCCollectionTime":14,"SpanYoungGCCollectionCount":0,"SpanFullGCCollectionCount":0,"YoungGCCollectionCount":3,"FullGCCollectionCount":1,"SpanYoungGCCollectionTime":0,"YoungGCCollectionTime":53,"SpanFullGCCollectionTime":0},"memoryMap":{"HeapMemoryMax":3817865216,"SurvivorUsed":2341800,"OldGenCommitted":86507520,"PermGenUsed":0,"NonHeapMemoryUsed":38210672,"OldGenMax":2863661056,"SurvivorInit":11010048,"PermGenCommitted":0,"PermGenMax":0,"OldGenUsed":7205448,"EdenSpaceUsed":94224568,"NonHeapMemoryCommitted":39190528,"HeapMemoryInit":268435456,"HeapMemoryCommitted":231735296,"SurvivorMax":11010048,"EdenSpaceCommitted":134217728,"OldGenInit":179306496,"EdenSpaceMax":1409286144,"SurvivorCommitted":11010048,"NonHeapMemoryMax":-1,"NonHeapMemoryInit":2555904,"HeapMemoryUsed":103771816,"EdenSpaceInit":67108864,"PermGenInit":0},"threadMap":{"ThreadCount":215,"TotalStartedThreadCount":638,"DeadLockedThreadCount":0,"ProcessCpuTimeRate":3.745,"DaemonThreadCount":211}},"pushJobNum":0,"receiveJobNum":0,"timestamp":1778724600000},{"exeExceptionNum":0,"exeFailedNum":0,"exeLaterNum":0,"exeSuccessNum":0,"fixExecutingJobNum":0,"jvmMData":{"gcMap":{"FullGCCollectionTime":14,"SpanYoungGCCollectionCount":0,"SpanFullGCCollectionCount":0,"YoungGCCollectionCount":3,"FullGCCollectionCount":1,"SpanYoungGCCollectionTime":0,"YoungGCCollectionTime":53,"SpanFullGCCollectionTime":0},"memoryMap":{"HeapMemoryMax":3817865216,"SurvivorUsed":2341800,"OldGenCommitted":86507520,"PermGenUsed":0,"NonHeapMemoryUsed":38465144,"OldGenMax":2863661056,"SurvivorInit":11010048,"PermGenCommitted":0,"PermGenMax":0,"OldGenUsed":7205448,"EdenSpaceUsed":101464760,"NonHeapMemoryCommitted":39649280,"HeapMemoryInit":268435456,"HeapMemoryCommitted":231735296,"SurvivorMax":11010048,"EdenSpaceCommitted":134217728,"OldGenInit":179306496,"EdenSpaceMax":1409286144,"SurvivorCommitted":11010048,"NonHeapMemoryMax":-1,"NonHeapMemoryInit":2555904,"HeapMemoryUsed":111012008,"EdenSpaceInit":67108864,"PermGenInit":0},"threadMap":{"ThreadCount":215,"TotalStartedThreadCount":696,"DeadLockedThreadCount":0,"ProcessCpuTimeRate":3.330,"DaemonThreadCount":211}},"pushJobNum":0,"receiveJobNum":0,"timestamp":1778724660000}], lts version: 1.7.3-SNAPSHOT, current host: 192.168.64.1
[lts] 2026-05-14 10:36:00,299 DEBUG [pool-1-thread-1] com.github.ltsopensource.core.logger.slf4j.Slf4jLogger.debug(32) | 
    INSERT 
    INTO
        `
        lts_admin_task_tracker_monitor_data`(
            `gmt_created`, `node_group`, `identity`, `timestamp`, `exe_success_num`, `exe_failed_num`, `exe_later_num`, `exe_exception_num`, `total_running_time`
        ) 
    VALUES
        (?,?,?,?,?,?,?,?,?), lts version: 1.7.3-SNAPSHOT, current host: 192.168.64.1
[lts] 2026-05-14 10:36:00,299 DEBUG [pool-1-thread-2] com.github.ltsopensource.core.logger.slf4j.Slf4jLogger.debug(32) | 
    INSERT 
    INTO
        `
        lts_admin_job_tracker_monitor_data`(
            `gmt_created`, `identity`, `timestamp`, `receive_job_num`, `push_job_num`, `exe_success_num`, `exe_failed_num`, `exe_later_num`, `exe_exception_num`, `fix_executing_job_num`
        ) 
    VALUES
        (?,?,?,?,?,?,?,?,?,?), lts version: 1.7.3-SNAPSHOT, current host: 192.168.64.1
[lts] 2026-05-14 10:36:00,437 DEBUG [pool-1-thread-2] com.github.ltsopensource.core.logger.slf4j.Slf4jLogger.debug(32) | 
    INSERT 
    INTO
        `
        lts_admin_jvm_gc`(
            `gmt_created`, `identity`, `timestamp`, `node_type`, `node_group`, `young_gc_collection_count`, `young_gc_collection_time`, `full_gc_collection_count`, `full_gc_collection_time`, `span_young_gc_collection_count`, `span_young_gc_collection_time`, `span_full_gc_collection_count`, `span_full_gc_collection_time`
        ) 
    VALUES
        (?,?,?,?,?,?,?,?,?,?,?,?,?), lts version: 1.7.3-SNAPSHOT, current host: 192.168.64.1
[lts] 2026-05-14 10:36:00,437 DEBUG [pool-1-thread-1] com.github.ltsopensource.core.logger.slf4j.Slf4jLogger.debug(32) | 
    INSERT 
    INTO
        `
        lts_admin_jvm_gc`(
            `gmt_created`, `identity`, `timestamp`, `node_type`, `node_group`, `young_gc_collection_count`, `young_gc_collection_time`, `full_gc_collection_count`, `full_gc_collection_time`, `span_young_gc_collection_count`, `span_young_gc_collection_time`, `span_full_gc_collection_count`, `span_full_gc_collection_time`
        ) 
    VALUES
        (?,?,?,?,?,?,?,?,?,?,?,?,?), lts version: 1.7.3-SNAPSHOT, current host: 192.168.64.1
[lts] 2026-05-14 10:36:00,463 DEBUG [pool-1-thread-1] com.github.ltsopensource.core.logger.slf4j.Slf4jLogger.debug(32) | 
    INSERT 
    INTO
        `
        lts_admin_jvm_memory`(
            `gmt_created`, `identity`, `timestamp`, `node_type`, `node_group`, `heap_memory_committed`, `heap_memory_init`, `heap_memory_max`, `heap_memory_used`, `non_heap_memory_committed`, `non_heap_memory_init`, `non_heap_memory_max`, `non_heap_memory_used`, `perm_gen_committed`, `perm_gen_init`, `perm_gen_max`, `perm_gen_used`, `old_gen_committed`, `old_gen_init`, `old_gen_max`, `old_gen_used`, `eden_space_committed`, `eden_space_init`, `eden_space_max`, `eden_space_used`, `survivor_committed`, `survivor_init`, `survivor_max`, `survivor_used`
        ) 
    VALUES
        (?,?,?,?,?,?,?,?,?,?,?,?,?,?,?,?,?,?,?,?,?,?,?,?,?,?,?,?,?), lts version: 1.7.3-SNAPSHOT, current host: 192.168.64.1
[lts] 2026-05-14 10:36:00,463 DEBUG [pool-1-thread-2] com.github.ltsopensource.core.logger.slf4j.Slf4jLogger.debug(32) | 
    INSERT 
    INTO
        `
        lts_admin_jvm_memory`(
            `gmt_created`, `identity`, `timestamp`, `node_type`, `node_group`, `heap_memory_committed`, `heap_memory_init`, `heap_memory_max`, `heap_memory_used`, `non_heap_memory_committed`, `non_heap_memory_init`, `non_heap_memory_max`, `non_heap_memory_used`, `perm_gen_committed`, `perm_gen_init`, `perm_gen_max`, `perm_gen_used`, `old_gen_committed`, `old_gen_init`, `old_gen_max`, `old_gen_used`, `eden_space_committed`, `eden_space_init`, `eden_space_max`, `eden_space_used`, `survivor_committed`, `survivor_init`, `survivor_max`, `survivor_used`
        ) 
    VALUES
        (?,?,?,?,?,?,?,?,?,?,?,?,?,?,?,?,?,?,?,?,?,?,?,?,?,?,?,?,?), lts version: 1.7.3-SNAPSHOT, current host: 192.168.64.1
[lts] 2026-05-14 10:36:00,479 DEBUG [pool-1-thread-1] com.github.ltsopensource.core.logger.slf4j.Slf4jLogger.debug(32) | 
    INSERT 
    INTO
        `
        lts_admin_jvm_thread`(
            `gmt_created`, `identity`, `timestamp`, `node_type`, `node_group`, `daemon_thread_count`, `thread_count`, `total_started_thread_count`, `dead_locked_thread_count`, `process_cpu_time_rate`
        ) 
    VALUES
        (?,?,?,?,?,?,?,?,?,?), lts version: 1.7.3-SNAPSHOT, current host: 192.168.64.1
[lts] 2026-05-14 10:36:00,482 DEBUG [pool-1-thread-2] com.github.ltsopensource.core.logger.slf4j.Slf4jLogger.debug(32) | 
    INSERT 
    INTO
        `
        lts_admin_jvm_thread`(
            `gmt_created`, `identity`, `timestamp`, `node_type`, `node_group`, `daemon_thread_count`, `thread_count`, `total_started_thread_count`, `dead_locked_thread_count`, `process_cpu_time_rate`
        ) 
    VALUES
        (?,?,?,?,?,?,?,?,?,?), lts version: 1.7.3-SNAPSHOT, current host: 192.168.64.1
[lts] 2026-05-14 10:36:00,496 DEBUG [pool-1-thread-1] com.github.ltsopensource.core.logger.slf4j.Slf4jLogger.debug(32) | Add Monitor Data success, mNode={"identity":"TT_192.168.64.1_19784_10-03-55.606_1","nodeGroup":"test_trade_taskTracker","nodeType":"TASK_TRACKER"}, mData=[{"exeExceptionNum":0,"exeFailedNum":0,"exeLaterNum":0,"exeSuccessNum":0,"jvmMData":{"gcMap":{"FullGCCollectionTime":0,"SpanYoungGCCollectionCount":0,"SpanFullGCCollectionCount":0,"YoungGCCollectionCount":1,"FullGCCollectionCount":0,"SpanYoungGCCollectionTime":0,"YoungGCCollectionTime":18,"SpanFullGCCollectionTime":0},"memoryMap":{"HeapMemoryMax":3817865216,"SurvivorUsed":7829944,"OldGenCommitted":179306496,"PermGenUsed":0,"NonHeapMemoryUsed":20431784,"OldGenMax":2863661056,"SurvivorInit":11010048,"PermGenCommitted":0,"PermGenMax":0,"OldGenUsed":8192,"EdenSpaceUsed":6688136,"NonHeapMemoryCommitted":21168128,"HeapMemoryInit":268435456,"HeapMemoryCommitted":257425408,"SurvivorMax":11010048,"EdenSpaceCommitted":67108864,"OldGenInit":179306496,"EdenSpaceMax":1409286144,"SurvivorCommitted":11010048,"NonHeapMemoryMax":-1,"NonHeapMemoryInit":2555904,"HeapMemoryUsed":14526272,"EdenSpaceInit":67108864,"PermGenInit":0},"threadMap":{"ThreadCount":25,"TotalStartedThreadCount":28,"DeadLockedThreadCount":0,"ProcessCpuTimeRate":12.10,"DaemonThreadCount":22}},"timestamp":1778724180000,"totalRunningTime":0},{"exeExceptionNum":0,"exeFailedNum":0,"exeLaterNum":0,"exeSuccessNum":0,"jvmMData":{"gcMap":{"FullGCCollectionTime":0,"SpanYoungGCCollectionCount":0,"SpanFullGCCollectionCount":0,"YoungGCCollectionCount":1,"FullGCCollectionCount":0,"SpanYoungGCCollectionTime":0,"YoungGCCollectionTime":18,"SpanFullGCCollectionTime":0},"memoryMap":{"HeapMemoryMax":3817865216,"SurvivorUsed":7829944,"OldGenCommitted":179306496,"PermGenUsed":0,"NonHeapMemoryUsed":21548768,"OldGenMax":2863661056,"SurvivorInit":11010048,"PermGenCommitted":0,"PermGenMax":0,"OldGenUsed":8192,"EdenSpaceUsed":14087256,"NonHeapMemoryCommitted":22413312,"HeapMemoryInit":268435456,"HeapMemoryCommitted":257425408,"SurvivorMax":11010048,"EdenSpaceCommitted":67108864,"OldGenInit":179306496,"EdenSpaceMax":1409286144,"SurvivorCommitted":11010048,"NonHeapMemoryMax":-1,"NonHeapMemoryInit":2555904,"HeapMemoryUsed":21925392,"EdenSpaceInit":67108864,"PermGenInit":0},"threadMap":{"ThreadCount":24,"TotalStartedThreadCount":28,"DeadLockedThreadCount":0,"ProcessCpuTimeRate":3.338,"DaemonThreadCount":21}},"timestamp":1778724240000,"totalRunningTime":0},{"exeExceptionNum":0,"exeFailedNum":0,"exeLaterNum":0,"exeSuccessNum":0,"jvmMData":{"gcMap":{"FullGCCollectionTime":0,"SpanYoungGCCollectionCount":0,"SpanFullGCCollectionCount":0,"YoungGCCollectionCount":1,"FullGCCollectionCount":0,"SpanYoungGCCollectionTime":0,"YoungGCCollectionTime":18,"SpanFullGCCollectionTime":0},"memoryMap":{"HeapMemoryMax":3817865216,"SurvivorUsed":7829944,"OldGenCommitted":179306496,"PermGenUsed":0,"NonHeapMemoryUsed":21989680,"OldGenMax":2863661056,"SurvivorInit":11010048,"PermGenCommitted":0,"PermGenMax":0,"OldGenUsed":8192,"EdenSpaceUsed":16791488,"NonHeapMemoryCommitted":22806528,"HeapMemoryInit":268435456,"HeapMemoryCommitted":257425408,"SurvivorMax":11010048,"EdenSpaceCommitted":67108864,"OldGenInit":179306496,"EdenSpaceMax":1409286144,"SurvivorCommitted":11010048,"NonHeapMemoryMax":-1,"NonHeapMemoryInit":2555904,"HeapMemoryUsed":24629624,"EdenSpaceInit":67108864,"PermGenInit":0},"threadMap":{"ThreadCount":24,"TotalStartedThreadCount":28,"DeadLockedThreadCount":0,"ProcessCpuTimeRate":2.289,"DaemonThreadCount":21}},"timestamp":1778724300000,"totalRunningTime":0},{"exeExceptionNum":0,"exeFailedNum":0,"exeLaterNum":0,"exeSuccessNum":0,"jvmMData":{"gcMap":{"FullGCCollectionTime":0,"SpanYoungGCCollectionCount":0,"SpanFullGCCollectionCount":0,"YoungGCCollectionCount":1,"FullGCCollectionCount":0,"SpanYoungGCCollectionTime":0,"YoungGCCollectionTime":18,"SpanFullGCCollectionTime":0},"memoryMap":{"HeapMemoryMax":3817865216,"SurvivorUsed":7829944,"OldGenCommitted":179306496,"PermGenUsed":0,"NonHeapMemoryUsed":21988632,"OldGenMax":2863661056,"SurvivorInit":11010048,"PermGenCommitted":0,"PermGenMax":0,"OldGenUsed":8192,"EdenSpaceUsed":18808208,"NonHeapMemoryCommitted":23003136,"HeapMemoryInit":268435456,"HeapMemoryCommitted":257425408,"SurvivorMax":11010048,"EdenSpaceCommitted":67108864,"OldGenInit":179306496,"EdenSpaceMax":1409286144,"SurvivorCommitted":11010048,"NonHeapMemoryMax":-1,"NonHeapMemoryInit":2555904,"HeapMemoryUsed":26646344,"EdenSpaceInit":67108864,"PermGenInit":0},"threadMap":{"ThreadCount":24,"TotalStartedThreadCount":28,"DeadLockedThreadCount":0,"ProcessCpuTimeRate":2.171,"DaemonThreadCount":21}},"timestamp":1778724360000,"totalRunningTime":0},{"exeExceptionNum":0,"exeFailedNum":0,"exeLaterNum":0,"exeSuccessNum":0,"jvmMData":{"gcMap":{"FullGCCollectionTime":0,"SpanYoungGCCollectionCount":0,"SpanFullGCCollectionCount":0,"YoungGCCollectionCount":1,"FullGCCollectionCount":0,"SpanYoungGCCollectionTime":0,"YoungGCCollectionTime":18,"SpanFullGCCollectionTime":0},"memoryMap":{"HeapMemoryMax":3817865216,"SurvivorUsed":7829944,"OldGenCommitted":179306496,"PermGenUsed":0,"NonHeapMemoryUsed":22197712,"OldGenMax":2863661056,"SurvivorInit":11010048,"PermGenCommitted":0,"PermGenMax":0,"OldGenUsed":8192,"EdenSpaceUsed":23538952,"NonHeapMemoryCommitted":23003136,"HeapMemoryInit":268435456,"HeapMemoryCommitted":257425408,"SurvivorMax":11010048,"EdenSpaceCommitted":67108864,"OldGenInit":179306496,"EdenSpaceMax":1409286144,"SurvivorCommitted":11010048,"NonHeapMemoryMax":-1,"NonHeapMemoryInit":2555904,"HeapMemoryUsed":31377088,"EdenSpaceInit":67108864,"PermGenInit":0},"threadMap":{"ThreadCount":24,"TotalStartedThreadCount":28,"DeadLockedThreadCount":0,"ProcessCpuTimeRate":2.075,"DaemonThreadCount":21}},"timestamp":1778724420000,"totalRunningTime":0},{"exeExceptionNum":0,"exeFailedNum":0,"exeLaterNum":0,"exeSuccessNum":0,"jvmMData":{"gcMap":{"FullGCCollectionTime":0,"SpanYoungGCCollectionCount":0,"SpanFullGCCollectionCount":0,"YoungGCCollectionCount":1,"FullGCCollectionCount":0,"SpanYoungGCCollectionTime":0,"YoungGCCollectionTime":18,"SpanFullGCCollectionTime":0},"memoryMap":{"HeapMemoryMax":3817865216,"SurvivorUsed":7829944,"OldGenCommitted":179306496,"PermGenUsed":0,"NonHeapMemoryUsed":22475176,"OldGenMax":2863661056,"SurvivorInit":11010048,"PermGenCommitted":0,"PermGenMax":0,"OldGenUsed":8192,"EdenSpaceUsed":25552312,"NonHeapMemoryCommitted":23396352,"HeapMemoryInit":268435456,"HeapMemoryCommitted":257425408,"SurvivorMax":11010048,"EdenSpaceCommitted":67108864,"OldGenInit":179306496,"EdenSpaceMax":1409286144,"SurvivorCommitted":11010048,"NonHeapMemoryMax":-1,"NonHeapMemoryInit":2555904,"HeapMemoryUsed":33390448,"EdenSpaceInit":67108864,"PermGenInit":0},"threadMap":{"ThreadCount":24,"TotalStartedThreadCount":28,"DeadLockedThreadCount":0,"ProcessCpuTimeRate":2.404,"DaemonThreadCount":21}},"timestamp":1778724480000,"totalRunningTime":0},{"exeExceptionNum":0,"exeFailedNum":0,"exeLaterNum":0,"exeSuccessNum":0,"jvmMData":{"gcMap":{"FullGCCollectionTime":0,"SpanYoungGCCollectionCount":0,"SpanFullGCCollectionCount":0,"YoungGCCollectionCount":1,"FullGCCollectionCount":0,"SpanYoungGCCollectionTime":0,"YoungGCCollectionTime":18,"SpanFullGCCollectionTime":0},"memoryMap":{"HeapMemoryMax":3817865216,"SurvivorUsed":7829944,"OldGenCommitted":179306496,"PermGenUsed":0,"NonHeapMemoryUsed":22553792,"OldGenMax":2863661056,"SurvivorInit":11010048,"PermGenCommitted":0,"PermGenMax":0,"OldGenUsed":8192,"EdenSpaceUsed":28276760,"NonHeapMemoryCommitted":23461888,"HeapMemoryInit":268435456,"HeapMemoryCommitted":257425408,"SurvivorMax":11010048,"EdenSpaceCommitted":67108864,"OldGenInit":179306496,"EdenSpaceMax":1409286144,"SurvivorCommitted":11010048,"NonHeapMemoryMax":-1,"NonHeapMemoryInit":2555904,"HeapMemoryUsed":36114896,"EdenSpaceInit":67108864,"PermGenInit":0},"threadMap":{"ThreadCount":24,"TotalStartedThreadCount":28,"DeadLockedThreadCount":0,"ProcessCpuTimeRate":2.029,"DaemonThreadCount":21}},"timestamp":1778724540000,"totalRunningTime":0},{"exeExceptionNum":0,"exeFailedNum":0,"exeLaterNum":0,"exeSuccessNum":0,"jvmMData":{"gcMap":{"FullGCCollectionTime":0,"SpanYoungGCCollectionCount":0,"SpanFullGCCollectionCount":0,"YoungGCCollectionCount":1,"FullGCCollectionCount":0,"SpanYoungGCCollectionTime":0,"YoungGCCollectionTime":18,"SpanFullGCCollectionTime":0},"memoryMap":{"HeapMemoryMax":3817865216,"SurvivorUsed":7829944,"OldGenCommitted":179306496,"PermGenUsed":0,"NonHeapMemoryUsed":22749224,"OldGenMax":2863661056,"SurvivorInit":11010048,"PermGenCommitted":0,"PermGenMax":0,"OldGenUsed":8192,"EdenSpaceUsed":30993144,"NonHeapMemoryCommitted":23592960,"HeapMemoryInit":268435456,"HeapMemoryCommitted":257425408,"SurvivorMax":11010048,"EdenSpaceCommitted":67108864,"OldGenInit":179306496,"EdenSpaceMax":1409286144,"SurvivorCommitted":11010048,"NonHeapMemoryMax":-1,"NonHeapMemoryInit":2555904,"HeapMemoryUsed":38831280,"EdenSpaceInit":67108864,"PermGenInit":0},"threadMap":{"ThreadCount":24,"TotalStartedThreadCount":28,"DeadLockedThreadCount":0,"ProcessCpuTimeRate":1.943,"DaemonThreadCount":21}},"timestamp":1778724600000,"totalRunningTime":0},{"exeExceptionNum":0,"exeFailedNum":0,"exeLaterNum":0,"exeSuccessNum":0,"jvmMData":{"gcMap":{"FullGCCollectionTime":0,"SpanYoungGCCollectionCount":0,"SpanFullGCCollectionCount":0,"YoungGCCollectionCount":1,"FullGCCollectionCount":0,"SpanYoungGCCollectionTime":0,"YoungGCCollectionTime":18,"SpanFullGCCollectionTime":0},"memoryMap":{"HeapMemoryMax":3817865216,"SurvivorUsed":7829944,"OldGenCommitted":179306496,"PermGenUsed":0,"NonHeapMemoryUsed":22875216,"OldGenMax":2863661056,"SurvivorInit":11010048,"PermGenCommitted":0,"PermGenMax":0,"OldGenUsed":8192,"EdenSpaceUsed":34362312,"NonHeapMemoryCommitted":23724032,"HeapMemoryInit":268435456,"HeapMemoryCommitted":257425408,"SurvivorMax":11010048,"EdenSpaceCommitted":67108864,"OldGenInit":179306496,"EdenSpaceMax":1409286144,"SurvivorCommitted":11010048,"NonHeapMemoryMax":-1,"NonHeapMemoryInit":2555904,"HeapMemoryUsed":42200448,"EdenSpaceInit":67108864,"PermGenInit":0},"threadMap":{"ThreadCount":24,"TotalStartedThreadCount":28,"DeadLockedThreadCount":0,"ProcessCpuTimeRate":1.731,"DaemonThreadCount":21}},"timestamp":1778724660000,"totalRunningTime":0},{"exeExceptionNum":0,"exeFailedNum":0,"exeLaterNum":0,"exeSuccessNum":0,"jvmMData":{"gcMap":{"FullGCCollectionTime":0,"SpanYoungGCCollectionCount":0,"SpanFullGCCollectionCount":0,"YoungGCCollectionCount":1,"FullGCCollectionCount":0,"SpanYoungGCCollectionTime":0,"YoungGCCollectionTime":18,"SpanFullGCCollectionTime":0},"memoryMap":{"HeapMemoryMax":3817865216,"SurvivorUsed":7829944,"OldGenCommitted":179306496,"PermGenUsed":0,"NonHeapMemoryUsed":23121600,"OldGenMax":2863661056,"SurvivorInit":11010048,"PermGenCommitted":0,"PermGenMax":0,"OldGenUsed":8192,"EdenSpaceUsed":36375672,"NonHeapMemoryCommitted":24051712,"HeapMemoryInit":268435456,"HeapMemoryCommitted":257425408,"SurvivorMax":11010048,"EdenSpaceCommitted":67108864,"OldGenInit":179306496,"EdenSpaceMax":1409286144,"SurvivorCommitted":11010048,"NonHeapMemoryMax":-1,"NonHeapMemoryInit":2555904,"HeapMemoryUsed":44213808,"EdenSpaceInit":67108864,"PermGenInit":0},"threadMap":{"ThreadCount":24,"TotalStartedThreadCount":28,"DeadLockedThreadCount":0,"ProcessCpuTimeRate":2.058,"DaemonThreadCount":21}},"timestamp":1778724720000,"totalRunningTime":0}], lts version: 1.7.3-SNAPSHOT, current host: 192.168.64.1
[lts] 2026-05-14 10:36:00,497 DEBUG [pool-1-thread-2] com.github.ltsopensource.core.logger.slf4j.Slf4jLogger.debug(32) | Add Monitor Data success, mNode={"identity":"JT_192.168.64.1_19709_10-02-49.861_1","nodeGroup":"lts","nodeType":"JOB_TRACKER"}, mData=[{"exeExceptionNum":0,"exeFailedNum":0,"exeLaterNum":0,"exeSuccessNum":0,"fixExecutingJobNum":0,"jvmMData":{"gcMap":{"FullGCCollectionTime":14,"SpanYoungGCCollectionCount":0,"SpanFullGCCollectionCount":0,"YoungGCCollectionCount":2,"FullGCCollectionCount":1,"SpanYoungGCCollectionTime":0,"YoungGCCollectionTime":39,"SpanFullGCCollectionTime":0},"memoryMap":{"HeapMemoryMax":3817865216,"SurvivorUsed":0,"OldGenCommitted":86507520,"PermGenUsed":0,"NonHeapMemoryUsed":30571448,"OldGenMax":2863661056,"SurvivorInit":11010048,"PermGenCommitted":0,"PermGenMax":0,"OldGenUsed":7197256,"EdenSpaceUsed":27307064,"NonHeapMemoryCommitted":31637504,"HeapMemoryInit":268435456,"HeapMemoryCommitted":231735296,"SurvivorMax":11010048,"EdenSpaceCommitted":134217728,"OldGenInit":179306496,"EdenSpaceMax":1409286144,"SurvivorCommitted":11010048,"NonHeapMemoryMax":-1,"NonHeapMemoryInit":2555904,"HeapMemoryUsed":34504320,"EdenSpaceInit":67108864,"PermGenInit":0},"threadMap":{"ThreadCount":30,"TotalStartedThreadCount":34,"DeadLockedThreadCount":0,"ProcessCpuTimeRate":5.441,"DaemonThreadCount":27}},"pushJobNum":0,"receiveJobNum":0,"timestamp":1778724120000},{"exeExceptionNum":0,"exeFailedNum":0,"exeLaterNum":0,"exeSuccessNum":0,"fixExecutingJobNum":0,"jvmMData":{"gcMap":{"FullGCCollectionTime":14,"SpanYoungGCCollectionCount":0,"SpanFullGCCollectionCount":0,"YoungGCCollectionCount":2,"FullGCCollectionCount":1,"SpanYoungGCCollectionTime":0,"YoungGCCollectionTime":39,"SpanFullGCCollectionTime":0},"memoryMap":{"HeapMemoryMax":3817865216,"SurvivorUsed":0,"OldGenCommitted":86507520,"PermGenUsed":0,"NonHeapMemoryUsed":31927272,"OldGenMax":2863661056,"SurvivorInit":11010048,"PermGenCommitted":0,"PermGenMax":0,"OldGenUsed":7197256,"EdenSpaceUsed":41404560,"NonHeapMemoryCommitted":32899072,"HeapMemoryInit":268435456,"HeapMemoryCommitted":231735296,"SurvivorMax":11010048,"EdenSpaceCommitted":134217728,"OldGenInit":179306496,"EdenSpaceMax":1409286144,"SurvivorCommitted":11010048,"NonHeapMemoryMax":-1,"NonHeapMemoryInit":2555904,"HeapMemoryUsed":48601816,"EdenSpaceInit":67108864,"PermGenInit":0},"threadMap":{"ThreadCount":41,"TotalStartedThreadCount":49,"DeadLockedThreadCount":0,"ProcessCpuTimeRate":3.235,"DaemonThreadCount":37}},"pushJobNum":0,"receiveJobNum":0,"timestamp":1778724180000},{"exeExceptionNum":0,"exeFailedNum":0,"exeLaterNum":0,"exeSuccessNum":0,"fixExecutingJobNum":0,"jvmMData":{"gcMap":{"FullGCCollectionTime":14,"SpanYoungGCCollectionCount":1,"SpanFullGCCollectionCount":0,"YoungGCCollectionCount":3,"FullGCCollectionCount":1,"SpanYoungGCCollectionTime":14,"YoungGCCollectionTime":53,"SpanFullGCCollectionTime":0},"memoryMap":{"HeapMemoryMax":3817865216,"SurvivorUsed":2341800,"OldGenCommitted":86507520,"PermGenUsed":0,"NonHeapMemoryUsed":33150888,"OldGenMax":2863661056,"SurvivorInit":11010048,"PermGenCommitted":0,"PermGenMax":0,"OldGenUsed":7205448,"EdenSpaceUsed":20897976,"NonHeapMemoryCommitted":34275328,"HeapMemoryInit":268435456,"HeapMemoryCommitted":231735296,"SurvivorMax":11010048,"EdenSpaceCommitted":134217728,"OldGenInit":179306496,"EdenSpaceMax":1409286144,"SurvivorCommitted":11010048,"NonHeapMemoryMax":-1,"NonHeapMemoryInit":2555904,"HeapMemoryUsed":30445224,"EdenSpaceInit":67108864,"PermGenInit":0},"threadMap":{"ThreadCount":196,"TotalStartedThreadCount":262,"DeadLockedThreadCount":0,"ProcessCpuTimeRate":6.438,"DaemonThreadCount":192}},"pushJobNum":0,"receiveJobNum":0,"timestamp":1778724240000},{"exeExceptionNum":0,"exeFailedNum":0,"exeLaterNum":0,"exeSuccessNum":0,"fixExecutingJobNum":0,"jvmMData":{"gcMap":{"FullGCCollectionTime":14,"SpanYoungGCCollectionCount":0,"SpanFullGCCollectionCount":0,"YoungGCCollectionCount":3,"FullGCCollectionCount":1,"SpanYoungGCCollectionTime":0,"YoungGCCollectionTime":53,"SpanFullGCCollectionTime":0},"memoryMap":{"HeapMemoryMax":3817865216,"SurvivorUsed":2341800,"OldGenCommitted":86507520,"PermGenUsed":0,"NonHeapMemoryUsed":34708688,"OldGenMax":2863661056,"SurvivorInit":11010048,"PermGenCommitted":0,"PermGenMax":0,"OldGenUsed":7205448,"EdenSpaceUsed":60142632,"NonHeapMemoryCommitted":35782656,"HeapMemoryInit":268435456,"HeapMemoryCommitted":231735296,"SurvivorMax":11010048,"EdenSpaceCommitted":134217728,"OldGenInit":179306496,"EdenSpaceMax":1409286144,"SurvivorCommitted":11010048,"NonHeapMemoryMax":-1,"NonHeapMemoryInit":2555904,"HeapMemoryUsed":69689880,"EdenSpaceInit":67108864,"PermGenInit":0},"threadMap":{"ThreadCount":215,"TotalStartedThreadCount":340,"DeadLockedThreadCount":0,"ProcessCpuTimeRate":4.987,"DaemonThreadCount":211}},"pushJobNum":0,"receiveJobNum":0,"timestamp":1778724300000},{"exeExceptionNum":0,"exeFailedNum":0,"exeLaterNum":0,"exeSuccessNum":0,"fixExecutingJobNum":0,"jvmMData":{"gcMap":{"FullGCCollectionTime":14,"SpanYoungGCCollectionCount":0,"SpanFullGCCollectionCount":0,"YoungGCCollectionCount":3,"FullGCCollectionCount":1,"SpanYoungGCCollectionTime":0,"YoungGCCollectionTime":53,"SpanFullGCCollectionTime":0},"memoryMap":{"HeapMemoryMax":3817865216,"SurvivorUsed":2341800,"OldGenCommitted":86507520,"PermGenUsed":0,"NonHeapMemoryUsed":35370336,"OldGenMax":2863661056,"SurvivorInit":11010048,"PermGenCommitted":0,"PermGenMax":0,"OldGenUsed":7205448,"EdenSpaceUsed":69433392,"NonHeapMemoryCommitted":36372480,"HeapMemoryInit":268435456,"HeapMemoryCommitted":231735296,"SurvivorMax":11010048,"EdenSpaceCommitted":134217728,"OldGenInit":179306496,"EdenSpaceMax":1409286144,"SurvivorCommitted":11010048,"NonHeapMemoryMax":-1,"NonHeapMemoryInit":2555904,"HeapMemoryUsed":78980640,"EdenSpaceInit":67108864,"PermGenInit":0},"threadMap":{"ThreadCount":215,"TotalStartedThreadCount":400,"DeadLockedThreadCount":0,"ProcessCpuTimeRate":4.004,"DaemonThreadCount":211}},"pushJobNum":0,"receiveJobNum":0,"timestamp":1778724360000},{"exeExceptionNum":0,"exeFailedNum":0,"exeLaterNum":0,"exeSuccessNum":0,"fixExecutingJobNum":0,"jvmMData":{"gcMap":{"FullGCCollectionTime":14,"SpanYoungGCCollectionCount":0,"SpanFullGCCollectionCount":0,"YoungGCCollectionCount":3,"FullGCCollectionCount":1,"SpanYoungGCCollectionTime":0,"YoungGCCollectionTime":53,"SpanFullGCCollectionTime":0},"memoryMap":{"HeapMemoryMax":3817865216,"SurvivorUsed":2341800,"OldGenCommitted":86507520,"PermGenUsed":0,"NonHeapMemoryUsed":36527472,"OldGenMax":2863661056,"SurvivorInit":11010048,"PermGenCommitted":0,"PermGenMax":0,"OldGenUsed":7205448,"EdenSpaceUsed":75563112,"NonHeapMemoryCommitted":37552128,"HeapMemoryInit":268435456,"HeapMemoryCommitted":231735296,"SurvivorMax":11010048,"EdenSpaceCommitted":134217728,"OldGenInit":179306496,"EdenSpaceMax":1409286144,"SurvivorCommitted":11010048,"NonHeapMemoryMax":-1,"NonHeapMemoryInit":2555904,"HeapMemoryUsed":85110360,"EdenSpaceInit":67108864,"PermGenInit":0},"threadMap":{"ThreadCount":215,"TotalStartedThreadCount":460,"DeadLockedThreadCount":0,"ProcessCpuTimeRate":5.054,"DaemonThreadCount":211}},"pushJobNum":0,"receiveJobNum":0,"timestamp":1778724420000},{"exeExceptionNum":0,"exeFailedNum":0,"exeLaterNum":0,"exeSuccessNum":0,"fixExecutingJobNum":0,"jvmMData":{"gcMap":{"FullGCCollectionTime":14,"SpanYoungGCCollectionCount":0,"SpanFullGCCollectionCount":0,"YoungGCCollectionCount":3,"FullGCCollectionCount":1,"SpanYoungGCCollectionTime":0,"YoungGCCollectionTime":53,"SpanFullGCCollectionTime":0},"memoryMap":{"HeapMemoryMax":3817865216,"SurvivorUsed":2341800,"OldGenCommitted":86507520,"PermGenUsed":0,"NonHeapMemoryUsed":37098240,"OldGenMax":2863661056,"SurvivorInit":11010048,"PermGenCommitted":0,"PermGenMax":0,"OldGenUsed":7205448,"EdenSpaceUsed":81165552,"NonHeapMemoryCommitted":38010880,"HeapMemoryInit":268435456,"HeapMemoryCommitted":231735296,"SurvivorMax":11010048,"EdenSpaceCommitted":134217728,"OldGenInit":179306496,"EdenSpaceMax":1409286144,"SurvivorCommitted":11010048,"NonHeapMemoryMax":-1,"NonHeapMemoryInit":2555904,"HeapMemoryUsed":90712800,"EdenSpaceInit":67108864,"PermGenInit":0},"threadMap":{"ThreadCount":215,"TotalStartedThreadCount":518,"DeadLockedThreadCount":0,"ProcessCpuTimeRate":4.220,"DaemonThreadCount":211}},"pushJobNum":0,"receiveJobNum":0,"timestamp":1778724480000},{"exeExceptionNum":0,"exeFailedNum":0,"exeLaterNum":0,"exeSuccessNum":0,"fixExecutingJobNum":0,"jvmMData":{"gcMap":{"FullGCCollectionTime":14,"SpanYoungGCCollectionCount":0,"SpanFullGCCollectionCount":0,"YoungGCCollectionCount":3,"FullGCCollectionCount":1,"SpanYoungGCCollectionTime":0,"YoungGCCollectionTime":53,"SpanFullGCCollectionTime":0},"memoryMap":{"HeapMemoryMax":3817865216,"SurvivorUsed":2341800,"OldGenCommitted":86507520,"PermGenUsed":0,"NonHeapMemoryUsed":37775888,"OldGenMax":2863661056,"SurvivorInit":11010048,"PermGenCommitted":0,"PermGenMax":0,"OldGenUsed":7205448,"EdenSpaceUsed":87675712,"NonHeapMemoryCommitted":38797312,"HeapMemoryInit":268435456,"HeapMemoryCommitted":231735296,"SurvivorMax":11010048,"EdenSpaceCommitted":134217728,"OldGenInit":179306496,"EdenSpaceMax":1409286144,"SurvivorCommitted":11010048,"NonHeapMemoryMax":-1,"NonHeapMemoryInit":2555904,"HeapMemoryUsed":97222960,"EdenSpaceInit":67108864,"PermGenInit":0},"threadMap":{"ThreadCount":215,"TotalStartedThreadCount":578,"DeadLockedThreadCount":0,"ProcessCpuTimeRate":3.795,"DaemonThreadCount":211}},"pushJobNum":0,"receiveJobNum":0,"timestamp":1778724540000},{"exeExceptionNum":0,"exeFailedNum":0,"exeLaterNum":0,"exeSuccessNum":0,"fixExecutingJobNum":0,"jvmMData":{"gcMap":{"FullGCCollectionTime":14,"SpanYoungGCCollectionCount":0,"SpanFullGCCollectionCount":0,"YoungGCCollectionCount":3,"FullGCCollectionCount":1,"SpanYoungGCCollectionTime":0,"YoungGCCollectionTime":53,"SpanFullGCCollectionTime":0},"memoryMap":{"HeapMemoryMax":3817865216,"SurvivorUsed":2341800,"OldGenCommitted":86507520,"PermGenUsed":0,"NonHeapMemoryUsed":38210672,"OldGenMax":2863661056,"SurvivorInit":11010048,"PermGenCommitted":0,"PermGenMax":0,"OldGenUsed":7205448,"EdenSpaceUsed":94224568,"NonHeapMemoryCommitted":39190528,"HeapMemoryInit":268435456,"HeapMemoryCommitted":231735296,"SurvivorMax":11010048,"EdenSpaceCommitted":134217728,"OldGenInit":179306496,"EdenSpaceMax":1409286144,"SurvivorCommitted":11010048,"NonHeapMemoryMax":-1,"NonHeapMemoryInit":2555904,"HeapMemoryUsed":103771816,"EdenSpaceInit":67108864,"PermGenInit":0},"threadMap":{"ThreadCount":215,"TotalStartedThreadCount":638,"DeadLockedThreadCount":0,"ProcessCpuTimeRate":3.745,"DaemonThreadCount":211}},"pushJobNum":0,"receiveJobNum":0,"timestamp":1778724600000},{"exeExceptionNum":0,"exeFailedNum":0,"exeLaterNum":0,"exeSuccessNum":0,"fixExecutingJobNum":0,"jvmMData":{"gcMap":{"FullGCCollectionTime":14,"SpanYoungGCCollectionCount":0,"SpanFullGCCollectionCount":0,"YoungGCCollectionCount":3,"FullGCCollectionCount":1,"SpanYoungGCCollectionTime":0,"YoungGCCollectionTime":53,"SpanFullGCCollectionTime":0},"memoryMap":{"HeapMemoryMax":3817865216,"SurvivorUsed":2341800,"OldGenCommitted":86507520,"PermGenUsed":0,"NonHeapMemoryUsed":38465144,"OldGenMax":2863661056,"SurvivorInit":11010048,"PermGenCommitted":0,"PermGenMax":0,"OldGenUsed":7205448,"EdenSpaceUsed":101464760,"NonHeapMemoryCommitted":39649280,"HeapMemoryInit":268435456,"HeapMemoryCommitted":231735296,"SurvivorMax":11010048,"EdenSpaceCommitted":134217728,"OldGenInit":179306496,"EdenSpaceMax":1409286144,"SurvivorCommitted":11010048,"NonHeapMemoryMax":-1,"NonHeapMemoryInit":2555904,"HeapMemoryUsed":111012008,"EdenSpaceInit":67108864,"PermGenInit":0},"threadMap":{"ThreadCount":215,"TotalStartedThreadCount":696,"DeadLockedThreadCount":0,"ProcessCpuTimeRate":3.330,"DaemonThreadCount":211}},"pushJobNum":0,"receiveJobNum":0,"timestamp":1778724660000}], lts version: 1.7.3-SNAPSHOT, current host: 192.168.64.1
[lts] 2026-05-14 10:37:00,638 DEBUG [pool-1-thread-4] com.github.ltsopensource.core.logger.slf4j.Slf4jLogger.debug(32) | 
    INSERT 
    INTO
        `
        lts_admin_job_tracker_monitor_data`(
            `gmt_created`, `identity`, `timestamp`, `receive_job_num`, `push_job_num`, `exe_success_num`, `exe_failed_num`, `exe_later_num`, `exe_exception_num`, `fix_executing_job_num`
        ) 
    VALUES
        (?,?,?,?,?,?,?,?,?,?), lts version: 1.7.3-SNAPSHOT, current host: 192.168.64.1
[lts] 2026-05-14 10:37:00,638 DEBUG [pool-1-thread-3] com.github.ltsopensource.core.logger.slf4j.Slf4jLogger.debug(32) | 
    INSERT 
    INTO
        `
        lts_admin_task_tracker_monitor_data`(
            `gmt_created`, `node_group`, `identity`, `timestamp`, `exe_success_num`, `exe_failed_num`, `exe_later_num`, `exe_exception_num`, `total_running_time`
        ) 
    VALUES
        (?,?,?,?,?,?,?,?,?), lts version: 1.7.3-SNAPSHOT, current host: 192.168.64.1
[lts] 2026-05-14 10:37:00,678 DEBUG [pool-1-thread-3] com.github.ltsopensource.core.logger.slf4j.Slf4jLogger.debug(32) | 
    INSERT 
    INTO
        `
        lts_admin_jvm_gc`(
            `gmt_created`, `identity`, `timestamp`, `node_type`, `node_group`, `young_gc_collection_count`, `young_gc_collection_time`, `full_gc_collection_count`, `full_gc_collection_time`, `span_young_gc_collection_count`, `span_young_gc_collection_time`, `span_full_gc_collection_count`, `span_full_gc_collection_time`
        ) 
    VALUES
        (?,?,?,?,?,?,?,?,?,?,?,?,?), lts version: 1.7.3-SNAPSHOT, current host: 192.168.64.1
[lts] 2026-05-14 10:37:00,678 DEBUG [pool-1-thread-4] com.github.ltsopensource.core.logger.slf4j.Slf4jLogger.debug(32) | 
    INSERT 
    INTO
        `
        lts_admin_jvm_gc`(
            `gmt_created`, `identity`, `timestamp`, `node_type`, `node_group`, `young_gc_collection_count`, `young_gc_collection_time`, `full_gc_collection_count`, `full_gc_collection_time`, `span_young_gc_collection_count`, `span_young_gc_collection_time`, `span_full_gc_collection_count`, `span_full_gc_collection_time`
        ) 
    VALUES
        (?,?,?,?,?,?,?,?,?,?,?,?,?), lts version: 1.7.3-SNAPSHOT, current host: 192.168.64.1
[lts] 2026-05-14 10:37:00,701 DEBUG [pool-1-thread-3] com.github.ltsopensource.core.logger.slf4j.Slf4jLogger.debug(32) | 
    INSERT 
    INTO
        `
        lts_admin_jvm_memory`(
            `gmt_created`, `identity`, `timestamp`, `node_type`, `node_group`, `heap_memory_committed`, `heap_memory_init`, `heap_memory_max`, `heap_memory_used`, `non_heap_memory_committed`, `non_heap_memory_init`, `non_heap_memory_max`, `non_heap_memory_used`, `perm_gen_committed`, `perm_gen_init`, `perm_gen_max`, `perm_gen_used`, `old_gen_committed`, `old_gen_init`, `old_gen_max`, `old_gen_used`, `eden_space_committed`, `eden_space_init`, `eden_space_max`, `eden_space_used`, `survivor_committed`, `survivor_init`, `survivor_max`, `survivor_used`
        ) 
    VALUES
        (?,?,?,?,?,?,?,?,?,?,?,?,?,?,?,?,?,?,?,?,?,?,?,?,?,?,?,?,?), lts version: 1.7.3-SNAPSHOT, current host: 192.168.64.1
[lts] 2026-05-14 10:37:00,705 DEBUG [pool-1-thread-4] com.github.ltsopensource.core.logger.slf4j.Slf4jLogger.debug(32) | 
    INSERT 
    INTO
        `
        lts_admin_jvm_memory`(
            `gmt_created`, `identity`, `timestamp`, `node_type`, `node_group`, `heap_memory_committed`, `heap_memory_init`, `heap_memory_max`, `heap_memory_used`, `non_heap_memory_committed`, `non_heap_memory_init`, `non_heap_memory_max`, `non_heap_memory_used`, `perm_gen_committed`, `perm_gen_init`, `perm_gen_max`, `perm_gen_used`, `old_gen_committed`, `old_gen_init`, `old_gen_max`, `old_gen_used`, `eden_space_committed`, `eden_space_init`, `eden_space_max`, `eden_space_used`, `survivor_committed`, `survivor_init`, `survivor_max`, `survivor_used`
        ) 
    VALUES
        (?,?,?,?,?,?,?,?,?,?,?,?,?,?,?,?,?,?,?,?,?,?,?,?,?,?,?,?,?), lts version: 1.7.3-SNAPSHOT, current host: 192.168.64.1
[lts] 2026-05-14 10:37:00,721 DEBUG [pool-1-thread-3] com.github.ltsopensource.core.logger.slf4j.Slf4jLogger.debug(32) | 
    INSERT 
    INTO
        `
        lts_admin_jvm_thread`(
            `gmt_created`, `identity`, `timestamp`, `node_type`, `node_group`, `daemon_thread_count`, `thread_count`, `total_started_thread_count`, `dead_locked_thread_count`, `process_cpu_time_rate`
        ) 
    VALUES
        (?,?,?,?,?,?,?,?,?,?), lts version: 1.7.3-SNAPSHOT, current host: 192.168.64.1
[lts] 2026-05-14 10:37:00,721 DEBUG [pool-1-thread-4] com.github.ltsopensource.core.logger.slf4j.Slf4jLogger.debug(32) | 
    INSERT 
    INTO
        `
        lts_admin_jvm_thread`(
            `gmt_created`, `identity`, `timestamp`, `node_type`, `node_group`, `daemon_thread_count`, `thread_count`, `total_started_thread_count`, `dead_locked_thread_count`, `process_cpu_time_rate`
        ) 
    VALUES
        (?,?,?,?,?,?,?,?,?,?), lts version: 1.7.3-SNAPSHOT, current host: 192.168.64.1
[lts] 2026-05-14 10:37:00,736 DEBUG [pool-1-thread-3] com.github.ltsopensource.core.logger.slf4j.Slf4jLogger.debug(32) | Add Monitor Data success, mNode={"identity":"TT_192.168.64.1_19784_10-03-55.606_1","nodeGroup":"test_trade_taskTracker","nodeType":"TASK_TRACKER"}, mData=[{"exeExceptionNum":0,"exeFailedNum":0,"exeLaterNum":0,"exeSuccessNum":0,"jvmMData":{"gcMap":{"FullGCCollectionTime":0,"SpanYoungGCCollectionCount":0,"SpanFullGCCollectionCount":0,"YoungGCCollectionCount":1,"FullGCCollectionCount":0,"SpanYoungGCCollectionTime":0,"YoungGCCollectionTime":18,"SpanFullGCCollectionTime":0},"memoryMap":{"HeapMemoryMax":3817865216,"SurvivorUsed":7829944,"OldGenCommitted":179306496,"PermGenUsed":0,"NonHeapMemoryUsed":20431784,"OldGenMax":2863661056,"SurvivorInit":11010048,"PermGenCommitted":0,"PermGenMax":0,"OldGenUsed":8192,"EdenSpaceUsed":6688136,"NonHeapMemoryCommitted":21168128,"HeapMemoryInit":268435456,"HeapMemoryCommitted":257425408,"SurvivorMax":11010048,"EdenSpaceCommitted":67108864,"OldGenInit":179306496,"EdenSpaceMax":1409286144,"SurvivorCommitted":11010048,"NonHeapMemoryMax":-1,"NonHeapMemoryInit":2555904,"HeapMemoryUsed":14526272,"EdenSpaceInit":67108864,"PermGenInit":0},"threadMap":{"ThreadCount":25,"TotalStartedThreadCount":28,"DeadLockedThreadCount":0,"ProcessCpuTimeRate":12.10,"DaemonThreadCount":22}},"timestamp":1778724180000,"totalRunningTime":0},{"exeExceptionNum":0,"exeFailedNum":0,"exeLaterNum":0,"exeSuccessNum":0,"jvmMData":{"gcMap":{"FullGCCollectionTime":0,"SpanYoungGCCollectionCount":0,"SpanFullGCCollectionCount":0,"YoungGCCollectionCount":1,"FullGCCollectionCount":0,"SpanYoungGCCollectionTime":0,"YoungGCCollectionTime":18,"SpanFullGCCollectionTime":0},"memoryMap":{"HeapMemoryMax":3817865216,"SurvivorUsed":7829944,"OldGenCommitted":179306496,"PermGenUsed":0,"NonHeapMemoryUsed":21548768,"OldGenMax":2863661056,"SurvivorInit":11010048,"PermGenCommitted":0,"PermGenMax":0,"OldGenUsed":8192,"EdenSpaceUsed":14087256,"NonHeapMemoryCommitted":22413312,"HeapMemoryInit":268435456,"HeapMemoryCommitted":257425408,"SurvivorMax":11010048,"EdenSpaceCommitted":67108864,"OldGenInit":179306496,"EdenSpaceMax":1409286144,"SurvivorCommitted":11010048,"NonHeapMemoryMax":-1,"NonHeapMemoryInit":2555904,"HeapMemoryUsed":21925392,"EdenSpaceInit":67108864,"PermGenInit":0},"threadMap":{"ThreadCount":24,"TotalStartedThreadCount":28,"DeadLockedThreadCount":0,"ProcessCpuTimeRate":3.338,"DaemonThreadCount":21}},"timestamp":1778724240000,"totalRunningTime":0},{"exeExceptionNum":0,"exeFailedNum":0,"exeLaterNum":0,"exeSuccessNum":0,"jvmMData":{"gcMap":{"FullGCCollectionTime":0,"SpanYoungGCCollectionCount":0,"SpanFullGCCollectionCount":0,"YoungGCCollectionCount":1,"FullGCCollectionCount":0,"SpanYoungGCCollectionTime":0,"YoungGCCollectionTime":18,"SpanFullGCCollectionTime":0},"memoryMap":{"HeapMemoryMax":3817865216,"SurvivorUsed":7829944,"OldGenCommitted":179306496,"PermGenUsed":0,"NonHeapMemoryUsed":21989680,"OldGenMax":2863661056,"SurvivorInit":11010048,"PermGenCommitted":0,"PermGenMax":0,"OldGenUsed":8192,"EdenSpaceUsed":16791488,"NonHeapMemoryCommitted":22806528,"HeapMemoryInit":268435456,"HeapMemoryCommitted":257425408,"SurvivorMax":11010048,"EdenSpaceCommitted":67108864,"OldGenInit":179306496,"EdenSpaceMax":1409286144,"SurvivorCommitted":11010048,"NonHeapMemoryMax":-1,"NonHeapMemoryInit":2555904,"HeapMemoryUsed":24629624,"EdenSpaceInit":67108864,"PermGenInit":0},"threadMap":{"ThreadCount":24,"TotalStartedThreadCount":28,"DeadLockedThreadCount":0,"ProcessCpuTimeRate":2.289,"DaemonThreadCount":21}},"timestamp":1778724300000,"totalRunningTime":0},{"exeExceptionNum":0,"exeFailedNum":0,"exeLaterNum":0,"exeSuccessNum":0,"jvmMData":{"gcMap":{"FullGCCollectionTime":0,"SpanYoungGCCollectionCount":0,"SpanFullGCCollectionCount":0,"YoungGCCollectionCount":1,"FullGCCollectionCount":0,"SpanYoungGCCollectionTime":0,"YoungGCCollectionTime":18,"SpanFullGCCollectionTime":0},"memoryMap":{"HeapMemoryMax":3817865216,"SurvivorUsed":7829944,"OldGenCommitted":179306496,"PermGenUsed":0,"NonHeapMemoryUsed":21988632,"OldGenMax":2863661056,"SurvivorInit":11010048,"PermGenCommitted":0,"PermGenMax":0,"OldGenUsed":8192,"EdenSpaceUsed":18808208,"NonHeapMemoryCommitted":23003136,"HeapMemoryInit":268435456,"HeapMemoryCommitted":257425408,"SurvivorMax":11010048,"EdenSpaceCommitted":67108864,"OldGenInit":179306496,"EdenSpaceMax":1409286144,"SurvivorCommitted":11010048,"NonHeapMemoryMax":-1,"NonHeapMemoryInit":2555904,"HeapMemoryUsed":26646344,"EdenSpaceInit":67108864,"PermGenInit":0},"threadMap":{"ThreadCount":24,"TotalStartedThreadCount":28,"DeadLockedThreadCount":0,"ProcessCpuTimeRate":2.171,"DaemonThreadCount":21}},"timestamp":1778724360000,"totalRunningTime":0},{"exeExceptionNum":0,"exeFailedNum":0,"exeLaterNum":0,"exeSuccessNum":0,"jvmMData":{"gcMap":{"FullGCCollectionTime":0,"SpanYoungGCCollectionCount":0,"SpanFullGCCollectionCount":0,"YoungGCCollectionCount":1,"FullGCCollectionCount":0,"SpanYoungGCCollectionTime":0,"YoungGCCollectionTime":18,"SpanFullGCCollectionTime":0},"memoryMap":{"HeapMemoryMax":3817865216,"SurvivorUsed":7829944,"OldGenCommitted":179306496,"PermGenUsed":0,"NonHeapMemoryUsed":22197712,"OldGenMax":2863661056,"SurvivorInit":11010048,"PermGenCommitted":0,"PermGenMax":0,"OldGenUsed":8192,"EdenSpaceUsed":23538952,"NonHeapMemoryCommitted":23003136,"HeapMemoryInit":268435456,"HeapMemoryCommitted":257425408,"SurvivorMax":11010048,"EdenSpaceCommitted":67108864,"OldGenInit":179306496,"EdenSpaceMax":1409286144,"SurvivorCommitted":11010048,"NonHeapMemoryMax":-1,"NonHeapMemoryInit":2555904,"HeapMemoryUsed":31377088,"EdenSpaceInit":67108864,"PermGenInit":0},"threadMap":{"ThreadCount":24,"TotalStartedThreadCount":28,"DeadLockedThreadCount":0,"ProcessCpuTimeRate":2.075,"DaemonThreadCount":21}},"timestamp":1778724420000,"totalRunningTime":0},{"exeExceptionNum":0,"exeFailedNum":0,"exeLaterNum":0,"exeSuccessNum":0,"jvmMData":{"gcMap":{"FullGCCollectionTime":0,"SpanYoungGCCollectionCount":0,"SpanFullGCCollectionCount":0,"YoungGCCollectionCount":1,"FullGCCollectionCount":0,"SpanYoungGCCollectionTime":0,"YoungGCCollectionTime":18,"SpanFullGCCollectionTime":0},"memoryMap":{"HeapMemoryMax":3817865216,"SurvivorUsed":7829944,"OldGenCommitted":179306496,"PermGenUsed":0,"NonHeapMemoryUsed":22475176,"OldGenMax":2863661056,"SurvivorInit":11010048,"PermGenCommitted":0,"PermGenMax":0,"OldGenUsed":8192,"EdenSpaceUsed":25552312,"NonHeapMemoryCommitted":23396352,"HeapMemoryInit":268435456,"HeapMemoryCommitted":257425408,"SurvivorMax":11010048,"EdenSpaceCommitted":67108864,"OldGenInit":179306496,"EdenSpaceMax":1409286144,"SurvivorCommitted":11010048,"NonHeapMemoryMax":-1,"NonHeapMemoryInit":2555904,"HeapMemoryUsed":33390448,"EdenSpaceInit":67108864,"PermGenInit":0},"threadMap":{"ThreadCount":24,"TotalStartedThreadCount":28,"DeadLockedThreadCount":0,"ProcessCpuTimeRate":2.404,"DaemonThreadCount":21}},"timestamp":1778724480000,"totalRunningTime":0},{"exeExceptionNum":0,"exeFailedNum":0,"exeLaterNum":0,"exeSuccessNum":0,"jvmMData":{"gcMap":{"FullGCCollectionTime":0,"SpanYoungGCCollectionCount":0,"SpanFullGCCollectionCount":0,"YoungGCCollectionCount":1,"FullGCCollectionCount":0,"SpanYoungGCCollectionTime":0,"YoungGCCollectionTime":18,"SpanFullGCCollectionTime":0},"memoryMap":{"HeapMemoryMax":3817865216,"SurvivorUsed":7829944,"OldGenCommitted":179306496,"PermGenUsed":0,"NonHeapMemoryUsed":22553792,"OldGenMax":2863661056,"SurvivorInit":11010048,"PermGenCommitted":0,"PermGenMax":0,"OldGenUsed":8192,"EdenSpaceUsed":28276760,"NonHeapMemoryCommitted":23461888,"HeapMemoryInit":268435456,"HeapMemoryCommitted":257425408,"SurvivorMax":11010048,"EdenSpaceCommitted":67108864,"OldGenInit":179306496,"EdenSpaceMax":1409286144,"SurvivorCommitted":11010048,"NonHeapMemoryMax":-1,"NonHeapMemoryInit":2555904,"HeapMemoryUsed":36114896,"EdenSpaceInit":67108864,"PermGenInit":0},"threadMap":{"ThreadCount":24,"TotalStartedThreadCount":28,"DeadLockedThreadCount":0,"ProcessCpuTimeRate":2.029,"DaemonThreadCount":21}},"timestamp":1778724540000,"totalRunningTime":0},{"exeExceptionNum":0,"exeFailedNum":0,"exeLaterNum":0,"exeSuccessNum":0,"jvmMData":{"gcMap":{"FullGCCollectionTime":0,"SpanYoungGCCollectionCount":0,"SpanFullGCCollectionCount":0,"YoungGCCollectionCount":1,"FullGCCollectionCount":0,"SpanYoungGCCollectionTime":0,"YoungGCCollectionTime":18,"SpanFullGCCollectionTime":0},"memoryMap":{"HeapMemoryMax":3817865216,"SurvivorUsed":7829944,"OldGenCommitted":179306496,"PermGenUsed":0,"NonHeapMemoryUsed":22749224,"OldGenMax":2863661056,"SurvivorInit":11010048,"PermGenCommitted":0,"PermGenMax":0,"OldGenUsed":8192,"EdenSpaceUsed":30993144,"NonHeapMemoryCommitted":23592960,"HeapMemoryInit":268435456,"HeapMemoryCommitted":257425408,"SurvivorMax":11010048,"EdenSpaceCommitted":67108864,"OldGenInit":179306496,"EdenSpaceMax":1409286144,"SurvivorCommitted":11010048,"NonHeapMemoryMax":-1,"NonHeapMemoryInit":2555904,"HeapMemoryUsed":38831280,"EdenSpaceInit":67108864,"PermGenInit":0},"threadMap":{"ThreadCount":24,"TotalStartedThreadCount":28,"DeadLockedThreadCount":0,"ProcessCpuTimeRate":1.943,"DaemonThreadCount":21}},"timestamp":1778724600000,"totalRunningTime":0},{"exeExceptionNum":0,"exeFailedNum":0,"exeLaterNum":0,"exeSuccessNum":0,"jvmMData":{"gcMap":{"FullGCCollectionTime":0,"SpanYoungGCCollectionCount":0,"SpanFullGCCollectionCount":0,"YoungGCCollectionCount":1,"FullGCCollectionCount":0,"SpanYoungGCCollectionTime":0,"YoungGCCollectionTime":18,"SpanFullGCCollectionTime":0},"memoryMap":{"HeapMemoryMax":3817865216,"SurvivorUsed":7829944,"OldGenCommitted":179306496,"PermGenUsed":0,"NonHeapMemoryUsed":22875216,"OldGenMax":2863661056,"SurvivorInit":11010048,"PermGenCommitted":0,"PermGenMax":0,"OldGenUsed":8192,"EdenSpaceUsed":34362312,"NonHeapMemoryCommitted":23724032,"HeapMemoryInit":268435456,"HeapMemoryCommitted":257425408,"SurvivorMax":11010048,"EdenSpaceCommitted":67108864,"OldGenInit":179306496,"EdenSpaceMax":1409286144,"SurvivorCommitted":11010048,"NonHeapMemoryMax":-1,"NonHeapMemoryInit":2555904,"HeapMemoryUsed":42200448,"EdenSpaceInit":67108864,"PermGenInit":0},"threadMap":{"ThreadCount":24,"TotalStartedThreadCount":28,"DeadLockedThreadCount":0,"ProcessCpuTimeRate":1.731,"DaemonThreadCount":21}},"timestamp":1778724660000,"totalRunningTime":0},{"exeExceptionNum":0,"exeFailedNum":0,"exeLaterNum":0,"exeSuccessNum":0,"jvmMData":{"gcMap":{"FullGCCollectionTime":0,"SpanYoungGCCollectionCount":0,"SpanFullGCCollectionCount":0,"YoungGCCollectionCount":1,"FullGCCollectionCount":0,"SpanYoungGCCollectionTime":0,"YoungGCCollectionTime":18,"SpanFullGCCollectionTime":0},"memoryMap":{"HeapMemoryMax":3817865216,"SurvivorUsed":7829944,"OldGenCommitted":179306496,"PermGenUsed":0,"NonHeapMemoryUsed":23121600,"OldGenMax":2863661056,"SurvivorInit":11010048,"PermGenCommitted":0,"PermGenMax":0,"OldGenUsed":8192,"EdenSpaceUsed":36375672,"NonHeapMemoryCommitted":24051712,"HeapMemoryInit":268435456,"HeapMemoryCommitted":257425408,"SurvivorMax":11010048,"EdenSpaceCommitted":67108864,"OldGenInit":179306496,"EdenSpaceMax":1409286144,"SurvivorCommitted":11010048,"NonHeapMemoryMax":-1,"NonHeapMemoryInit":2555904,"HeapMemoryUsed":44213808,"EdenSpaceInit":67108864,"PermGenInit":0},"threadMap":{"ThreadCount":24,"TotalStartedThreadCount":28,"DeadLockedThreadCount":0,"ProcessCpuTimeRate":2.058,"DaemonThreadCount":21}},"timestamp":1778724720000,"totalRunningTime":0}], lts version: 1.7.3-SNAPSHOT, current host: 192.168.64.1
[lts] 2026-05-14 10:37:00,738 DEBUG [pool-1-thread-4] com.github.ltsopensource.core.logger.slf4j.Slf4jLogger.debug(32) | Add Monitor Data success, mNode={"identity":"JT_192.168.64.1_19709_10-02-49.861_1","nodeGroup":"lts","nodeType":"JOB_TRACKER"}, mData=[{"exeExceptionNum":0,"exeFailedNum":0,"exeLaterNum":0,"exeSuccessNum":0,"fixExecutingJobNum":0,"jvmMData":{"gcMap":{"FullGCCollectionTime":14,"SpanYoungGCCollectionCount":0,"SpanFullGCCollectionCount":0,"YoungGCCollectionCount":2,"FullGCCollectionCount":1,"SpanYoungGCCollectionTime":0,"YoungGCCollectionTime":39,"SpanFullGCCollectionTime":0},"memoryMap":{"HeapMemoryMax":3817865216,"SurvivorUsed":0,"OldGenCommitted":86507520,"PermGenUsed":0,"NonHeapMemoryUsed":30571448,"OldGenMax":2863661056,"SurvivorInit":11010048,"PermGenCommitted":0,"PermGenMax":0,"OldGenUsed":7197256,"EdenSpaceUsed":27307064,"NonHeapMemoryCommitted":31637504,"HeapMemoryInit":268435456,"HeapMemoryCommitted":231735296,"SurvivorMax":11010048,"EdenSpaceCommitted":134217728,"OldGenInit":179306496,"EdenSpaceMax":1409286144,"SurvivorCommitted":11010048,"NonHeapMemoryMax":-1,"NonHeapMemoryInit":2555904,"HeapMemoryUsed":34504320,"EdenSpaceInit":67108864,"PermGenInit":0},"threadMap":{"ThreadCount":30,"TotalStartedThreadCount":34,"DeadLockedThreadCount":0,"ProcessCpuTimeRate":5.441,"DaemonThreadCount":27}},"pushJobNum":0,"receiveJobNum":0,"timestamp":1778724120000},{"exeExceptionNum":0,"exeFailedNum":0,"exeLaterNum":0,"exeSuccessNum":0,"fixExecutingJobNum":0,"jvmMData":{"gcMap":{"FullGCCollectionTime":14,"SpanYoungGCCollectionCount":0,"SpanFullGCCollectionCount":0,"YoungGCCollectionCount":2,"FullGCCollectionCount":1,"SpanYoungGCCollectionTime":0,"YoungGCCollectionTime":39,"SpanFullGCCollectionTime":0},"memoryMap":{"HeapMemoryMax":3817865216,"SurvivorUsed":0,"OldGenCommitted":86507520,"PermGenUsed":0,"NonHeapMemoryUsed":31927272,"OldGenMax":2863661056,"SurvivorInit":11010048,"PermGenCommitted":0,"PermGenMax":0,"OldGenUsed":7197256,"EdenSpaceUsed":41404560,"NonHeapMemoryCommitted":32899072,"HeapMemoryInit":268435456,"HeapMemoryCommitted":231735296,"SurvivorMax":11010048,"EdenSpaceCommitted":134217728,"OldGenInit":179306496,"EdenSpaceMax":1409286144,"SurvivorCommitted":11010048,"NonHeapMemoryMax":-1,"NonHeapMemoryInit":2555904,"HeapMemoryUsed":48601816,"EdenSpaceInit":67108864,"PermGenInit":0},"threadMap":{"ThreadCount":41,"TotalStartedThreadCount":49,"DeadLockedThreadCount":0,"ProcessCpuTimeRate":3.235,"DaemonThreadCount":37}},"pushJobNum":0,"receiveJobNum":0,"timestamp":1778724180000},{"exeExceptionNum":0,"exeFailedNum":0,"exeLaterNum":0,"exeSuccessNum":0,"fixExecutingJobNum":0,"jvmMData":{"gcMap":{"FullGCCollectionTime":14,"SpanYoungGCCollectionCount":1,"SpanFullGCCollectionCount":0,"YoungGCCollectionCount":3,"FullGCCollectionCount":1,"SpanYoungGCCollectionTime":14,"YoungGCCollectionTime":53,"SpanFullGCCollectionTime":0},"memoryMap":{"HeapMemoryMax":3817865216,"SurvivorUsed":2341800,"OldGenCommitted":86507520,"PermGenUsed":0,"NonHeapMemoryUsed":33150888,"OldGenMax":2863661056,"SurvivorInit":11010048,"PermGenCommitted":0,"PermGenMax":0,"OldGenUsed":7205448,"EdenSpaceUsed":20897976,"NonHeapMemoryCommitted":34275328,"HeapMemoryInit":268435456,"HeapMemoryCommitted":231735296,"SurvivorMax":11010048,"EdenSpaceCommitted":134217728,"OldGenInit":179306496,"EdenSpaceMax":1409286144,"SurvivorCommitted":11010048,"NonHeapMemoryMax":-1,"NonHeapMemoryInit":2555904,"HeapMemoryUsed":30445224,"EdenSpaceInit":67108864,"PermGenInit":0},"threadMap":{"ThreadCount":196,"TotalStartedThreadCount":262,"DeadLockedThreadCount":0,"ProcessCpuTimeRate":6.438,"DaemonThreadCount":192}},"pushJobNum":0,"receiveJobNum":0,"timestamp":1778724240000},{"exeExceptionNum":0,"exeFailedNum":0,"exeLaterNum":0,"exeSuccessNum":0,"fixExecutingJobNum":0,"jvmMData":{"gcMap":{"FullGCCollectionTime":14,"SpanYoungGCCollectionCount":0,"SpanFullGCCollectionCount":0,"YoungGCCollectionCount":3,"FullGCCollectionCount":1,"SpanYoungGCCollectionTime":0,"YoungGCCollectionTime":53,"SpanFullGCCollectionTime":0},"memoryMap":{"HeapMemoryMax":3817865216,"SurvivorUsed":2341800,"OldGenCommitted":86507520,"PermGenUsed":0,"NonHeapMemoryUsed":34708688,"OldGenMax":2863661056,"SurvivorInit":11010048,"PermGenCommitted":0,"PermGenMax":0,"OldGenUsed":7205448,"EdenSpaceUsed":60142632,"NonHeapMemoryCommitted":35782656,"HeapMemoryInit":268435456,"HeapMemoryCommitted":231735296,"SurvivorMax":11010048,"EdenSpaceCommitted":134217728,"OldGenInit":179306496,"EdenSpaceMax":1409286144,"SurvivorCommitted":11010048,"NonHeapMemoryMax":-1,"NonHeapMemoryInit":2555904,"HeapMemoryUsed":69689880,"EdenSpaceInit":67108864,"PermGenInit":0},"threadMap":{"ThreadCount":215,"TotalStartedThreadCount":340,"DeadLockedThreadCount":0,"ProcessCpuTimeRate":4.987,"DaemonThreadCount":211}},"pushJobNum":0,"receiveJobNum":0,"timestamp":1778724300000},{"exeExceptionNum":0,"exeFailedNum":0,"exeLaterNum":0,"exeSuccessNum":0,"fixExecutingJobNum":0,"jvmMData":{"gcMap":{"FullGCCollectionTime":14,"SpanYoungGCCollectionCount":0,"SpanFullGCCollectionCount":0,"YoungGCCollectionCount":3,"FullGCCollectionCount":1,"SpanYoungGCCollectionTime":0,"YoungGCCollectionTime":53,"SpanFullGCCollectionTime":0},"memoryMap":{"HeapMemoryMax":3817865216,"SurvivorUsed":2341800,"OldGenCommitted":86507520,"PermGenUsed":0,"NonHeapMemoryUsed":35370336,"OldGenMax":2863661056,"SurvivorInit":11010048,"PermGenCommitted":0,"PermGenMax":0,"OldGenUsed":7205448,"EdenSpaceUsed":69433392,"NonHeapMemoryCommitted":36372480,"HeapMemoryInit":268435456,"HeapMemoryCommitted":231735296,"SurvivorMax":11010048,"EdenSpaceCommitted":134217728,"OldGenInit":179306496,"EdenSpaceMax":1409286144,"SurvivorCommitted":11010048,"NonHeapMemoryMax":-1,"NonHeapMemoryInit":2555904,"HeapMemoryUsed":78980640,"EdenSpaceInit":67108864,"PermGenInit":0},"threadMap":{"ThreadCount":215,"TotalStartedThreadCount":400,"DeadLockedThreadCount":0,"ProcessCpuTimeRate":4.004,"DaemonThreadCount":211}},"pushJobNum":0,"receiveJobNum":0,"timestamp":1778724360000},{"exeExceptionNum":0,"exeFailedNum":0,"exeLaterNum":0,"exeSuccessNum":0,"fixExecutingJobNum":0,"jvmMData":{"gcMap":{"FullGCCollectionTime":14,"SpanYoungGCCollectionCount":0,"SpanFullGCCollectionCount":0,"YoungGCCollectionCount":3,"FullGCCollectionCount":1,"SpanYoungGCCollectionTime":0,"YoungGCCollectionTime":53,"SpanFullGCCollectionTime":0},"memoryMap":{"HeapMemoryMax":3817865216,"SurvivorUsed":2341800,"OldGenCommitted":86507520,"PermGenUsed":0,"NonHeapMemoryUsed":36527472,"OldGenMax":2863661056,"SurvivorInit":11010048,"PermGenCommitted":0,"PermGenMax":0,"OldGenUsed":7205448,"EdenSpaceUsed":75563112,"NonHeapMemoryCommitted":37552128,"HeapMemoryInit":268435456,"HeapMemoryCommitted":231735296,"SurvivorMax":11010048,"EdenSpaceCommitted":134217728,"OldGenInit":179306496,"EdenSpaceMax":1409286144,"SurvivorCommitted":11010048,"NonHeapMemoryMax":-1,"NonHeapMemoryInit":2555904,"HeapMemoryUsed":85110360,"EdenSpaceInit":67108864,"PermGenInit":0},"threadMap":{"ThreadCount":215,"TotalStartedThreadCount":460,"DeadLockedThreadCount":0,"ProcessCpuTimeRate":5.054,"DaemonThreadCount":211}},"pushJobNum":0,"receiveJobNum":0,"timestamp":1778724420000},{"exeExceptionNum":0,"exeFailedNum":0,"exeLaterNum":0,"exeSuccessNum":0,"fixExecutingJobNum":0,"jvmMData":{"gcMap":{"FullGCCollectionTime":14,"SpanYoungGCCollectionCount":0,"SpanFullGCCollectionCount":0,"YoungGCCollectionCount":3,"FullGCCollectionCount":1,"SpanYoungGCCollectionTime":0,"YoungGCCollectionTime":53,"SpanFullGCCollectionTime":0},"memoryMap":{"HeapMemoryMax":3817865216,"SurvivorUsed":2341800,"OldGenCommitted":86507520,"PermGenUsed":0,"NonHeapMemoryUsed":37098240,"OldGenMax":2863661056,"SurvivorInit":11010048,"PermGenCommitted":0,"PermGenMax":0,"OldGenUsed":7205448,"EdenSpaceUsed":81165552,"NonHeapMemoryCommitted":38010880,"HeapMemoryInit":268435456,"HeapMemoryCommitted":231735296,"SurvivorMax":11010048,"EdenSpaceCommitted":134217728,"OldGenInit":179306496,"EdenSpaceMax":1409286144,"SurvivorCommitted":11010048,"NonHeapMemoryMax":-1,"NonHeapMemoryInit":2555904,"HeapMemoryUsed":90712800,"EdenSpaceInit":67108864,"PermGenInit":0},"threadMap":{"ThreadCount":215,"TotalStartedThreadCount":518,"DeadLockedThreadCount":0,"ProcessCpuTimeRate":4.220,"DaemonThreadCount":211}},"pushJobNum":0,"receiveJobNum":0,"timestamp":1778724480000},{"exeExceptionNum":0,"exeFailedNum":0,"exeLaterNum":0,"exeSuccessNum":0,"fixExecutingJobNum":0,"jvmMData":{"gcMap":{"FullGCCollectionTime":14,"SpanYoungGCCollectionCount":0,"SpanFullGCCollectionCount":0,"YoungGCCollectionCount":3,"FullGCCollectionCount":1,"SpanYoungGCCollectionTime":0,"YoungGCCollectionTime":53,"SpanFullGCCollectionTime":0},"memoryMap":{"HeapMemoryMax":3817865216,"SurvivorUsed":2341800,"OldGenCommitted":86507520,"PermGenUsed":0,"NonHeapMemoryUsed":37775888,"OldGenMax":2863661056,"SurvivorInit":11010048,"PermGenCommitted":0,"PermGenMax":0,"OldGenUsed":7205448,"EdenSpaceUsed":87675712,"NonHeapMemoryCommitted":38797312,"HeapMemoryInit":268435456,"HeapMemoryCommitted":231735296,"SurvivorMax":11010048,"EdenSpaceCommitted":134217728,"OldGenInit":179306496,"EdenSpaceMax":1409286144,"SurvivorCommitted":11010048,"NonHeapMemoryMax":-1,"NonHeapMemoryInit":2555904,"HeapMemoryUsed":97222960,"EdenSpaceInit":67108864,"PermGenInit":0},"threadMap":{"ThreadCount":215,"TotalStartedThreadCount":578,"DeadLockedThreadCount":0,"ProcessCpuTimeRate":3.795,"DaemonThreadCount":211}},"pushJobNum":0,"receiveJobNum":0,"timestamp":1778724540000},{"exeExceptionNum":0,"exeFailedNum":0,"exeLaterNum":0,"exeSuccessNum":0,"fixExecutingJobNum":0,"jvmMData":{"gcMap":{"FullGCCollectionTime":14,"SpanYoungGCCollectionCount":0,"SpanFullGCCollectionCount":0,"YoungGCCollectionCount":3,"FullGCCollectionCount":1,"SpanYoungGCCollectionTime":0,"YoungGCCollectionTime":53,"SpanFullGCCollectionTime":0},"memoryMap":{"HeapMemoryMax":3817865216,"SurvivorUsed":2341800,"OldGenCommitted":86507520,"PermGenUsed":0,"NonHeapMemoryUsed":38210672,"OldGenMax":2863661056,"SurvivorInit":11010048,"PermGenCommitted":0,"PermGenMax":0,"OldGenUsed":7205448,"EdenSpaceUsed":94224568,"NonHeapMemoryCommitted":39190528,"HeapMemoryInit":268435456,"HeapMemoryCommitted":231735296,"SurvivorMax":11010048,"EdenSpaceCommitted":134217728,"OldGenInit":179306496,"EdenSpaceMax":1409286144,"SurvivorCommitted":11010048,"NonHeapMemoryMax":-1,"NonHeapMemoryInit":2555904,"HeapMemoryUsed":103771816,"EdenSpaceInit":67108864,"PermGenInit":0},"threadMap":{"ThreadCount":215,"TotalStartedThreadCount":638,"DeadLockedThreadCount":0,"ProcessCpuTimeRate":3.745,"DaemonThreadCount":211}},"pushJobNum":0,"receiveJobNum":0,"timestamp":1778724600000},{"exeExceptionNum":0,"exeFailedNum":0,"exeLaterNum":0,"exeSuccessNum":0,"fixExecutingJobNum":0,"jvmMData":{"gcMap":{"FullGCCollectionTime":14,"SpanYoungGCCollectionCount":0,"SpanFullGCCollectionCount":0,"YoungGCCollectionCount":3,"FullGCCollectionCount":1,"SpanYoungGCCollectionTime":0,"YoungGCCollectionTime":53,"SpanFullGCCollectionTime":0},"memoryMap":{"HeapMemoryMax":3817865216,"SurvivorUsed":2341800,"OldGenCommitted":86507520,"PermGenUsed":0,"NonHeapMemoryUsed":38465144,"OldGenMax":2863661056,"SurvivorInit":11010048,"PermGenCommitted":0,"PermGenMax":0,"OldGenUsed":7205448,"EdenSpaceUsed":101464760,"NonHeapMemoryCommitted":39649280,"HeapMemoryInit":268435456,"HeapMemoryCommitted":231735296,"SurvivorMax":11010048,"EdenSpaceCommitted":134217728,"OldGenInit":179306496,"EdenSpaceMax":1409286144,"SurvivorCommitted":11010048,"NonHeapMemoryMax":-1,"NonHeapMemoryInit":2555904,"HeapMemoryUsed":111012008,"EdenSpaceInit":67108864,"PermGenInit":0},"threadMap":{"ThreadCount":215,"TotalStartedThreadCount":696,"DeadLockedThreadCount":0,"ProcessCpuTimeRate":3.330,"DaemonThreadCount":211}},"pushJobNum":0,"receiveJobNum":0,"timestamp":1778724660000}], lts version: 1.7.3-SNAPSHOT, current host: 192.168.64.1
[lts] 2026-05-14 10:38:00,856 DEBUG [pool-1-thread-6] com.github.ltsopensource.core.logger.slf4j.Slf4jLogger.debug(32) | 
    INSERT 
    INTO
        `
        lts_admin_task_tracker_monitor_data`(
            `gmt_created`, `node_group`, `identity`, `timestamp`, `exe_success_num`, `exe_failed_num`, `exe_later_num`, `exe_exception_num`, `total_running_time`
        ) 
    VALUES
        (?,?,?,?,?,?,?,?,?), lts version: 1.7.3-SNAPSHOT, current host: 192.168.64.1
[lts] 2026-05-14 10:38:00,882 DEBUG [pool-1-thread-5] com.github.ltsopensource.core.logger.slf4j.Slf4jLogger.debug(32) | 
    INSERT 
    INTO
        `
        lts_admin_job_tracker_monitor_data`(
            `gmt_created`, `identity`, `timestamp`, `receive_job_num`, `push_job_num`, `exe_success_num`, `exe_failed_num`, `exe_later_num`, `exe_exception_num`, `fix_executing_job_num`
        ) 
    VALUES
        (?,?,?,?,?,?,?,?,?,?), lts version: 1.7.3-SNAPSHOT, current host: 192.168.64.1
[lts] 2026-05-14 10:38:00,906 DEBUG [pool-1-thread-6] com.github.ltsopensource.core.logger.slf4j.Slf4jLogger.debug(32) | 
    INSERT 
    INTO
        `
        lts_admin_jvm_gc`(
            `gmt_created`, `identity`, `timestamp`, `node_type`, `node_group`, `young_gc_collection_count`, `young_gc_collection_time`, `full_gc_collection_count`, `full_gc_collection_time`, `span_young_gc_collection_count`, `span_young_gc_collection_time`, `span_full_gc_collection_count`, `span_full_gc_collection_time`
        ) 
    VALUES
        (?,?,?,?,?,?,?,?,?,?,?,?,?), lts version: 1.7.3-SNAPSHOT, current host: 192.168.64.1
[lts] 2026-05-14 10:38:00,911 DEBUG [pool-1-thread-5] com.github.ltsopensource.core.logger.slf4j.Slf4jLogger.debug(32) | 
    INSERT 
    INTO
        `
        lts_admin_jvm_gc`(
            `gmt_created`, `identity`, `timestamp`, `node_type`, `node_group`, `young_gc_collection_count`, `young_gc_collection_time`, `full_gc_collection_count`, `full_gc_collection_time`, `span_young_gc_collection_count`, `span_young_gc_collection_time`, `span_full_gc_collection_count`, `span_full_gc_collection_time`
        ) 
    VALUES
        (?,?,?,?,?,?,?,?,?,?,?,?,?), lts version: 1.7.3-SNAPSHOT, current host: 192.168.64.1
[lts] 2026-05-14 10:38:00,923 DEBUG [pool-1-thread-6] com.github.ltsopensource.core.logger.slf4j.Slf4jLogger.debug(32) | 
    INSERT 
    INTO
        `
        lts_admin_jvm_memory`(
            `gmt_created`, `identity`, `timestamp`, `node_type`, `node_group`, `heap_memory_committed`, `heap_memory_init`, `heap_memory_max`, `heap_memory_used`, `non_heap_memory_committed`, `non_heap_memory_init`, `non_heap_memory_max`, `non_heap_memory_used`, `perm_gen_committed`, `perm_gen_init`, `perm_gen_max`, `perm_gen_used`, `old_gen_committed`, `old_gen_init`, `old_gen_max`, `old_gen_used`, `eden_space_committed`, `eden_space_init`, `eden_space_max`, `eden_space_used`, `survivor_committed`, `survivor_init`, `survivor_max`, `survivor_used`
        ) 
    VALUES
        (?,?,?,?,?,?,?,?,?,?,?,?,?,?,?,?,?,?,?,?,?,?,?,?,?,?,?,?,?), lts version: 1.7.3-SNAPSHOT, current host: 192.168.64.1
[lts] 2026-05-14 10:38:00,927 DEBUG [pool-1-thread-5] com.github.ltsopensource.core.logger.slf4j.Slf4jLogger.debug(32) | 
    INSERT 
    INTO
        `
        lts_admin_jvm_memory`(
            `gmt_created`, `identity`, `timestamp`, `node_type`, `node_group`, `heap_memory_committed`, `heap_memory_init`, `heap_memory_max`, `heap_memory_used`, `non_heap_memory_committed`, `non_heap_memory_init`, `non_heap_memory_max`, `non_heap_memory_used`, `perm_gen_committed`, `perm_gen_init`, `perm_gen_max`, `perm_gen_used`, `old_gen_committed`, `old_gen_init`, `old_gen_max`, `old_gen_used`, `eden_space_committed`, `eden_space_init`, `eden_space_max`, `eden_space_used`, `survivor_committed`, `survivor_init`, `survivor_max`, `survivor_used`
        ) 
    VALUES
        (?,?,?,?,?,?,?,?,?,?,?,?,?,?,?,?,?,?,?,?,?,?,?,?,?,?,?,?,?), lts version: 1.7.3-SNAPSHOT, current host: 192.168.64.1
[lts] 2026-05-14 10:38:00,944 DEBUG [pool-1-thread-6] com.github.ltsopensource.core.logger.slf4j.Slf4jLogger.debug(32) | 
    INSERT 
    INTO
        `
        lts_admin_jvm_thread`(
            `gmt_created`, `identity`, `timestamp`, `node_type`, `node_group`, `daemon_thread_count`, `thread_count`, `total_started_thread_count`, `dead_locked_thread_count`, `process_cpu_time_rate`
        ) 
    VALUES
        (?,?,?,?,?,?,?,?,?,?), lts version: 1.7.3-SNAPSHOT, current host: 192.168.64.1
[lts] 2026-05-14 10:38:00,947 DEBUG [pool-1-thread-5] com.github.ltsopensource.core.logger.slf4j.Slf4jLogger.debug(32) | 
    INSERT 
    INTO
        `
        lts_admin_jvm_thread`(
            `gmt_created`, `identity`, `timestamp`, `node_type`, `node_group`, `daemon_thread_count`, `thread_count`, `total_started_thread_count`, `dead_locked_thread_count`, `process_cpu_time_rate`
        ) 
    VALUES
        (?,?,?,?,?,?,?,?,?,?), lts version: 1.7.3-SNAPSHOT, current host: 192.168.64.1
[lts] 2026-05-14 10:38:00,965 DEBUG [pool-1-thread-5] com.github.ltsopensource.core.logger.slf4j.Slf4jLogger.debug(32) | Add Monitor Data success, mNode={"identity":"JT_192.168.64.1_19709_10-02-49.861_1","nodeGroup":"lts","nodeType":"JOB_TRACKER"}, mData=[{"exeExceptionNum":0,"exeFailedNum":0,"exeLaterNum":0,"exeSuccessNum":0,"fixExecutingJobNum":0,"jvmMData":{"gcMap":{"FullGCCollectionTime":14,"SpanYoungGCCollectionCount":0,"SpanFullGCCollectionCount":0,"YoungGCCollectionCount":2,"FullGCCollectionCount":1,"SpanYoungGCCollectionTime":0,"YoungGCCollectionTime":39,"SpanFullGCCollectionTime":0},"memoryMap":{"HeapMemoryMax":3817865216,"SurvivorUsed":0,"OldGenCommitted":86507520,"PermGenUsed":0,"NonHeapMemoryUsed":30571448,"OldGenMax":2863661056,"SurvivorInit":11010048,"PermGenCommitted":0,"PermGenMax":0,"OldGenUsed":7197256,"EdenSpaceUsed":27307064,"NonHeapMemoryCommitted":31637504,"HeapMemoryInit":268435456,"HeapMemoryCommitted":231735296,"SurvivorMax":11010048,"EdenSpaceCommitted":134217728,"OldGenInit":179306496,"EdenSpaceMax":1409286144,"SurvivorCommitted":11010048,"NonHeapMemoryMax":-1,"NonHeapMemoryInit":2555904,"HeapMemoryUsed":34504320,"EdenSpaceInit":67108864,"PermGenInit":0},"threadMap":{"ThreadCount":30,"TotalStartedThreadCount":34,"DeadLockedThreadCount":0,"ProcessCpuTimeRate":5.441,"DaemonThreadCount":27}},"pushJobNum":0,"receiveJobNum":0,"timestamp":1778724120000},{"exeExceptionNum":0,"exeFailedNum":0,"exeLaterNum":0,"exeSuccessNum":0,"fixExecutingJobNum":0,"jvmMData":{"gcMap":{"FullGCCollectionTime":14,"SpanYoungGCCollectionCount":0,"SpanFullGCCollectionCount":0,"YoungGCCollectionCount":2,"FullGCCollectionCount":1,"SpanYoungGCCollectionTime":0,"YoungGCCollectionTime":39,"SpanFullGCCollectionTime":0},"memoryMap":{"HeapMemoryMax":3817865216,"SurvivorUsed":0,"OldGenCommitted":86507520,"PermGenUsed":0,"NonHeapMemoryUsed":31927272,"OldGenMax":2863661056,"SurvivorInit":11010048,"PermGenCommitted":0,"PermGenMax":0,"OldGenUsed":7197256,"EdenSpaceUsed":41404560,"NonHeapMemoryCommitted":32899072,"HeapMemoryInit":268435456,"HeapMemoryCommitted":231735296,"SurvivorMax":11010048,"EdenSpaceCommitted":134217728,"OldGenInit":179306496,"EdenSpaceMax":1409286144,"SurvivorCommitted":11010048,"NonHeapMemoryMax":-1,"NonHeapMemoryInit":2555904,"HeapMemoryUsed":48601816,"EdenSpaceInit":67108864,"PermGenInit":0},"threadMap":{"ThreadCount":41,"TotalStartedThreadCount":49,"DeadLockedThreadCount":0,"ProcessCpuTimeRate":3.235,"DaemonThreadCount":37}},"pushJobNum":0,"receiveJobNum":0,"timestamp":1778724180000},{"exeExceptionNum":0,"exeFailedNum":0,"exeLaterNum":0,"exeSuccessNum":0,"fixExecutingJobNum":0,"jvmMData":{"gcMap":{"FullGCCollectionTime":14,"SpanYoungGCCollectionCount":1,"SpanFullGCCollectionCount":0,"YoungGCCollectionCount":3,"FullGCCollectionCount":1,"SpanYoungGCCollectionTime":14,"YoungGCCollectionTime":53,"SpanFullGCCollectionTime":0},"memoryMap":{"HeapMemoryMax":3817865216,"SurvivorUsed":2341800,"OldGenCommitted":86507520,"PermGenUsed":0,"NonHeapMemoryUsed":33150888,"OldGenMax":2863661056,"SurvivorInit":11010048,"PermGenCommitted":0,"PermGenMax":0,"OldGenUsed":7205448,"EdenSpaceUsed":20897976,"NonHeapMemoryCommitted":34275328,"HeapMemoryInit":268435456,"HeapMemoryCommitted":231735296,"SurvivorMax":11010048,"EdenSpaceCommitted":134217728,"OldGenInit":179306496,"EdenSpaceMax":1409286144,"SurvivorCommitted":11010048,"NonHeapMemoryMax":-1,"NonHeapMemoryInit":2555904,"HeapMemoryUsed":30445224,"EdenSpaceInit":67108864,"PermGenInit":0},"threadMap":{"ThreadCount":196,"TotalStartedThreadCount":262,"DeadLockedThreadCount":0,"ProcessCpuTimeRate":6.438,"DaemonThreadCount":192}},"pushJobNum":0,"receiveJobNum":0,"timestamp":1778724240000},{"exeExceptionNum":0,"exeFailedNum":0,"exeLaterNum":0,"exeSuccessNum":0,"fixExecutingJobNum":0,"jvmMData":{"gcMap":{"FullGCCollectionTime":14,"SpanYoungGCCollectionCount":0,"SpanFullGCCollectionCount":0,"YoungGCCollectionCount":3,"FullGCCollectionCount":1,"SpanYoungGCCollectionTime":0,"YoungGCCollectionTime":53,"SpanFullGCCollectionTime":0},"memoryMap":{"HeapMemoryMax":3817865216,"SurvivorUsed":2341800,"OldGenCommitted":86507520,"PermGenUsed":0,"NonHeapMemoryUsed":34708688,"OldGenMax":2863661056,"SurvivorInit":11010048,"PermGenCommitted":0,"PermGenMax":0,"OldGenUsed":7205448,"EdenSpaceUsed":60142632,"NonHeapMemoryCommitted":35782656,"HeapMemoryInit":268435456,"HeapMemoryCommitted":231735296,"SurvivorMax":11010048,"EdenSpaceCommitted":134217728,"OldGenInit":179306496,"EdenSpaceMax":1409286144,"SurvivorCommitted":11010048,"NonHeapMemoryMax":-1,"NonHeapMemoryInit":2555904,"HeapMemoryUsed":69689880,"EdenSpaceInit":67108864,"PermGenInit":0},"threadMap":{"ThreadCount":215,"TotalStartedThreadCount":340,"DeadLockedThreadCount":0,"ProcessCpuTimeRate":4.987,"DaemonThreadCount":211}},"pushJobNum":0,"receiveJobNum":0,"timestamp":1778724300000},{"exeExceptionNum":0,"exeFailedNum":0,"exeLaterNum":0,"exeSuccessNum":0,"fixExecutingJobNum":0,"jvmMData":{"gcMap":{"FullGCCollectionTime":14,"SpanYoungGCCollectionCount":0,"SpanFullGCCollectionCount":0,"YoungGCCollectionCount":3,"FullGCCollectionCount":1,"SpanYoungGCCollectionTime":0,"YoungGCCollectionTime":53,"SpanFullGCCollectionTime":0},"memoryMap":{"HeapMemoryMax":3817865216,"SurvivorUsed":2341800,"OldGenCommitted":86507520,"PermGenUsed":0,"NonHeapMemoryUsed":35370336,"OldGenMax":2863661056,"SurvivorInit":11010048,"PermGenCommitted":0,"PermGenMax":0,"OldGenUsed":7205448,"EdenSpaceUsed":69433392,"NonHeapMemoryCommitted":36372480,"HeapMemoryInit":268435456,"HeapMemoryCommitted":231735296,"SurvivorMax":11010048,"EdenSpaceCommitted":134217728,"OldGenInit":179306496,"EdenSpaceMax":1409286144,"SurvivorCommitted":11010048,"NonHeapMemoryMax":-1,"NonHeapMemoryInit":2555904,"HeapMemoryUsed":78980640,"EdenSpaceInit":67108864,"PermGenInit":0},"threadMap":{"ThreadCount":215,"TotalStartedThreadCount":400,"DeadLockedThreadCount":0,"ProcessCpuTimeRate":4.004,"DaemonThreadCount":211}},"pushJobNum":0,"receiveJobNum":0,"timestamp":1778724360000},{"exeExceptionNum":0,"exeFailedNum":0,"exeLaterNum":0,"exeSuccessNum":0,"fixExecutingJobNum":0,"jvmMData":{"gcMap":{"FullGCCollectionTime":14,"SpanYoungGCCollectionCount":0,"SpanFullGCCollectionCount":0,"YoungGCCollectionCount":3,"FullGCCollectionCount":1,"SpanYoungGCCollectionTime":0,"YoungGCCollectionTime":53,"SpanFullGCCollectionTime":0},"memoryMap":{"HeapMemoryMax":3817865216,"SurvivorUsed":2341800,"OldGenCommitted":86507520,"PermGenUsed":0,"NonHeapMemoryUsed":36527472,"OldGenMax":2863661056,"SurvivorInit":11010048,"PermGenCommitted":0,"PermGenMax":0,"OldGenUsed":7205448,"EdenSpaceUsed":75563112,"NonHeapMemoryCommitted":37552128,"HeapMemoryInit":268435456,"HeapMemoryCommitted":231735296,"SurvivorMax":11010048,"EdenSpaceCommitted":134217728,"OldGenInit":179306496,"EdenSpaceMax":1409286144,"SurvivorCommitted":11010048,"NonHeapMemoryMax":-1,"NonHeapMemoryInit":2555904,"HeapMemoryUsed":85110360,"EdenSpaceInit":67108864,"PermGenInit":0},"threadMap":{"ThreadCount":215,"TotalStartedThreadCount":460,"DeadLockedThreadCount":0,"ProcessCpuTimeRate":5.054,"DaemonThreadCount":211}},"pushJobNum":0,"receiveJobNum":0,"timestamp":1778724420000},{"exeExceptionNum":0,"exeFailedNum":0,"exeLaterNum":0,"exeSuccessNum":0,"fixExecutingJobNum":0,"jvmMData":{"gcMap":{"FullGCCollectionTime":14,"SpanYoungGCCollectionCount":0,"SpanFullGCCollectionCount":0,"YoungGCCollectionCount":3,"FullGCCollectionCount":1,"SpanYoungGCCollectionTime":0,"YoungGCCollectionTime":53,"SpanFullGCCollectionTime":0},"memoryMap":{"HeapMemoryMax":3817865216,"SurvivorUsed":2341800,"OldGenCommitted":86507520,"PermGenUsed":0,"NonHeapMemoryUsed":37098240,"OldGenMax":2863661056,"SurvivorInit":11010048,"PermGenCommitted":0,"PermGenMax":0,"OldGenUsed":7205448,"EdenSpaceUsed":81165552,"NonHeapMemoryCommitted":38010880,"HeapMemoryInit":268435456,"HeapMemoryCommitted":231735296,"SurvivorMax":11010048,"EdenSpaceCommitted":134217728,"OldGenInit":179306496,"EdenSpaceMax":1409286144,"SurvivorCommitted":11010048,"NonHeapMemoryMax":-1,"NonHeapMemoryInit":2555904,"HeapMemoryUsed":90712800,"EdenSpaceInit":67108864,"PermGenInit":0},"threadMap":{"ThreadCount":215,"TotalStartedThreadCount":518,"DeadLockedThreadCount":0,"ProcessCpuTimeRate":4.220,"DaemonThreadCount":211}},"pushJobNum":0,"receiveJobNum":0,"timestamp":1778724480000},{"exeExceptionNum":0,"exeFailedNum":0,"exeLaterNum":0,"exeSuccessNum":0,"fixExecutingJobNum":0,"jvmMData":{"gcMap":{"FullGCCollectionTime":14,"SpanYoungGCCollectionCount":0,"SpanFullGCCollectionCount":0,"YoungGCCollectionCount":3,"FullGCCollectionCount":1,"SpanYoungGCCollectionTime":0,"YoungGCCollectionTime":53,"SpanFullGCCollectionTime":0},"memoryMap":{"HeapMemoryMax":3817865216,"SurvivorUsed":2341800,"OldGenCommitted":86507520,"PermGenUsed":0,"NonHeapMemoryUsed":37775888,"OldGenMax":2863661056,"SurvivorInit":11010048,"PermGenCommitted":0,"PermGenMax":0,"OldGenUsed":7205448,"EdenSpaceUsed":87675712,"NonHeapMemoryCommitted":38797312,"HeapMemoryInit":268435456,"HeapMemoryCommitted":231735296,"SurvivorMax":11010048,"EdenSpaceCommitted":134217728,"OldGenInit":179306496,"EdenSpaceMax":1409286144,"SurvivorCommitted":11010048,"NonHeapMemoryMax":-1,"NonHeapMemoryInit":2555904,"HeapMemoryUsed":97222960,"EdenSpaceInit":67108864,"PermGenInit":0},"threadMap":{"ThreadCount":215,"TotalStartedThreadCount":578,"DeadLockedThreadCount":0,"ProcessCpuTimeRate":3.795,"DaemonThreadCount":211}},"pushJobNum":0,"receiveJobNum":0,"timestamp":1778724540000},{"exeExceptionNum":0,"exeFailedNum":0,"exeLaterNum":0,"exeSuccessNum":0,"fixExecutingJobNum":0,"jvmMData":{"gcMap":{"FullGCCollectionTime":14,"SpanYoungGCCollectionCount":0,"SpanFullGCCollectionCount":0,"YoungGCCollectionCount":3,"FullGCCollectionCount":1,"SpanYoungGCCollectionTime":0,"YoungGCCollectionTime":53,"SpanFullGCCollectionTime":0},"memoryMap":{"HeapMemoryMax":3817865216,"SurvivorUsed":2341800,"OldGenCommitted":86507520,"PermGenUsed":0,"NonHeapMemoryUsed":38210672,"OldGenMax":2863661056,"SurvivorInit":11010048,"PermGenCommitted":0,"PermGenMax":0,"OldGenUsed":7205448,"EdenSpaceUsed":94224568,"NonHeapMemoryCommitted":39190528,"HeapMemoryInit":268435456,"HeapMemoryCommitted":231735296,"SurvivorMax":11010048,"EdenSpaceCommitted":134217728,"OldGenInit":179306496,"EdenSpaceMax":1409286144,"SurvivorCommitted":11010048,"NonHeapMemoryMax":-1,"NonHeapMemoryInit":2555904,"HeapMemoryUsed":103771816,"EdenSpaceInit":67108864,"PermGenInit":0},"threadMap":{"ThreadCount":215,"TotalStartedThreadCount":638,"DeadLockedThreadCount":0,"ProcessCpuTimeRate":3.745,"DaemonThreadCount":211}},"pushJobNum":0,"receiveJobNum":0,"timestamp":1778724600000},{"exeExceptionNum":0,"exeFailedNum":0,"exeLaterNum":0,"exeSuccessNum":0,"fixExecutingJobNum":0,"jvmMData":{"gcMap":{"FullGCCollectionTime":14,"SpanYoungGCCollectionCount":0,"SpanFullGCCollectionCount":0,"YoungGCCollectionCount":3,"FullGCCollectionCount":1,"SpanYoungGCCollectionTime":0,"YoungGCCollectionTime":53,"SpanFullGCCollectionTime":0},"memoryMap":{"HeapMemoryMax":3817865216,"SurvivorUsed":2341800,"OldGenCommitted":86507520,"PermGenUsed":0,"NonHeapMemoryUsed":38465144,"OldGenMax":2863661056,"SurvivorInit":11010048,"PermGenCommitted":0,"PermGenMax":0,"OldGenUsed":7205448,"EdenSpaceUsed":101464760,"NonHeapMemoryCommitted":39649280,"HeapMemoryInit":268435456,"HeapMemoryCommitted":231735296,"SurvivorMax":11010048,"EdenSpaceCommitted":134217728,"OldGenInit":179306496,"EdenSpaceMax":1409286144,"SurvivorCommitted":11010048,"NonHeapMemoryMax":-1,"NonHeapMemoryInit":2555904,"HeapMemoryUsed":111012008,"EdenSpaceInit":67108864,"PermGenInit":0},"threadMap":{"ThreadCount":215,"TotalStartedThreadCount":696,"DeadLockedThreadCount":0,"ProcessCpuTimeRate":3.330,"DaemonThreadCount":211}},"pushJobNum":0,"receiveJobNum":0,"timestamp":1778724660000}], lts version: 1.7.3-SNAPSHOT, current host: 192.168.64.1
[lts] 2026-05-14 10:38:00,965 DEBUG [pool-1-thread-6] com.github.ltsopensource.core.logger.slf4j.Slf4jLogger.debug(32) | Add Monitor Data success, mNode={"identity":"TT_192.168.64.1_19784_10-03-55.606_1","nodeGroup":"test_trade_taskTracker","nodeType":"TASK_TRACKER"}, mData=[{"exeExceptionNum":0,"exeFailedNum":0,"exeLaterNum":0,"exeSuccessNum":0,"jvmMData":{"gcMap":{"FullGCCollectionTime":0,"SpanYoungGCCollectionCount":0,"SpanFullGCCollectionCount":0,"YoungGCCollectionCount":1,"FullGCCollectionCount":0,"SpanYoungGCCollectionTime":0,"YoungGCCollectionTime":18,"SpanFullGCCollectionTime":0},"memoryMap":{"HeapMemoryMax":3817865216,"SurvivorUsed":7829944,"OldGenCommitted":179306496,"PermGenUsed":0,"NonHeapMemoryUsed":20431784,"OldGenMax":2863661056,"SurvivorInit":11010048,"PermGenCommitted":0,"PermGenMax":0,"OldGenUsed":8192,"EdenSpaceUsed":6688136,"NonHeapMemoryCommitted":21168128,"HeapMemoryInit":268435456,"HeapMemoryCommitted":257425408,"SurvivorMax":11010048,"EdenSpaceCommitted":67108864,"OldGenInit":179306496,"EdenSpaceMax":1409286144,"SurvivorCommitted":11010048,"NonHeapMemoryMax":-1,"NonHeapMemoryInit":2555904,"HeapMemoryUsed":14526272,"EdenSpaceInit":67108864,"PermGenInit":0},"threadMap":{"ThreadCount":25,"TotalStartedThreadCount":28,"DeadLockedThreadCount":0,"ProcessCpuTimeRate":12.10,"DaemonThreadCount":22}},"timestamp":1778724180000,"totalRunningTime":0},{"exeExceptionNum":0,"exeFailedNum":0,"exeLaterNum":0,"exeSuccessNum":0,"jvmMData":{"gcMap":{"FullGCCollectionTime":0,"SpanYoungGCCollectionCount":0,"SpanFullGCCollectionCount":0,"YoungGCCollectionCount":1,"FullGCCollectionCount":0,"SpanYoungGCCollectionTime":0,"YoungGCCollectionTime":18,"SpanFullGCCollectionTime":0},"memoryMap":{"HeapMemoryMax":3817865216,"SurvivorUsed":7829944,"OldGenCommitted":179306496,"PermGenUsed":0,"NonHeapMemoryUsed":21548768,"OldGenMax":2863661056,"SurvivorInit":11010048,"PermGenCommitted":0,"PermGenMax":0,"OldGenUsed":8192,"EdenSpaceUsed":14087256,"NonHeapMemoryCommitted":22413312,"HeapMemoryInit":268435456,"HeapMemoryCommitted":257425408,"SurvivorMax":11010048,"EdenSpaceCommitted":67108864,"OldGenInit":179306496,"EdenSpaceMax":1409286144,"SurvivorCommitted":11010048,"NonHeapMemoryMax":-1,"NonHeapMemoryInit":2555904,"HeapMemoryUsed":21925392,"EdenSpaceInit":67108864,"PermGenInit":0},"threadMap":{"ThreadCount":24,"TotalStartedThreadCount":28,"DeadLockedThreadCount":0,"ProcessCpuTimeRate":3.338,"DaemonThreadCount":21}},"timestamp":1778724240000,"totalRunningTime":0},{"exeExceptionNum":0,"exeFailedNum":0,"exeLaterNum":0,"exeSuccessNum":0,"jvmMData":{"gcMap":{"FullGCCollectionTime":0,"SpanYoungGCCollectionCount":0,"SpanFullGCCollectionCount":0,"YoungGCCollectionCount":1,"FullGCCollectionCount":0,"SpanYoungGCCollectionTime":0,"YoungGCCollectionTime":18,"SpanFullGCCollectionTime":0},"memoryMap":{"HeapMemoryMax":3817865216,"SurvivorUsed":7829944,"OldGenCommitted":179306496,"PermGenUsed":0,"NonHeapMemoryUsed":21989680,"OldGenMax":2863661056,"SurvivorInit":11010048,"PermGenCommitted":0,"PermGenMax":0,"OldGenUsed":8192,"EdenSpaceUsed":16791488,"NonHeapMemoryCommitted":22806528,"HeapMemoryInit":268435456,"HeapMemoryCommitted":257425408,"SurvivorMax":11010048,"EdenSpaceCommitted":67108864,"OldGenInit":179306496,"EdenSpaceMax":1409286144,"SurvivorCommitted":11010048,"NonHeapMemoryMax":-1,"NonHeapMemoryInit":2555904,"HeapMemoryUsed":24629624,"EdenSpaceInit":67108864,"PermGenInit":0},"threadMap":{"ThreadCount":24,"TotalStartedThreadCount":28,"DeadLockedThreadCount":0,"ProcessCpuTimeRate":2.289,"DaemonThreadCount":21}},"timestamp":1778724300000,"totalRunningTime":0},{"exeExceptionNum":0,"exeFailedNum":0,"exeLaterNum":0,"exeSuccessNum":0,"jvmMData":{"gcMap":{"FullGCCollectionTime":0,"SpanYoungGCCollectionCount":0,"SpanFullGCCollectionCount":0,"YoungGCCollectionCount":1,"FullGCCollectionCount":0,"SpanYoungGCCollectionTime":0,"YoungGCCollectionTime":18,"SpanFullGCCollectionTime":0},"memoryMap":{"HeapMemoryMax":3817865216,"SurvivorUsed":7829944,"OldGenCommitted":179306496,"PermGenUsed":0,"NonHeapMemoryUsed":21988632,"OldGenMax":2863661056,"SurvivorInit":11010048,"PermGenCommitted":0,"PermGenMax":0,"OldGenUsed":8192,"EdenSpaceUsed":18808208,"NonHeapMemoryCommitted":23003136,"HeapMemoryInit":268435456,"HeapMemoryCommitted":257425408,"SurvivorMax":11010048,"EdenSpaceCommitted":67108864,"OldGenInit":179306496,"EdenSpaceMax":1409286144,"SurvivorCommitted":11010048,"NonHeapMemoryMax":-1,"NonHeapMemoryInit":2555904,"HeapMemoryUsed":26646344,"EdenSpaceInit":67108864,"PermGenInit":0},"threadMap":{"ThreadCount":24,"TotalStartedThreadCount":28,"DeadLockedThreadCount":0,"ProcessCpuTimeRate":2.171,"DaemonThreadCount":21}},"timestamp":1778724360000,"totalRunningTime":0},{"exeExceptionNum":0,"exeFailedNum":0,"exeLaterNum":0,"exeSuccessNum":0,"jvmMData":{"gcMap":{"FullGCCollectionTime":0,"SpanYoungGCCollectionCount":0,"SpanFullGCCollectionCount":0,"YoungGCCollectionCount":1,"FullGCCollectionCount":0,"SpanYoungGCCollectionTime":0,"YoungGCCollectionTime":18,"SpanFullGCCollectionTime":0},"memoryMap":{"HeapMemoryMax":3817865216,"SurvivorUsed":7829944,"OldGenCommitted":179306496,"PermGenUsed":0,"NonHeapMemoryUsed":22197712,"OldGenMax":2863661056,"SurvivorInit":11010048,"PermGenCommitted":0,"PermGenMax":0,"OldGenUsed":8192,"EdenSpaceUsed":23538952,"NonHeapMemoryCommitted":23003136,"HeapMemoryInit":268435456,"HeapMemoryCommitted":257425408,"SurvivorMax":11010048,"EdenSpaceCommitted":67108864,"OldGenInit":179306496,"EdenSpaceMax":1409286144,"SurvivorCommitted":11010048,"NonHeapMemoryMax":-1,"NonHeapMemoryInit":2555904,"HeapMemoryUsed":31377088,"EdenSpaceInit":67108864,"PermGenInit":0},"threadMap":{"ThreadCount":24,"TotalStartedThreadCount":28,"DeadLockedThreadCount":0,"ProcessCpuTimeRate":2.075,"DaemonThreadCount":21}},"timestamp":1778724420000,"totalRunningTime":0},{"exeExceptionNum":0,"exeFailedNum":0,"exeLaterNum":0,"exeSuccessNum":0,"jvmMData":{"gcMap":{"FullGCCollectionTime":0,"SpanYoungGCCollectionCount":0,"SpanFullGCCollectionCount":0,"YoungGCCollectionCount":1,"FullGCCollectionCount":0,"SpanYoungGCCollectionTime":0,"YoungGCCollectionTime":18,"SpanFullGCCollectionTime":0},"memoryMap":{"HeapMemoryMax":3817865216,"SurvivorUsed":7829944,"OldGenCommitted":179306496,"PermGenUsed":0,"NonHeapMemoryUsed":22475176,"OldGenMax":2863661056,"SurvivorInit":11010048,"PermGenCommitted":0,"PermGenMax":0,"OldGenUsed":8192,"EdenSpaceUsed":25552312,"NonHeapMemoryCommitted":23396352,"HeapMemoryInit":268435456,"HeapMemoryCommitted":257425408,"SurvivorMax":11010048,"EdenSpaceCommitted":67108864,"OldGenInit":179306496,"EdenSpaceMax":1409286144,"SurvivorCommitted":11010048,"NonHeapMemoryMax":-1,"NonHeapMemoryInit":2555904,"HeapMemoryUsed":33390448,"EdenSpaceInit":67108864,"PermGenInit":0},"threadMap":{"ThreadCount":24,"TotalStartedThreadCount":28,"DeadLockedThreadCount":0,"ProcessCpuTimeRate":2.404,"DaemonThreadCount":21}},"timestamp":1778724480000,"totalRunningTime":0},{"exeExceptionNum":0,"exeFailedNum":0,"exeLaterNum":0,"exeSuccessNum":0,"jvmMData":{"gcMap":{"FullGCCollectionTime":0,"SpanYoungGCCollectionCount":0,"SpanFullGCCollectionCount":0,"YoungGCCollectionCount":1,"FullGCCollectionCount":0,"SpanYoungGCCollectionTime":0,"YoungGCCollectionTime":18,"SpanFullGCCollectionTime":0},"memoryMap":{"HeapMemoryMax":3817865216,"SurvivorUsed":7829944,"OldGenCommitted":179306496,"PermGenUsed":0,"NonHeapMemoryUsed":22553792,"OldGenMax":2863661056,"SurvivorInit":11010048,"PermGenCommitted":0,"PermGenMax":0,"OldGenUsed":8192,"EdenSpaceUsed":28276760,"NonHeapMemoryCommitted":23461888,"HeapMemoryInit":268435456,"HeapMemoryCommitted":257425408,"SurvivorMax":11010048,"EdenSpaceCommitted":67108864,"OldGenInit":179306496,"EdenSpaceMax":1409286144,"SurvivorCommitted":11010048,"NonHeapMemoryMax":-1,"NonHeapMemoryInit":2555904,"HeapMemoryUsed":36114896,"EdenSpaceInit":67108864,"PermGenInit":0},"threadMap":{"ThreadCount":24,"TotalStartedThreadCount":28,"DeadLockedThreadCount":0,"ProcessCpuTimeRate":2.029,"DaemonThreadCount":21}},"timestamp":1778724540000,"totalRunningTime":0},{"exeExceptionNum":0,"exeFailedNum":0,"exeLaterNum":0,"exeSuccessNum":0,"jvmMData":{"gcMap":{"FullGCCollectionTime":0,"SpanYoungGCCollectionCount":0,"SpanFullGCCollectionCount":0,"YoungGCCollectionCount":1,"FullGCCollectionCount":0,"SpanYoungGCCollectionTime":0,"YoungGCCollectionTime":18,"SpanFullGCCollectionTime":0},"memoryMap":{"HeapMemoryMax":3817865216,"SurvivorUsed":7829944,"OldGenCommitted":179306496,"PermGenUsed":0,"NonHeapMemoryUsed":22749224,"OldGenMax":2863661056,"SurvivorInit":11010048,"PermGenCommitted":0,"PermGenMax":0,"OldGenUsed":8192,"EdenSpaceUsed":30993144,"NonHeapMemoryCommitted":23592960,"HeapMemoryInit":268435456,"HeapMemoryCommitted":257425408,"SurvivorMax":11010048,"EdenSpaceCommitted":67108864,"OldGenInit":179306496,"EdenSpaceMax":1409286144,"SurvivorCommitted":11010048,"NonHeapMemoryMax":-1,"NonHeapMemoryInit":2555904,"HeapMemoryUsed":38831280,"EdenSpaceInit":67108864,"PermGenInit":0},"threadMap":{"ThreadCount":24,"TotalStartedThreadCount":28,"DeadLockedThreadCount":0,"ProcessCpuTimeRate":1.943,"DaemonThreadCount":21}},"timestamp":1778724600000,"totalRunningTime":0},{"exeExceptionNum":0,"exeFailedNum":0,"exeLaterNum":0,"exeSuccessNum":0,"jvmMData":{"gcMap":{"FullGCCollectionTime":0,"SpanYoungGCCollectionCount":0,"SpanFullGCCollectionCount":0,"YoungGCCollectionCount":1,"FullGCCollectionCount":0,"SpanYoungGCCollectionTime":0,"YoungGCCollectionTime":18,"SpanFullGCCollectionTime":0},"memoryMap":{"HeapMemoryMax":3817865216,"SurvivorUsed":7829944,"OldGenCommitted":179306496,"PermGenUsed":0,"NonHeapMemoryUsed":22875216,"OldGenMax":2863661056,"SurvivorInit":11010048,"PermGenCommitted":0,"PermGenMax":0,"OldGenUsed":8192,"EdenSpaceUsed":34362312,"NonHeapMemoryCommitted":23724032,"HeapMemoryInit":268435456,"HeapMemoryCommitted":257425408,"SurvivorMax":11010048,"EdenSpaceCommitted":67108864,"OldGenInit":179306496,"EdenSpaceMax":1409286144,"SurvivorCommitted":11010048,"NonHeapMemoryMax":-1,"NonHeapMemoryInit":2555904,"HeapMemoryUsed":42200448,"EdenSpaceInit":67108864,"PermGenInit":0},"threadMap":{"ThreadCount":24,"TotalStartedThreadCount":28,"DeadLockedThreadCount":0,"ProcessCpuTimeRate":1.731,"DaemonThreadCount":21}},"timestamp":1778724660000,"totalRunningTime":0},{"exeExceptionNum":0,"exeFailedNum":0,"exeLaterNum":0,"exeSuccessNum":0,"jvmMData":{"gcMap":{"FullGCCollectionTime":0,"SpanYoungGCCollectionCount":0,"SpanFullGCCollectionCount":0,"YoungGCCollectionCount":1,"FullGCCollectionCount":0,"SpanYoungGCCollectionTime":0,"YoungGCCollectionTime":18,"SpanFullGCCollectionTime":0},"memoryMap":{"HeapMemoryMax":3817865216,"SurvivorUsed":7829944,"OldGenCommitted":179306496,"PermGenUsed":0,"NonHeapMemoryUsed":23121600,"OldGenMax":2863661056,"SurvivorInit":11010048,"PermGenCommitted":0,"PermGenMax":0,"OldGenUsed":8192,"EdenSpaceUsed":36375672,"NonHeapMemoryCommitted":24051712,"HeapMemoryInit":268435456,"HeapMemoryCommitted":257425408,"SurvivorMax":11010048,"EdenSpaceCommitted":67108864,"OldGenInit":179306496,"EdenSpaceMax":1409286144,"SurvivorCommitted":11010048,"NonHeapMemoryMax":-1,"NonHeapMemoryInit":2555904,"HeapMemoryUsed":44213808,"EdenSpaceInit":67108864,"PermGenInit":0},"threadMap":{"ThreadCount":24,"TotalStartedThreadCount":28,"DeadLockedThreadCount":0,"ProcessCpuTimeRate":2.058,"DaemonThreadCount":21}},"timestamp":1778724720000,"totalRunningTime":0}], lts version: 1.7.3-SNAPSHOT, current host: 192.168.64.1
[lts] 2026-05-14 10:39:00,106 DEBUG [pool-1-thread-7] com.github.ltsopensource.core.logger.slf4j.Slf4jLogger.debug(32) | 
    INSERT 
    INTO
        `
        lts_admin_task_tracker_monitor_data`(
            `gmt_created`, `node_group`, `identity`, `timestamp`, `exe_success_num`, `exe_failed_num`, `exe_later_num`, `exe_exception_num`, `total_running_time`
        ) 
    VALUES
        (?,?,?,?,?,?,?,?,?), lts version: 1.7.3-SNAPSHOT, current host: 192.168.64.1
[lts] 2026-05-14 10:39:00,117 DEBUG [pool-1-thread-8] com.github.ltsopensource.core.logger.slf4j.Slf4jLogger.debug(32) | 
    INSERT 
    INTO
        `
        lts_admin_job_tracker_monitor_data`(
            `gmt_created`, `identity`, `timestamp`, `receive_job_num`, `push_job_num`, `exe_success_num`, `exe_failed_num`, `exe_later_num`, `exe_exception_num`, `fix_executing_job_num`
        ) 
    VALUES
        (?,?,?,?,?,?,?,?,?,?), lts version: 1.7.3-SNAPSHOT, current host: 192.168.64.1
[lts] 2026-05-14 10:39:00,159 DEBUG [pool-1-thread-8] com.github.ltsopensource.core.logger.slf4j.Slf4jLogger.debug(32) | 
    INSERT 
    INTO
        `
        lts_admin_jvm_gc`(
            `gmt_created`, `identity`, `timestamp`, `node_type`, `node_group`, `young_gc_collection_count`, `young_gc_collection_time`, `full_gc_collection_count`, `full_gc_collection_time`, `span_young_gc_collection_count`, `span_young_gc_collection_time`, `span_full_gc_collection_count`, `span_full_gc_collection_time`
        ) 
    VALUES
        (?,?,?,?,?,?,?,?,?,?,?,?,?), lts version: 1.7.3-SNAPSHOT, current host: 192.168.64.1
[lts] 2026-05-14 10:39:00,159 DEBUG [pool-1-thread-7] com.github.ltsopensource.core.logger.slf4j.Slf4jLogger.debug(32) | 
    INSERT 
    INTO
        `
        lts_admin_jvm_gc`(
            `gmt_created`, `identity`, `timestamp`, `node_type`, `node_group`, `young_gc_collection_count`, `young_gc_collection_time`, `full_gc_collection_count`, `full_gc_collection_time`, `span_young_gc_collection_count`, `span_young_gc_collection_time`, `span_full_gc_collection_count`, `span_full_gc_collection_time`
        ) 
    VALUES
        (?,?,?,?,?,?,?,?,?,?,?,?,?), lts version: 1.7.3-SNAPSHOT, current host: 192.168.64.1
[lts] 2026-05-14 10:39:00,176 DEBUG [pool-1-thread-8] com.github.ltsopensource.core.logger.slf4j.Slf4jLogger.debug(32) | 
    INSERT 
    INTO
        `
        lts_admin_jvm_memory`(
            `gmt_created`, `identity`, `timestamp`, `node_type`, `node_group`, `heap_memory_committed`, `heap_memory_init`, `heap_memory_max`, `heap_memory_used`, `non_heap_memory_committed`, `non_heap_memory_init`, `non_heap_memory_max`, `non_heap_memory_used`, `perm_gen_committed`, `perm_gen_init`, `perm_gen_max`, `perm_gen_used`, `old_gen_committed`, `old_gen_init`, `old_gen_max`, `old_gen_used`, `eden_space_committed`, `eden_space_init`, `eden_space_max`, `eden_space_used`, `survivor_committed`, `survivor_init`, `survivor_max`, `survivor_used`
        ) 
    VALUES
        (?,?,?,?,?,?,?,?,?,?,?,?,?,?,?,?,?,?,?,?,?,?,?,?,?,?,?,?,?), lts version: 1.7.3-SNAPSHOT, current host: 192.168.64.1
[lts] 2026-05-14 10:39:00,179 DEBUG [pool-1-thread-7] com.github.ltsopensource.core.logger.slf4j.Slf4jLogger.debug(32) | 
    INSERT 
    INTO
        `
        lts_admin_jvm_memory`(
            `gmt_created`, `identity`, `timestamp`, `node_type`, `node_group`, `heap_memory_committed`, `heap_memory_init`, `heap_memory_max`, `heap_memory_used`, `non_heap_memory_committed`, `non_heap_memory_init`, `non_heap_memory_max`, `non_heap_memory_used`, `perm_gen_committed`, `perm_gen_init`, `perm_gen_max`, `perm_gen_used`, `old_gen_committed`, `old_gen_init`, `old_gen_max`, `old_gen_used`, `eden_space_committed`, `eden_space_init`, `eden_space_max`, `eden_space_used`, `survivor_committed`, `survivor_init`, `survivor_max`, `survivor_used`
        ) 
    VALUES
        (?,?,?,?,?,?,?,?,?,?,?,?,?,?,?,?,?,?,?,?,?,?,?,?,?,?,?,?,?), lts version: 1.7.3-SNAPSHOT, current host: 192.168.64.1
[lts] 2026-05-14 10:39:00,199 DEBUG [pool-1-thread-7] com.github.ltsopensource.core.logger.slf4j.Slf4jLogger.debug(32) | 
    INSERT 
    INTO
        `
        lts_admin_jvm_thread`(
            `gmt_created`, `identity`, `timestamp`, `node_type`, `node_group`, `daemon_thread_count`, `thread_count`, `total_started_thread_count`, `dead_locked_thread_count`, `process_cpu_time_rate`
        ) 
    VALUES
        (?,?,?,?,?,?,?,?,?,?), lts version: 1.7.3-SNAPSHOT, current host: 192.168.64.1
[lts] 2026-05-14 10:39:00,199 DEBUG [pool-1-thread-8] com.github.ltsopensource.core.logger.slf4j.Slf4jLogger.debug(32) | 
    INSERT 
    INTO
        `
        lts_admin_jvm_thread`(
            `gmt_created`, `identity`, `timestamp`, `node_type`, `node_group`, `daemon_thread_count`, `thread_count`, `total_started_thread_count`, `dead_locked_thread_count`, `process_cpu_time_rate`
        ) 
    VALUES
        (?,?,?,?,?,?,?,?,?,?), lts version: 1.7.3-SNAPSHOT, current host: 192.168.64.1
[lts] 2026-05-14 10:39:00,213 DEBUG [pool-1-thread-7] com.github.ltsopensource.core.logger.slf4j.Slf4jLogger.debug(32) | Add Monitor Data success, mNode={"identity":"TT_192.168.64.1_19784_10-03-55.606_1","nodeGroup":"test_trade_taskTracker","nodeType":"TASK_TRACKER"}, mData=[{"exeExceptionNum":0,"exeFailedNum":0,"exeLaterNum":0,"exeSuccessNum":0,"jvmMData":{"gcMap":{"FullGCCollectionTime":0,"SpanYoungGCCollectionCount":0,"SpanFullGCCollectionCount":0,"YoungGCCollectionCount":1,"FullGCCollectionCount":0,"SpanYoungGCCollectionTime":0,"YoungGCCollectionTime":18,"SpanFullGCCollectionTime":0},"memoryMap":{"HeapMemoryMax":3817865216,"SurvivorUsed":7829944,"OldGenCommitted":179306496,"PermGenUsed":0,"NonHeapMemoryUsed":20431784,"OldGenMax":2863661056,"SurvivorInit":11010048,"PermGenCommitted":0,"PermGenMax":0,"OldGenUsed":8192,"EdenSpaceUsed":6688136,"NonHeapMemoryCommitted":21168128,"HeapMemoryInit":268435456,"HeapMemoryCommitted":257425408,"SurvivorMax":11010048,"EdenSpaceCommitted":67108864,"OldGenInit":179306496,"EdenSpaceMax":1409286144,"SurvivorCommitted":11010048,"NonHeapMemoryMax":-1,"NonHeapMemoryInit":2555904,"HeapMemoryUsed":14526272,"EdenSpaceInit":67108864,"PermGenInit":0},"threadMap":{"ThreadCount":25,"TotalStartedThreadCount":28,"DeadLockedThreadCount":0,"ProcessCpuTimeRate":12.10,"DaemonThreadCount":22}},"timestamp":1778724180000,"totalRunningTime":0},{"exeExceptionNum":0,"exeFailedNum":0,"exeLaterNum":0,"exeSuccessNum":0,"jvmMData":{"gcMap":{"FullGCCollectionTime":0,"SpanYoungGCCollectionCount":0,"SpanFullGCCollectionCount":0,"YoungGCCollectionCount":1,"FullGCCollectionCount":0,"SpanYoungGCCollectionTime":0,"YoungGCCollectionTime":18,"SpanFullGCCollectionTime":0},"memoryMap":{"HeapMemoryMax":3817865216,"SurvivorUsed":7829944,"OldGenCommitted":179306496,"PermGenUsed":0,"NonHeapMemoryUsed":21548768,"OldGenMax":2863661056,"SurvivorInit":11010048,"PermGenCommitted":0,"PermGenMax":0,"OldGenUsed":8192,"EdenSpaceUsed":14087256,"NonHeapMemoryCommitted":22413312,"HeapMemoryInit":268435456,"HeapMemoryCommitted":257425408,"SurvivorMax":11010048,"EdenSpaceCommitted":67108864,"OldGenInit":179306496,"EdenSpaceMax":1409286144,"SurvivorCommitted":11010048,"NonHeapMemoryMax":-1,"NonHeapMemoryInit":2555904,"HeapMemoryUsed":21925392,"EdenSpaceInit":67108864,"PermGenInit":0},"threadMap":{"ThreadCount":24,"TotalStartedThreadCount":28,"DeadLockedThreadCount":0,"ProcessCpuTimeRate":3.338,"DaemonThreadCount":21}},"timestamp":1778724240000,"totalRunningTime":0},{"exeExceptionNum":0,"exeFailedNum":0,"exeLaterNum":0,"exeSuccessNum":0,"jvmMData":{"gcMap":{"FullGCCollectionTime":0,"SpanYoungGCCollectionCount":0,"SpanFullGCCollectionCount":0,"YoungGCCollectionCount":1,"FullGCCollectionCount":0,"SpanYoungGCCollectionTime":0,"YoungGCCollectionTime":18,"SpanFullGCCollectionTime":0},"memoryMap":{"HeapMemoryMax":3817865216,"SurvivorUsed":7829944,"OldGenCommitted":179306496,"PermGenUsed":0,"NonHeapMemoryUsed":21989680,"OldGenMax":2863661056,"SurvivorInit":11010048,"PermGenCommitted":0,"PermGenMax":0,"OldGenUsed":8192,"EdenSpaceUsed":16791488,"NonHeapMemoryCommitted":22806528,"HeapMemoryInit":268435456,"HeapMemoryCommitted":257425408,"SurvivorMax":11010048,"EdenSpaceCommitted":67108864,"OldGenInit":179306496,"EdenSpaceMax":1409286144,"SurvivorCommitted":11010048,"NonHeapMemoryMax":-1,"NonHeapMemoryInit":2555904,"HeapMemoryUsed":24629624,"EdenSpaceInit":67108864,"PermGenInit":0},"threadMap":{"ThreadCount":24,"TotalStartedThreadCount":28,"DeadLockedThreadCount":0,"ProcessCpuTimeRate":2.289,"DaemonThreadCount":21}},"timestamp":1778724300000,"totalRunningTime":0},{"exeExceptionNum":0,"exeFailedNum":0,"exeLaterNum":0,"exeSuccessNum":0,"jvmMData":{"gcMap":{"FullGCCollectionTime":0,"SpanYoungGCCollectionCount":0,"SpanFullGCCollectionCount":0,"YoungGCCollectionCount":1,"FullGCCollectionCount":0,"SpanYoungGCCollectionTime":0,"YoungGCCollectionTime":18,"SpanFullGCCollectionTime":0},"memoryMap":{"HeapMemoryMax":3817865216,"SurvivorUsed":7829944,"OldGenCommitted":179306496,"PermGenUsed":0,"NonHeapMemoryUsed":21988632,"OldGenMax":2863661056,"SurvivorInit":11010048,"PermGenCommitted":0,"PermGenMax":0,"OldGenUsed":8192,"EdenSpaceUsed":18808208,"NonHeapMemoryCommitted":23003136,"HeapMemoryInit":268435456,"HeapMemoryCommitted":257425408,"SurvivorMax":11010048,"EdenSpaceCommitted":67108864,"OldGenInit":179306496,"EdenSpaceMax":1409286144,"SurvivorCommitted":11010048,"NonHeapMemoryMax":-1,"NonHeapMemoryInit":2555904,"HeapMemoryUsed":26646344,"EdenSpaceInit":67108864,"PermGenInit":0},"threadMap":{"ThreadCount":24,"TotalStartedThreadCount":28,"DeadLockedThreadCount":0,"ProcessCpuTimeRate":2.171,"DaemonThreadCount":21}},"timestamp":1778724360000,"totalRunningTime":0},{"exeExceptionNum":0,"exeFailedNum":0,"exeLaterNum":0,"exeSuccessNum":0,"jvmMData":{"gcMap":{"FullGCCollectionTime":0,"SpanYoungGCCollectionCount":0,"SpanFullGCCollectionCount":0,"YoungGCCollectionCount":1,"FullGCCollectionCount":0,"SpanYoungGCCollectionTime":0,"YoungGCCollectionTime":18,"SpanFullGCCollectionTime":0},"memoryMap":{"HeapMemoryMax":3817865216,"SurvivorUsed":7829944,"OldGenCommitted":179306496,"PermGenUsed":0,"NonHeapMemoryUsed":22197712,"OldGenMax":2863661056,"SurvivorInit":11010048,"PermGenCommitted":0,"PermGenMax":0,"OldGenUsed":8192,"EdenSpaceUsed":23538952,"NonHeapMemoryCommitted":23003136,"HeapMemoryInit":268435456,"HeapMemoryCommitted":257425408,"SurvivorMax":11010048,"EdenSpaceCommitted":67108864,"OldGenInit":179306496,"EdenSpaceMax":1409286144,"SurvivorCommitted":11010048,"NonHeapMemoryMax":-1,"NonHeapMemoryInit":2555904,"HeapMemoryUsed":31377088,"EdenSpaceInit":67108864,"PermGenInit":0},"threadMap":{"ThreadCount":24,"TotalStartedThreadCount":28,"DeadLockedThreadCount":0,"ProcessCpuTimeRate":2.075,"DaemonThreadCount":21}},"timestamp":1778724420000,"totalRunningTime":0},{"exeExceptionNum":0,"exeFailedNum":0,"exeLaterNum":0,"exeSuccessNum":0,"jvmMData":{"gcMap":{"FullGCCollectionTime":0,"SpanYoungGCCollectionCount":0,"SpanFullGCCollectionCount":0,"YoungGCCollectionCount":1,"FullGCCollectionCount":0,"SpanYoungGCCollectionTime":0,"YoungGCCollectionTime":18,"SpanFullGCCollectionTime":0},"memoryMap":{"HeapMemoryMax":3817865216,"SurvivorUsed":7829944,"OldGenCommitted":179306496,"PermGenUsed":0,"NonHeapMemoryUsed":22475176,"OldGenMax":2863661056,"SurvivorInit":11010048,"PermGenCommitted":0,"PermGenMax":0,"OldGenUsed":8192,"EdenSpaceUsed":25552312,"NonHeapMemoryCommitted":23396352,"HeapMemoryInit":268435456,"HeapMemoryCommitted":257425408,"SurvivorMax":11010048,"EdenSpaceCommitted":67108864,"OldGenInit":179306496,"EdenSpaceMax":1409286144,"SurvivorCommitted":11010048,"NonHeapMemoryMax":-1,"NonHeapMemoryInit":2555904,"HeapMemoryUsed":33390448,"EdenSpaceInit":67108864,"PermGenInit":0},"threadMap":{"ThreadCount":24,"TotalStartedThreadCount":28,"DeadLockedThreadCount":0,"ProcessCpuTimeRate":2.404,"DaemonThreadCount":21}},"timestamp":1778724480000,"totalRunningTime":0},{"exeExceptionNum":0,"exeFailedNum":0,"exeLaterNum":0,"exeSuccessNum":0,"jvmMData":{"gcMap":{"FullGCCollectionTime":0,"SpanYoungGCCollectionCount":0,"SpanFullGCCollectionCount":0,"YoungGCCollectionCount":1,"FullGCCollectionCount":0,"SpanYoungGCCollectionTime":0,"YoungGCCollectionTime":18,"SpanFullGCCollectionTime":0},"memoryMap":{"HeapMemoryMax":3817865216,"SurvivorUsed":7829944,"OldGenCommitted":179306496,"PermGenUsed":0,"NonHeapMemoryUsed":22553792,"OldGenMax":2863661056,"SurvivorInit":11010048,"PermGenCommitted":0,"PermGenMax":0,"OldGenUsed":8192,"EdenSpaceUsed":28276760,"NonHeapMemoryCommitted":23461888,"HeapMemoryInit":268435456,"HeapMemoryCommitted":257425408,"SurvivorMax":11010048,"EdenSpaceCommitted":67108864,"OldGenInit":179306496,"EdenSpaceMax":1409286144,"SurvivorCommitted":11010048,"NonHeapMemoryMax":-1,"NonHeapMemoryInit":2555904,"HeapMemoryUsed":36114896,"EdenSpaceInit":67108864,"PermGenInit":0},"threadMap":{"ThreadCount":24,"TotalStartedThreadCount":28,"DeadLockedThreadCount":0,"ProcessCpuTimeRate":2.029,"DaemonThreadCount":21}},"timestamp":1778724540000,"totalRunningTime":0},{"exeExceptionNum":0,"exeFailedNum":0,"exeLaterNum":0,"exeSuccessNum":0,"jvmMData":{"gcMap":{"FullGCCollectionTime":0,"SpanYoungGCCollectionCount":0,"SpanFullGCCollectionCount":0,"YoungGCCollectionCount":1,"FullGCCollectionCount":0,"SpanYoungGCCollectionTime":0,"YoungGCCollectionTime":18,"SpanFullGCCollectionTime":0},"memoryMap":{"HeapMemoryMax":3817865216,"SurvivorUsed":7829944,"OldGenCommitted":179306496,"PermGenUsed":0,"NonHeapMemoryUsed":22749224,"OldGenMax":2863661056,"SurvivorInit":11010048,"PermGenCommitted":0,"PermGenMax":0,"OldGenUsed":8192,"EdenSpaceUsed":30993144,"NonHeapMemoryCommitted":23592960,"HeapMemoryInit":268435456,"HeapMemoryCommitted":257425408,"SurvivorMax":11010048,"EdenSpaceCommitted":67108864,"OldGenInit":179306496,"EdenSpaceMax":1409286144,"SurvivorCommitted":11010048,"NonHeapMemoryMax":-1,"NonHeapMemoryInit":2555904,"HeapMemoryUsed":38831280,"EdenSpaceInit":67108864,"PermGenInit":0},"threadMap":{"ThreadCount":24,"TotalStartedThreadCount":28,"DeadLockedThreadCount":0,"ProcessCpuTimeRate":1.943,"DaemonThreadCount":21}},"timestamp":1778724600000,"totalRunningTime":0},{"exeExceptionNum":0,"exeFailedNum":0,"exeLaterNum":0,"exeSuccessNum":0,"jvmMData":{"gcMap":{"FullGCCollectionTime":0,"SpanYoungGCCollectionCount":0,"SpanFullGCCollectionCount":0,"YoungGCCollectionCount":1,"FullGCCollectionCount":0,"SpanYoungGCCollectionTime":0,"YoungGCCollectionTime":18,"SpanFullGCCollectionTime":0},"memoryMap":{"HeapMemoryMax":3817865216,"SurvivorUsed":7829944,"OldGenCommitted":179306496,"PermGenUsed":0,"NonHeapMemoryUsed":22875216,"OldGenMax":2863661056,"SurvivorInit":11010048,"PermGenCommitted":0,"PermGenMax":0,"OldGenUsed":8192,"EdenSpaceUsed":34362312,"NonHeapMemoryCommitted":23724032,"HeapMemoryInit":268435456,"HeapMemoryCommitted":257425408,"SurvivorMax":11010048,"EdenSpaceCommitted":67108864,"OldGenInit":179306496,"EdenSpaceMax":1409286144,"SurvivorCommitted":11010048,"NonHeapMemoryMax":-1,"NonHeapMemoryInit":2555904,"HeapMemoryUsed":42200448,"EdenSpaceInit":67108864,"PermGenInit":0},"threadMap":{"ThreadCount":24,"TotalStartedThreadCount":28,"DeadLockedThreadCount":0,"ProcessCpuTimeRate":1.731,"DaemonThreadCount":21}},"timestamp":1778724660000,"totalRunningTime":0},{"exeExceptionNum":0,"exeFailedNum":0,"exeLaterNum":0,"exeSuccessNum":0,"jvmMData":{"gcMap":{"FullGCCollectionTime":0,"SpanYoungGCCollectionCount":0,"SpanFullGCCollectionCount":0,"YoungGCCollectionCount":1,"FullGCCollectionCount":0,"SpanYoungGCCollectionTime":0,"YoungGCCollectionTime":18,"SpanFullGCCollectionTime":0},"memoryMap":{"HeapMemoryMax":3817865216,"SurvivorUsed":7829944,"OldGenCommitted":179306496,"PermGenUsed":0,"NonHeapMemoryUsed":23121600,"OldGenMax":2863661056,"SurvivorInit":11010048,"PermGenCommitted":0,"PermGenMax":0,"OldGenUsed":8192,"EdenSpaceUsed":36375672,"NonHeapMemoryCommitted":24051712,"HeapMemoryInit":268435456,"HeapMemoryCommitted":257425408,"SurvivorMax":11010048,"EdenSpaceCommitted":67108864,"OldGenInit":179306496,"EdenSpaceMax":1409286144,"SurvivorCommitted":11010048,"NonHeapMemoryMax":-1,"NonHeapMemoryInit":2555904,"HeapMemoryUsed":44213808,"EdenSpaceInit":67108864,"PermGenInit":0},"threadMap":{"ThreadCount":24,"TotalStartedThreadCount":28,"DeadLockedThreadCount":0,"ProcessCpuTimeRate":2.058,"DaemonThreadCount":21}},"timestamp":1778724720000,"totalRunningTime":0}], lts version: 1.7.3-SNAPSHOT, current host: 192.168.64.1
[lts] 2026-05-14 10:39:00,213 DEBUG [pool-1-thread-8] com.github.ltsopensource.core.logger.slf4j.Slf4jLogger.debug(32) | Add Monitor Data success, mNode={"identity":"JT_192.168.64.1_19709_10-02-49.861_1","nodeGroup":"lts","nodeType":"JOB_TRACKER"}, mData=[{"exeExceptionNum":0,"exeFailedNum":0,"exeLaterNum":0,"exeSuccessNum":0,"fixExecutingJobNum":0,"jvmMData":{"gcMap":{"FullGCCollectionTime":14,"SpanYoungGCCollectionCount":0,"SpanFullGCCollectionCount":0,"YoungGCCollectionCount":2,"FullGCCollectionCount":1,"SpanYoungGCCollectionTime":0,"YoungGCCollectionTime":39,"SpanFullGCCollectionTime":0},"memoryMap":{"HeapMemoryMax":3817865216,"SurvivorUsed":0,"OldGenCommitted":86507520,"PermGenUsed":0,"NonHeapMemoryUsed":30571448,"OldGenMax":2863661056,"SurvivorInit":11010048,"PermGenCommitted":0,"PermGenMax":0,"OldGenUsed":7197256,"EdenSpaceUsed":27307064,"NonHeapMemoryCommitted":31637504,"HeapMemoryInit":268435456,"HeapMemoryCommitted":231735296,"SurvivorMax":11010048,"EdenSpaceCommitted":134217728,"OldGenInit":179306496,"EdenSpaceMax":1409286144,"SurvivorCommitted":11010048,"NonHeapMemoryMax":-1,"NonHeapMemoryInit":2555904,"HeapMemoryUsed":34504320,"EdenSpaceInit":67108864,"PermGenInit":0},"threadMap":{"ThreadCount":30,"TotalStartedThreadCount":34,"DeadLockedThreadCount":0,"ProcessCpuTimeRate":5.441,"DaemonThreadCount":27}},"pushJobNum":0,"receiveJobNum":0,"timestamp":1778724120000},{"exeExceptionNum":0,"exeFailedNum":0,"exeLaterNum":0,"exeSuccessNum":0,"fixExecutingJobNum":0,"jvmMData":{"gcMap":{"FullGCCollectionTime":14,"SpanYoungGCCollectionCount":0,"SpanFullGCCollectionCount":0,"YoungGCCollectionCount":2,"FullGCCollectionCount":1,"SpanYoungGCCollectionTime":0,"YoungGCCollectionTime":39,"SpanFullGCCollectionTime":0},"memoryMap":{"HeapMemoryMax":3817865216,"SurvivorUsed":0,"OldGenCommitted":86507520,"PermGenUsed":0,"NonHeapMemoryUsed":31927272,"OldGenMax":2863661056,"SurvivorInit":11010048,"PermGenCommitted":0,"PermGenMax":0,"OldGenUsed":7197256,"EdenSpaceUsed":41404560,"NonHeapMemoryCommitted":32899072,"HeapMemoryInit":268435456,"HeapMemoryCommitted":231735296,"SurvivorMax":11010048,"EdenSpaceCommitted":134217728,"OldGenInit":179306496,"EdenSpaceMax":1409286144,"SurvivorCommitted":11010048,"NonHeapMemoryMax":-1,"NonHeapMemoryInit":2555904,"HeapMemoryUsed":48601816,"EdenSpaceInit":67108864,"PermGenInit":0},"threadMap":{"ThreadCount":41,"TotalStartedThreadCount":49,"DeadLockedThreadCount":0,"ProcessCpuTimeRate":3.235,"DaemonThreadCount":37}},"pushJobNum":0,"receiveJobNum":0,"timestamp":1778724180000},{"exeExceptionNum":0,"exeFailedNum":0,"exeLaterNum":0,"exeSuccessNum":0,"fixExecutingJobNum":0,"jvmMData":{"gcMap":{"FullGCCollectionTime":14,"SpanYoungGCCollectionCount":1,"SpanFullGCCollectionCount":0,"YoungGCCollectionCount":3,"FullGCCollectionCount":1,"SpanYoungGCCollectionTime":14,"YoungGCCollectionTime":53,"SpanFullGCCollectionTime":0},"memoryMap":{"HeapMemoryMax":3817865216,"SurvivorUsed":2341800,"OldGenCommitted":86507520,"PermGenUsed":0,"NonHeapMemoryUsed":33150888,"OldGenMax":2863661056,"SurvivorInit":11010048,"PermGenCommitted":0,"PermGenMax":0,"OldGenUsed":7205448,"EdenSpaceUsed":20897976,"NonHeapMemoryCommitted":34275328,"HeapMemoryInit":268435456,"HeapMemoryCommitted":231735296,"SurvivorMax":11010048,"EdenSpaceCommitted":134217728,"OldGenInit":179306496,"EdenSpaceMax":1409286144,"SurvivorCommitted":11010048,"NonHeapMemoryMax":-1,"NonHeapMemoryInit":2555904,"HeapMemoryUsed":30445224,"EdenSpaceInit":67108864,"PermGenInit":0},"threadMap":{"ThreadCount":196,"TotalStartedThreadCount":262,"DeadLockedThreadCount":0,"ProcessCpuTimeRate":6.438,"DaemonThreadCount":192}},"pushJobNum":0,"receiveJobNum":0,"timestamp":1778724240000},{"exeExceptionNum":0,"exeFailedNum":0,"exeLaterNum":0,"exeSuccessNum":0,"fixExecutingJobNum":0,"jvmMData":{"gcMap":{"FullGCCollectionTime":14,"SpanYoungGCCollectionCount":0,"SpanFullGCCollectionCount":0,"YoungGCCollectionCount":3,"FullGCCollectionCount":1,"SpanYoungGCCollectionTime":0,"YoungGCCollectionTime":53,"SpanFullGCCollectionTime":0},"memoryMap":{"HeapMemoryMax":3817865216,"SurvivorUsed":2341800,"OldGenCommitted":86507520,"PermGenUsed":0,"NonHeapMemoryUsed":34708688,"OldGenMax":2863661056,"SurvivorInit":11010048,"PermGenCommitted":0,"PermGenMax":0,"OldGenUsed":7205448,"EdenSpaceUsed":60142632,"NonHeapMemoryCommitted":35782656,"HeapMemoryInit":268435456,"HeapMemoryCommitted":231735296,"SurvivorMax":11010048,"EdenSpaceCommitted":134217728,"OldGenInit":179306496,"EdenSpaceMax":1409286144,"SurvivorCommitted":11010048,"NonHeapMemoryMax":-1,"NonHeapMemoryInit":2555904,"HeapMemoryUsed":69689880,"EdenSpaceInit":67108864,"PermGenInit":0},"threadMap":{"ThreadCount":215,"TotalStartedThreadCount":340,"DeadLockedThreadCount":0,"ProcessCpuTimeRate":4.987,"DaemonThreadCount":211}},"pushJobNum":0,"receiveJobNum":0,"timestamp":1778724300000},{"exeExceptionNum":0,"exeFailedNum":0,"exeLaterNum":0,"exeSuccessNum":0,"fixExecutingJobNum":0,"jvmMData":{"gcMap":{"FullGCCollectionTime":14,"SpanYoungGCCollectionCount":0,"SpanFullGCCollectionCount":0,"YoungGCCollectionCount":3,"FullGCCollectionCount":1,"SpanYoungGCCollectionTime":0,"YoungGCCollectionTime":53,"SpanFullGCCollectionTime":0},"memoryMap":{"HeapMemoryMax":3817865216,"SurvivorUsed":2341800,"OldGenCommitted":86507520,"PermGenUsed":0,"NonHeapMemoryUsed":35370336,"OldGenMax":2863661056,"SurvivorInit":11010048,"PermGenCommitted":0,"PermGenMax":0,"OldGenUsed":7205448,"EdenSpaceUsed":69433392,"NonHeapMemoryCommitted":36372480,"HeapMemoryInit":268435456,"HeapMemoryCommitted":231735296,"SurvivorMax":11010048,"EdenSpaceCommitted":134217728,"OldGenInit":179306496,"EdenSpaceMax":1409286144,"SurvivorCommitted":11010048,"NonHeapMemoryMax":-1,"NonHeapMemoryInit":2555904,"HeapMemoryUsed":78980640,"EdenSpaceInit":67108864,"PermGenInit":0},"threadMap":{"ThreadCount":215,"TotalStartedThreadCount":400,"DeadLockedThreadCount":0,"ProcessCpuTimeRate":4.004,"DaemonThreadCount":211}},"pushJobNum":0,"receiveJobNum":0,"timestamp":1778724360000},{"exeExceptionNum":0,"exeFailedNum":0,"exeLaterNum":0,"exeSuccessNum":0,"fixExecutingJobNum":0,"jvmMData":{"gcMap":{"FullGCCollectionTime":14,"SpanYoungGCCollectionCount":0,"SpanFullGCCollectionCount":0,"YoungGCCollectionCount":3,"FullGCCollectionCount":1,"SpanYoungGCCollectionTime":0,"YoungGCCollectionTime":53,"SpanFullGCCollectionTime":0},"memoryMap":{"HeapMemoryMax":3817865216,"SurvivorUsed":2341800,"OldGenCommitted":86507520,"PermGenUsed":0,"NonHeapMemoryUsed":36527472,"OldGenMax":2863661056,"SurvivorInit":11010048,"PermGenCommitted":0,"PermGenMax":0,"OldGenUsed":7205448,"EdenSpaceUsed":75563112,"NonHeapMemoryCommitted":37552128,"HeapMemoryInit":268435456,"HeapMemoryCommitted":231735296,"SurvivorMax":11010048,"EdenSpaceCommitted":134217728,"OldGenInit":179306496,"EdenSpaceMax":1409286144,"SurvivorCommitted":11010048,"NonHeapMemoryMax":-1,"NonHeapMemoryInit":2555904,"HeapMemoryUsed":85110360,"EdenSpaceInit":67108864,"PermGenInit":0},"threadMap":{"ThreadCount":215,"TotalStartedThreadCount":460,"DeadLockedThreadCount":0,"ProcessCpuTimeRate":5.054,"DaemonThreadCount":211}},"pushJobNum":0,"receiveJobNum":0,"timestamp":1778724420000},{"exeExceptionNum":0,"exeFailedNum":0,"exeLaterNum":0,"exeSuccessNum":0,"fixExecutingJobNum":0,"jvmMData":{"gcMap":{"FullGCCollectionTime":14,"SpanYoungGCCollectionCount":0,"SpanFullGCCollectionCount":0,"YoungGCCollectionCount":3,"FullGCCollectionCount":1,"SpanYoungGCCollectionTime":0,"YoungGCCollectionTime":53,"SpanFullGCCollectionTime":0},"memoryMap":{"HeapMemoryMax":3817865216,"SurvivorUsed":2341800,"OldGenCommitted":86507520,"PermGenUsed":0,"NonHeapMemoryUsed":37098240,"OldGenMax":2863661056,"SurvivorInit":11010048,"PermGenCommitted":0,"PermGenMax":0,"OldGenUsed":7205448,"EdenSpaceUsed":81165552,"NonHeapMemoryCommitted":38010880,"HeapMemoryInit":268435456,"HeapMemoryCommitted":231735296,"SurvivorMax":11010048,"EdenSpaceCommitted":134217728,"OldGenInit":179306496,"EdenSpaceMax":1409286144,"SurvivorCommitted":11010048,"NonHeapMemoryMax":-1,"NonHeapMemoryInit":2555904,"HeapMemoryUsed":90712800,"EdenSpaceInit":67108864,"PermGenInit":0},"threadMap":{"ThreadCount":215,"TotalStartedThreadCount":518,"DeadLockedThreadCount":0,"ProcessCpuTimeRate":4.220,"DaemonThreadCount":211}},"pushJobNum":0,"receiveJobNum":0,"timestamp":1778724480000},{"exeExceptionNum":0,"exeFailedNum":0,"exeLaterNum":0,"exeSuccessNum":0,"fixExecutingJobNum":0,"jvmMData":{"gcMap":{"FullGCCollectionTime":14,"SpanYoungGCCollectionCount":0,"SpanFullGCCollectionCount":0,"YoungGCCollectionCount":3,"FullGCCollectionCount":1,"SpanYoungGCCollectionTime":0,"YoungGCCollectionTime":53,"SpanFullGCCollectionTime":0},"memoryMap":{"HeapMemoryMax":3817865216,"SurvivorUsed":2341800,"OldGenCommitted":86507520,"PermGenUsed":0,"NonHeapMemoryUsed":37775888,"OldGenMax":2863661056,"SurvivorInit":11010048,"PermGenCommitted":0,"PermGenMax":0,"OldGenUsed":7205448,"EdenSpaceUsed":87675712,"NonHeapMemoryCommitted":38797312,"HeapMemoryInit":268435456,"HeapMemoryCommitted":231735296,"SurvivorMax":11010048,"EdenSpaceCommitted":134217728,"OldGenInit":179306496,"EdenSpaceMax":1409286144,"SurvivorCommitted":11010048,"NonHeapMemoryMax":-1,"NonHeapMemoryInit":2555904,"HeapMemoryUsed":97222960,"EdenSpaceInit":67108864,"PermGenInit":0},"threadMap":{"ThreadCount":215,"TotalStartedThreadCount":578,"DeadLockedThreadCount":0,"ProcessCpuTimeRate":3.795,"DaemonThreadCount":211}},"pushJobNum":0,"receiveJobNum":0,"timestamp":1778724540000},{"exeExceptionNum":0,"exeFailedNum":0,"exeLaterNum":0,"exeSuccessNum":0,"fixExecutingJobNum":0,"jvmMData":{"gcMap":{"FullGCCollectionTime":14,"SpanYoungGCCollectionCount":0,"SpanFullGCCollectionCount":0,"YoungGCCollectionCount":3,"FullGCCollectionCount":1,"SpanYoungGCCollectionTime":0,"YoungGCCollectionTime":53,"SpanFullGCCollectionTime":0},"memoryMap":{"HeapMemoryMax":3817865216,"SurvivorUsed":2341800,"OldGenCommitted":86507520,"PermGenUsed":0,"NonHeapMemoryUsed":38210672,"OldGenMax":2863661056,"SurvivorInit":11010048,"PermGenCommitted":0,"PermGenMax":0,"OldGenUsed":7205448,"EdenSpaceUsed":94224568,"NonHeapMemoryCommitted":39190528,"HeapMemoryInit":268435456,"HeapMemoryCommitted":231735296,"SurvivorMax":11010048,"EdenSpaceCommitted":134217728,"OldGenInit":179306496,"EdenSpaceMax":1409286144,"SurvivorCommitted":11010048,"NonHeapMemoryMax":-1,"NonHeapMemoryInit":2555904,"HeapMemoryUsed":103771816,"EdenSpaceInit":67108864,"PermGenInit":0},"threadMap":{"ThreadCount":215,"TotalStartedThreadCount":638,"DeadLockedThreadCount":0,"ProcessCpuTimeRate":3.745,"DaemonThreadCount":211}},"pushJobNum":0,"receiveJobNum":0,"timestamp":1778724600000},{"exeExceptionNum":0,"exeFailedNum":0,"exeLaterNum":0,"exeSuccessNum":0,"fixExecutingJobNum":0,"jvmMData":{"gcMap":{"FullGCCollectionTime":14,"SpanYoungGCCollectionCount":0,"SpanFullGCCollectionCount":0,"YoungGCCollectionCount":3,"FullGCCollectionCount":1,"SpanYoungGCCollectionTime":0,"YoungGCCollectionTime":53,"SpanFullGCCollectionTime":0},"memoryMap":{"HeapMemoryMax":3817865216,"SurvivorUsed":2341800,"OldGenCommitted":86507520,"PermGenUsed":0,"NonHeapMemoryUsed":38465144,"OldGenMax":2863661056,"SurvivorInit":11010048,"PermGenCommitted":0,"PermGenMax":0,"OldGenUsed":7205448,"EdenSpaceUsed":101464760,"NonHeapMemoryCommitted":39649280,"HeapMemoryInit":268435456,"HeapMemoryCommitted":231735296,"SurvivorMax":11010048,"EdenSpaceCommitted":134217728,"OldGenInit":179306496,"EdenSpaceMax":1409286144,"SurvivorCommitted":11010048,"NonHeapMemoryMax":-1,"NonHeapMemoryInit":2555904,"HeapMemoryUsed":111012008,"EdenSpaceInit":67108864,"PermGenInit":0},"threadMap":{"ThreadCount":215,"TotalStartedThreadCount":696,"DeadLockedThreadCount":0,"ProcessCpuTimeRate":3.330,"DaemonThreadCount":211}},"pushJobNum":0,"receiveJobNum":0,"timestamp":1778724660000}], lts version: 1.7.3-SNAPSHOT, current host: 192.168.64.1
[lts] 2026-05-14 10:40:00,365 DEBUG [pool-1-thread-2] com.github.ltsopensource.core.logger.slf4j.Slf4jLogger.debug(32) | 
    INSERT 
    INTO
        `
        lts_admin_task_tracker_monitor_data`(
            `gmt_created`, `node_group`, `identity`, `timestamp`, `exe_success_num`, `exe_failed_num`, `exe_later_num`, `exe_exception_num`, `total_running_time`
        ) 
    VALUES
        (?,?,?,?,?,?,?,?,?), lts version: 1.7.3-SNAPSHOT, current host: 192.168.64.1
[lts] 2026-05-14 10:40:00,365 DEBUG [pool-1-thread-1] com.github.ltsopensource.core.logger.slf4j.Slf4jLogger.debug(32) | 
    INSERT 
    INTO
        `
        lts_admin_job_tracker_monitor_data`(
            `gmt_created`, `identity`, `timestamp`, `receive_job_num`, `push_job_num`, `exe_success_num`, `exe_failed_num`, `exe_later_num`, `exe_exception_num`, `fix_executing_job_num`
        ) 
    VALUES
        (?,?,?,?,?,?,?,?,?,?), lts version: 1.7.3-SNAPSHOT, current host: 192.168.64.1
[lts] 2026-05-14 10:40:00,418 DEBUG [pool-1-thread-2] com.github.ltsopensource.core.logger.slf4j.Slf4jLogger.debug(32) | 
    INSERT 
    INTO
        `
        lts_admin_jvm_gc`(
            `gmt_created`, `identity`, `timestamp`, `node_type`, `node_group`, `young_gc_collection_count`, `young_gc_collection_time`, `full_gc_collection_count`, `full_gc_collection_time`, `span_young_gc_collection_count`, `span_young_gc_collection_time`, `span_full_gc_collection_count`, `span_full_gc_collection_time`
        ) 
    VALUES
        (?,?,?,?,?,?,?,?,?,?,?,?,?), lts version: 1.7.3-SNAPSHOT, current host: 192.168.64.1
[lts] 2026-05-14 10:40:00,418 DEBUG [pool-1-thread-1] com.github.ltsopensource.core.logger.slf4j.Slf4jLogger.debug(32) | 
    INSERT 
    INTO
        `
        lts_admin_jvm_gc`(
            `gmt_created`, `identity`, `timestamp`, `node_type`, `node_group`, `young_gc_collection_count`, `young_gc_collection_time`, `full_gc_collection_count`, `full_gc_collection_time`, `span_young_gc_collection_count`, `span_young_gc_collection_time`, `span_full_gc_collection_count`, `span_full_gc_collection_time`
        ) 
    VALUES
        (?,?,?,?,?,?,?,?,?,?,?,?,?), lts version: 1.7.3-SNAPSHOT, current host: 192.168.64.1
[lts] 2026-05-14 10:40:00,446 DEBUG [pool-1-thread-1] com.github.ltsopensource.core.logger.slf4j.Slf4jLogger.debug(32) | 
    INSERT 
    INTO
        `
        lts_admin_jvm_memory`(
            `gmt_created`, `identity`, `timestamp`, `node_type`, `node_group`, `heap_memory_committed`, `heap_memory_init`, `heap_memory_max`, `heap_memory_used`, `non_heap_memory_committed`, `non_heap_memory_init`, `non_heap_memory_max`, `non_heap_memory_used`, `perm_gen_committed`, `perm_gen_init`, `perm_gen_max`, `perm_gen_used`, `old_gen_committed`, `old_gen_init`, `old_gen_max`, `old_gen_used`, `eden_space_committed`, `eden_space_init`, `eden_space_max`, `eden_space_used`, `survivor_committed`, `survivor_init`, `survivor_max`, `survivor_used`
        ) 
    VALUES
        (?,?,?,?,?,?,?,?,?,?,?,?,?,?,?,?,?,?,?,?,?,?,?,?,?,?,?,?,?), lts version: 1.7.3-SNAPSHOT, current host: 192.168.64.1
[lts] 2026-05-14 10:40:00,446 DEBUG [pool-1-thread-2] com.github.ltsopensource.core.logger.slf4j.Slf4jLogger.debug(32) | 
    INSERT 
    INTO
        `
        lts_admin_jvm_memory`(
            `gmt_created`, `identity`, `timestamp`, `node_type`, `node_group`, `heap_memory_committed`, `heap_memory_init`, `heap_memory_max`, `heap_memory_used`, `non_heap_memory_committed`, `non_heap_memory_init`, `non_heap_memory_max`, `non_heap_memory_used`, `perm_gen_committed`, `perm_gen_init`, `perm_gen_max`, `perm_gen_used`, `old_gen_committed`, `old_gen_init`, `old_gen_max`, `old_gen_used`, `eden_space_committed`, `eden_space_init`, `eden_space_max`, `eden_space_used`, `survivor_committed`, `survivor_init`, `survivor_max`, `survivor_used`
        ) 
    VALUES
        (?,?,?,?,?,?,?,?,?,?,?,?,?,?,?,?,?,?,?,?,?,?,?,?,?,?,?,?,?), lts version: 1.7.3-SNAPSHOT, current host: 192.168.64.1
[lts] 2026-05-14 10:40:00,474 DEBUG [pool-1-thread-2] com.github.ltsopensource.core.logger.slf4j.Slf4jLogger.debug(32) | 
    INSERT 
    INTO
        `
        lts_admin_jvm_thread`(
            `gmt_created`, `identity`, `timestamp`, `node_type`, `node_group`, `daemon_thread_count`, `thread_count`, `total_started_thread_count`, `dead_locked_thread_count`, `process_cpu_time_rate`
        ) 
    VALUES
        (?,?,?,?,?,?,?,?,?,?), lts version: 1.7.3-SNAPSHOT, current host: 192.168.64.1
[lts] 2026-05-14 10:40:00,474 DEBUG [pool-1-thread-1] com.github.ltsopensource.core.logger.slf4j.Slf4jLogger.debug(32) | 
    INSERT 
    INTO
        `
        lts_admin_jvm_thread`(
            `gmt_created`, `identity`, `timestamp`, `node_type`, `node_group`, `daemon_thread_count`, `thread_count`, `total_started_thread_count`, `dead_locked_thread_count`, `process_cpu_time_rate`
        ) 
    VALUES
        (?,?,?,?,?,?,?,?,?,?), lts version: 1.7.3-SNAPSHOT, current host: 192.168.64.1
[lts] 2026-05-14 10:40:00,488 DEBUG [pool-1-thread-2] com.github.ltsopensource.core.logger.slf4j.Slf4jLogger.debug(32) | Add Monitor Data success, mNode={"identity":"TT_192.168.64.1_19784_10-03-55.606_1","nodeGroup":"test_trade_taskTracker","nodeType":"TASK_TRACKER"}, mData=[{"exeExceptionNum":0,"exeFailedNum":0,"exeLaterNum":0,"exeSuccessNum":0,"jvmMData":{"gcMap":{"FullGCCollectionTime":0,"SpanYoungGCCollectionCount":0,"SpanFullGCCollectionCount":0,"YoungGCCollectionCount":1,"FullGCCollectionCount":0,"SpanYoungGCCollectionTime":0,"YoungGCCollectionTime":18,"SpanFullGCCollectionTime":0},"memoryMap":{"HeapMemoryMax":3817865216,"SurvivorUsed":7829944,"OldGenCommitted":179306496,"PermGenUsed":0,"NonHeapMemoryUsed":20431784,"OldGenMax":2863661056,"SurvivorInit":11010048,"PermGenCommitted":0,"PermGenMax":0,"OldGenUsed":8192,"EdenSpaceUsed":6688136,"NonHeapMemoryCommitted":21168128,"HeapMemoryInit":268435456,"HeapMemoryCommitted":257425408,"SurvivorMax":11010048,"EdenSpaceCommitted":67108864,"OldGenInit":179306496,"EdenSpaceMax":1409286144,"SurvivorCommitted":11010048,"NonHeapMemoryMax":-1,"NonHeapMemoryInit":2555904,"HeapMemoryUsed":14526272,"EdenSpaceInit":67108864,"PermGenInit":0},"threadMap":{"ThreadCount":25,"TotalStartedThreadCount":28,"DeadLockedThreadCount":0,"ProcessCpuTimeRate":12.10,"DaemonThreadCount":22}},"timestamp":1778724180000,"totalRunningTime":0},{"exeExceptionNum":0,"exeFailedNum":0,"exeLaterNum":0,"exeSuccessNum":0,"jvmMData":{"gcMap":{"FullGCCollectionTime":0,"SpanYoungGCCollectionCount":0,"SpanFullGCCollectionCount":0,"YoungGCCollectionCount":1,"FullGCCollectionCount":0,"SpanYoungGCCollectionTime":0,"YoungGCCollectionTime":18,"SpanFullGCCollectionTime":0},"memoryMap":{"HeapMemoryMax":3817865216,"SurvivorUsed":7829944,"OldGenCommitted":179306496,"PermGenUsed":0,"NonHeapMemoryUsed":21548768,"OldGenMax":2863661056,"SurvivorInit":11010048,"PermGenCommitted":0,"PermGenMax":0,"OldGenUsed":8192,"EdenSpaceUsed":14087256,"NonHeapMemoryCommitted":22413312,"HeapMemoryInit":268435456,"HeapMemoryCommitted":257425408,"SurvivorMax":11010048,"EdenSpaceCommitted":67108864,"OldGenInit":179306496,"EdenSpaceMax":1409286144,"SurvivorCommitted":11010048,"NonHeapMemoryMax":-1,"NonHeapMemoryInit":2555904,"HeapMemoryUsed":21925392,"EdenSpaceInit":67108864,"PermGenInit":0},"threadMap":{"ThreadCount":24,"TotalStartedThreadCount":28,"DeadLockedThreadCount":0,"ProcessCpuTimeRate":3.338,"DaemonThreadCount":21}},"timestamp":1778724240000,"totalRunningTime":0},{"exeExceptionNum":0,"exeFailedNum":0,"exeLaterNum":0,"exeSuccessNum":0,"jvmMData":{"gcMap":{"FullGCCollectionTime":0,"SpanYoungGCCollectionCount":0,"SpanFullGCCollectionCount":0,"YoungGCCollectionCount":1,"FullGCCollectionCount":0,"SpanYoungGCCollectionTime":0,"YoungGCCollectionTime":18,"SpanFullGCCollectionTime":0},"memoryMap":{"HeapMemoryMax":3817865216,"SurvivorUsed":7829944,"OldGenCommitted":179306496,"PermGenUsed":0,"NonHeapMemoryUsed":21989680,"OldGenMax":2863661056,"SurvivorInit":11010048,"PermGenCommitted":0,"PermGenMax":0,"OldGenUsed":8192,"EdenSpaceUsed":16791488,"NonHeapMemoryCommitted":22806528,"HeapMemoryInit":268435456,"HeapMemoryCommitted":257425408,"SurvivorMax":11010048,"EdenSpaceCommitted":67108864,"OldGenInit":179306496,"EdenSpaceMax":1409286144,"SurvivorCommitted":11010048,"NonHeapMemoryMax":-1,"NonHeapMemoryInit":2555904,"HeapMemoryUsed":24629624,"EdenSpaceInit":67108864,"PermGenInit":0},"threadMap":{"ThreadCount":24,"TotalStartedThreadCount":28,"DeadLockedThreadCount":0,"ProcessCpuTimeRate":2.289,"DaemonThreadCount":21}},"timestamp":1778724300000,"totalRunningTime":0},{"exeExceptionNum":0,"exeFailedNum":0,"exeLaterNum":0,"exeSuccessNum":0,"jvmMData":{"gcMap":{"FullGCCollectionTime":0,"SpanYoungGCCollectionCount":0,"SpanFullGCCollectionCount":0,"YoungGCCollectionCount":1,"FullGCCollectionCount":0,"SpanYoungGCCollectionTime":0,"YoungGCCollectionTime":18,"SpanFullGCCollectionTime":0},"memoryMap":{"HeapMemoryMax":3817865216,"SurvivorUsed":7829944,"OldGenCommitted":179306496,"PermGenUsed":0,"NonHeapMemoryUsed":21988632,"OldGenMax":2863661056,"SurvivorInit":11010048,"PermGenCommitted":0,"PermGenMax":0,"OldGenUsed":8192,"EdenSpaceUsed":18808208,"NonHeapMemoryCommitted":23003136,"HeapMemoryInit":268435456,"HeapMemoryCommitted":257425408,"SurvivorMax":11010048,"EdenSpaceCommitted":67108864,"OldGenInit":179306496,"EdenSpaceMax":1409286144,"SurvivorCommitted":11010048,"NonHeapMemoryMax":-1,"NonHeapMemoryInit":2555904,"HeapMemoryUsed":26646344,"EdenSpaceInit":67108864,"PermGenInit":0},"threadMap":{"ThreadCount":24,"TotalStartedThreadCount":28,"DeadLockedThreadCount":0,"ProcessCpuTimeRate":2.171,"DaemonThreadCount":21}},"timestamp":1778724360000,"totalRunningTime":0},{"exeExceptionNum":0,"exeFailedNum":0,"exeLaterNum":0,"exeSuccessNum":0,"jvmMData":{"gcMap":{"FullGCCollectionTime":0,"SpanYoungGCCollectionCount":0,"SpanFullGCCollectionCount":0,"YoungGCCollectionCount":1,"FullGCCollectionCount":0,"SpanYoungGCCollectionTime":0,"YoungGCCollectionTime":18,"SpanFullGCCollectionTime":0},"memoryMap":{"HeapMemoryMax":3817865216,"SurvivorUsed":7829944,"OldGenCommitted":179306496,"PermGenUsed":0,"NonHeapMemoryUsed":22197712,"OldGenMax":2863661056,"SurvivorInit":11010048,"PermGenCommitted":0,"PermGenMax":0,"OldGenUsed":8192,"EdenSpaceUsed":23538952,"NonHeapMemoryCommitted":23003136,"HeapMemoryInit":268435456,"HeapMemoryCommitted":257425408,"SurvivorMax":11010048,"EdenSpaceCommitted":67108864,"OldGenInit":179306496,"EdenSpaceMax":1409286144,"SurvivorCommitted":11010048,"NonHeapMemoryMax":-1,"NonHeapMemoryInit":2555904,"HeapMemoryUsed":31377088,"EdenSpaceInit":67108864,"PermGenInit":0},"threadMap":{"ThreadCount":24,"TotalStartedThreadCount":28,"DeadLockedThreadCount":0,"ProcessCpuTimeRate":2.075,"DaemonThreadCount":21}},"timestamp":1778724420000,"totalRunningTime":0},{"exeExceptionNum":0,"exeFailedNum":0,"exeLaterNum":0,"exeSuccessNum":0,"jvmMData":{"gcMap":{"FullGCCollectionTime":0,"SpanYoungGCCollectionCount":0,"SpanFullGCCollectionCount":0,"YoungGCCollectionCount":1,"FullGCCollectionCount":0,"SpanYoungGCCollectionTime":0,"YoungGCCollectionTime":18,"SpanFullGCCollectionTime":0},"memoryMap":{"HeapMemoryMax":3817865216,"SurvivorUsed":7829944,"OldGenCommitted":179306496,"PermGenUsed":0,"NonHeapMemoryUsed":22475176,"OldGenMax":2863661056,"SurvivorInit":11010048,"PermGenCommitted":0,"PermGenMax":0,"OldGenUsed":8192,"EdenSpaceUsed":25552312,"NonHeapMemoryCommitted":23396352,"HeapMemoryInit":268435456,"HeapMemoryCommitted":257425408,"SurvivorMax":11010048,"EdenSpaceCommitted":67108864,"OldGenInit":179306496,"EdenSpaceMax":1409286144,"SurvivorCommitted":11010048,"NonHeapMemoryMax":-1,"NonHeapMemoryInit":2555904,"HeapMemoryUsed":33390448,"EdenSpaceInit":67108864,"PermGenInit":0},"threadMap":{"ThreadCount":24,"TotalStartedThreadCount":28,"DeadLockedThreadCount":0,"ProcessCpuTimeRate":2.404,"DaemonThreadCount":21}},"timestamp":1778724480000,"totalRunningTime":0},{"exeExceptionNum":0,"exeFailedNum":0,"exeLaterNum":0,"exeSuccessNum":0,"jvmMData":{"gcMap":{"FullGCCollectionTime":0,"SpanYoungGCCollectionCount":0,"SpanFullGCCollectionCount":0,"YoungGCCollectionCount":1,"FullGCCollectionCount":0,"SpanYoungGCCollectionTime":0,"YoungGCCollectionTime":18,"SpanFullGCCollectionTime":0},"memoryMap":{"HeapMemoryMax":3817865216,"SurvivorUsed":7829944,"OldGenCommitted":179306496,"PermGenUsed":0,"NonHeapMemoryUsed":22553792,"OldGenMax":2863661056,"SurvivorInit":11010048,"PermGenCommitted":0,"PermGenMax":0,"OldGenUsed":8192,"EdenSpaceUsed":28276760,"NonHeapMemoryCommitted":23461888,"HeapMemoryInit":268435456,"HeapMemoryCommitted":257425408,"SurvivorMax":11010048,"EdenSpaceCommitted":67108864,"OldGenInit":179306496,"EdenSpaceMax":1409286144,"SurvivorCommitted":11010048,"NonHeapMemoryMax":-1,"NonHeapMemoryInit":2555904,"HeapMemoryUsed":36114896,"EdenSpaceInit":67108864,"PermGenInit":0},"threadMap":{"ThreadCount":24,"TotalStartedThreadCount":28,"DeadLockedThreadCount":0,"ProcessCpuTimeRate":2.029,"DaemonThreadCount":21}},"timestamp":1778724540000,"totalRunningTime":0},{"exeExceptionNum":0,"exeFailedNum":0,"exeLaterNum":0,"exeSuccessNum":0,"jvmMData":{"gcMap":{"FullGCCollectionTime":0,"SpanYoungGCCollectionCount":0,"SpanFullGCCollectionCount":0,"YoungGCCollectionCount":1,"FullGCCollectionCount":0,"SpanYoungGCCollectionTime":0,"YoungGCCollectionTime":18,"SpanFullGCCollectionTime":0},"memoryMap":{"HeapMemoryMax":3817865216,"SurvivorUsed":7829944,"OldGenCommitted":179306496,"PermGenUsed":0,"NonHeapMemoryUsed":22749224,"OldGenMax":2863661056,"SurvivorInit":11010048,"PermGenCommitted":0,"PermGenMax":0,"OldGenUsed":8192,"EdenSpaceUsed":30993144,"NonHeapMemoryCommitted":23592960,"HeapMemoryInit":268435456,"HeapMemoryCommitted":257425408,"SurvivorMax":11010048,"EdenSpaceCommitted":67108864,"OldGenInit":179306496,"EdenSpaceMax":1409286144,"SurvivorCommitted":11010048,"NonHeapMemoryMax":-1,"NonHeapMemoryInit":2555904,"HeapMemoryUsed":38831280,"EdenSpaceInit":67108864,"PermGenInit":0},"threadMap":{"ThreadCount":24,"TotalStartedThreadCount":28,"DeadLockedThreadCount":0,"ProcessCpuTimeRate":1.943,"DaemonThreadCount":21}},"timestamp":1778724600000,"totalRunningTime":0},{"exeExceptionNum":0,"exeFailedNum":0,"exeLaterNum":0,"exeSuccessNum":0,"jvmMData":{"gcMap":{"FullGCCollectionTime":0,"SpanYoungGCCollectionCount":0,"SpanFullGCCollectionCount":0,"YoungGCCollectionCount":1,"FullGCCollectionCount":0,"SpanYoungGCCollectionTime":0,"YoungGCCollectionTime":18,"SpanFullGCCollectionTime":0},"memoryMap":{"HeapMemoryMax":3817865216,"SurvivorUsed":7829944,"OldGenCommitted":179306496,"PermGenUsed":0,"NonHeapMemoryUsed":22875216,"OldGenMax":2863661056,"SurvivorInit":11010048,"PermGenCommitted":0,"PermGenMax":0,"OldGenUsed":8192,"EdenSpaceUsed":34362312,"NonHeapMemoryCommitted":23724032,"HeapMemoryInit":268435456,"HeapMemoryCommitted":257425408,"SurvivorMax":11010048,"EdenSpaceCommitted":67108864,"OldGenInit":179306496,"EdenSpaceMax":1409286144,"SurvivorCommitted":11010048,"NonHeapMemoryMax":-1,"NonHeapMemoryInit":2555904,"HeapMemoryUsed":42200448,"EdenSpaceInit":67108864,"PermGenInit":0},"threadMap":{"ThreadCount":24,"TotalStartedThreadCount":28,"DeadLockedThreadCount":0,"ProcessCpuTimeRate":1.731,"DaemonThreadCount":21}},"timestamp":1778724660000,"totalRunningTime":0},{"exeExceptionNum":0,"exeFailedNum":0,"exeLaterNum":0,"exeSuccessNum":0,"jvmMData":{"gcMap":{"FullGCCollectionTime":0,"SpanYoungGCCollectionCount":0,"SpanFullGCCollectionCount":0,"YoungGCCollectionCount":1,"FullGCCollectionCount":0,"SpanYoungGCCollectionTime":0,"YoungGCCollectionTime":18,"SpanFullGCCollectionTime":0},"memoryMap":{"HeapMemoryMax":3817865216,"SurvivorUsed":7829944,"OldGenCommitted":179306496,"PermGenUsed":0,"NonHeapMemoryUsed":23121600,"OldGenMax":2863661056,"SurvivorInit":11010048,"PermGenCommitted":0,"PermGenMax":0,"OldGenUsed":8192,"EdenSpaceUsed":36375672,"NonHeapMemoryCommitted":24051712,"HeapMemoryInit":268435456,"HeapMemoryCommitted":257425408,"SurvivorMax":11010048,"EdenSpaceCommitted":67108864,"OldGenInit":179306496,"EdenSpaceMax":1409286144,"SurvivorCommitted":11010048,"NonHeapMemoryMax":-1,"NonHeapMemoryInit":2555904,"HeapMemoryUsed":44213808,"EdenSpaceInit":67108864,"PermGenInit":0},"threadMap":{"ThreadCount":24,"TotalStartedThreadCount":28,"DeadLockedThreadCount":0,"ProcessCpuTimeRate":2.058,"DaemonThreadCount":21}},"timestamp":1778724720000,"totalRunningTime":0}], lts version: 1.7.3-SNAPSHOT, current host: 192.168.64.1
[lts] 2026-05-14 10:40:00,488 DEBUG [pool-1-thread-1] com.github.ltsopensource.core.logger.slf4j.Slf4jLogger.debug(32) | Add Monitor Data success, mNode={"identity":"JT_192.168.64.1_19709_10-02-49.861_1","nodeGroup":"lts","nodeType":"JOB_TRACKER"}, mData=[{"exeExceptionNum":0,"exeFailedNum":0,"exeLaterNum":0,"exeSuccessNum":0,"fixExecutingJobNum":0,"jvmMData":{"gcMap":{"FullGCCollectionTime":14,"SpanYoungGCCollectionCount":0,"SpanFullGCCollectionCount":0,"YoungGCCollectionCount":2,"FullGCCollectionCount":1,"SpanYoungGCCollectionTime":0,"YoungGCCollectionTime":39,"SpanFullGCCollectionTime":0},"memoryMap":{"HeapMemoryMax":3817865216,"SurvivorUsed":0,"OldGenCommitted":86507520,"PermGenUsed":0,"NonHeapMemoryUsed":30571448,"OldGenMax":2863661056,"SurvivorInit":11010048,"PermGenCommitted":0,"PermGenMax":0,"OldGenUsed":7197256,"EdenSpaceUsed":27307064,"NonHeapMemoryCommitted":31637504,"HeapMemoryInit":268435456,"HeapMemoryCommitted":231735296,"SurvivorMax":11010048,"EdenSpaceCommitted":134217728,"OldGenInit":179306496,"EdenSpaceMax":1409286144,"SurvivorCommitted":11010048,"NonHeapMemoryMax":-1,"NonHeapMemoryInit":2555904,"HeapMemoryUsed":34504320,"EdenSpaceInit":67108864,"PermGenInit":0},"threadMap":{"ThreadCount":30,"TotalStartedThreadCount":34,"DeadLockedThreadCount":0,"ProcessCpuTimeRate":5.441,"DaemonThreadCount":27}},"pushJobNum":0,"receiveJobNum":0,"timestamp":1778724120000},{"exeExceptionNum":0,"exeFailedNum":0,"exeLaterNum":0,"exeSuccessNum":0,"fixExecutingJobNum":0,"jvmMData":{"gcMap":{"FullGCCollectionTime":14,"SpanYoungGCCollectionCount":0,"SpanFullGCCollectionCount":0,"YoungGCCollectionCount":2,"FullGCCollectionCount":1,"SpanYoungGCCollectionTime":0,"YoungGCCollectionTime":39,"SpanFullGCCollectionTime":0},"memoryMap":{"HeapMemoryMax":3817865216,"SurvivorUsed":0,"OldGenCommitted":86507520,"PermGenUsed":0,"NonHeapMemoryUsed":31927272,"OldGenMax":2863661056,"SurvivorInit":11010048,"PermGenCommitted":0,"PermGenMax":0,"OldGenUsed":7197256,"EdenSpaceUsed":41404560,"NonHeapMemoryCommitted":32899072,"HeapMemoryInit":268435456,"HeapMemoryCommitted":231735296,"SurvivorMax":11010048,"EdenSpaceCommitted":134217728,"OldGenInit":179306496,"EdenSpaceMax":1409286144,"SurvivorCommitted":11010048,"NonHeapMemoryMax":-1,"NonHeapMemoryInit":2555904,"HeapMemoryUsed":48601816,"EdenSpaceInit":67108864,"PermGenInit":0},"threadMap":{"ThreadCount":41,"TotalStartedThreadCount":49,"DeadLockedThreadCount":0,"ProcessCpuTimeRate":3.235,"DaemonThreadCount":37}},"pushJobNum":0,"receiveJobNum":0,"timestamp":1778724180000},{"exeExceptionNum":0,"exeFailedNum":0,"exeLaterNum":0,"exeSuccessNum":0,"fixExecutingJobNum":0,"jvmMData":{"gcMap":{"FullGCCollectionTime":14,"SpanYoungGCCollectionCount":1,"SpanFullGCCollectionCount":0,"YoungGCCollectionCount":3,"FullGCCollectionCount":1,"SpanYoungGCCollectionTime":14,"YoungGCCollectionTime":53,"SpanFullGCCollectionTime":0},"memoryMap":{"HeapMemoryMax":3817865216,"SurvivorUsed":2341800,"OldGenCommitted":86507520,"PermGenUsed":0,"NonHeapMemoryUsed":33150888,"OldGenMax":2863661056,"SurvivorInit":11010048,"PermGenCommitted":0,"PermGenMax":0,"OldGenUsed":7205448,"EdenSpaceUsed":20897976,"NonHeapMemoryCommitted":34275328,"HeapMemoryInit":268435456,"HeapMemoryCommitted":231735296,"SurvivorMax":11010048,"EdenSpaceCommitted":134217728,"OldGenInit":179306496,"EdenSpaceMax":1409286144,"SurvivorCommitted":11010048,"NonHeapMemoryMax":-1,"NonHeapMemoryInit":2555904,"HeapMemoryUsed":30445224,"EdenSpaceInit":67108864,"PermGenInit":0},"threadMap":{"ThreadCount":196,"TotalStartedThreadCount":262,"DeadLockedThreadCount":0,"ProcessCpuTimeRate":6.438,"DaemonThreadCount":192}},"pushJobNum":0,"receiveJobNum":0,"timestamp":1778724240000},{"exeExceptionNum":0,"exeFailedNum":0,"exeLaterNum":0,"exeSuccessNum":0,"fixExecutingJobNum":0,"jvmMData":{"gcMap":{"FullGCCollectionTime":14,"SpanYoungGCCollectionCount":0,"SpanFullGCCollectionCount":0,"YoungGCCollectionCount":3,"FullGCCollectionCount":1,"SpanYoungGCCollectionTime":0,"YoungGCCollectionTime":53,"SpanFullGCCollectionTime":0},"memoryMap":{"HeapMemoryMax":3817865216,"SurvivorUsed":2341800,"OldGenCommitted":86507520,"PermGenUsed":0,"NonHeapMemoryUsed":34708688,"OldGenMax":2863661056,"SurvivorInit":11010048,"PermGenCommitted":0,"PermGenMax":0,"OldGenUsed":7205448,"EdenSpaceUsed":60142632,"NonHeapMemoryCommitted":35782656,"HeapMemoryInit":268435456,"HeapMemoryCommitted":231735296,"SurvivorMax":11010048,"EdenSpaceCommitted":134217728,"OldGenInit":179306496,"EdenSpaceMax":1409286144,"SurvivorCommitted":11010048,"NonHeapMemoryMax":-1,"NonHeapMemoryInit":2555904,"HeapMemoryUsed":69689880,"EdenSpaceInit":67108864,"PermGenInit":0},"threadMap":{"ThreadCount":215,"TotalStartedThreadCount":340,"DeadLockedThreadCount":0,"ProcessCpuTimeRate":4.987,"DaemonThreadCount":211}},"pushJobNum":0,"receiveJobNum":0,"timestamp":1778724300000},{"exeExceptionNum":0,"exeFailedNum":0,"exeLaterNum":0,"exeSuccessNum":0,"fixExecutingJobNum":0,"jvmMData":{"gcMap":{"FullGCCollectionTime":14,"SpanYoungGCCollectionCount":0,"SpanFullGCCollectionCount":0,"YoungGCCollectionCount":3,"FullGCCollectionCount":1,"SpanYoungGCCollectionTime":0,"YoungGCCollectionTime":53,"SpanFullGCCollectionTime":0},"memoryMap":{"HeapMemoryMax":3817865216,"SurvivorUsed":2341800,"OldGenCommitted":86507520,"PermGenUsed":0,"NonHeapMemoryUsed":35370336,"OldGenMax":2863661056,"SurvivorInit":11010048,"PermGenCommitted":0,"PermGenMax":0,"OldGenUsed":7205448,"EdenSpaceUsed":69433392,"NonHeapMemoryCommitted":36372480,"HeapMemoryInit":268435456,"HeapMemoryCommitted":231735296,"SurvivorMax":11010048,"EdenSpaceCommitted":134217728,"OldGenInit":179306496,"EdenSpaceMax":1409286144,"SurvivorCommitted":11010048,"NonHeapMemoryMax":-1,"NonHeapMemoryInit":2555904,"HeapMemoryUsed":78980640,"EdenSpaceInit":67108864,"PermGenInit":0},"threadMap":{"ThreadCount":215,"TotalStartedThreadCount":400,"DeadLockedThreadCount":0,"ProcessCpuTimeRate":4.004,"DaemonThreadCount":211}},"pushJobNum":0,"receiveJobNum":0,"timestamp":1778724360000},{"exeExceptionNum":0,"exeFailedNum":0,"exeLaterNum":0,"exeSuccessNum":0,"fixExecutingJobNum":0,"jvmMData":{"gcMap":{"FullGCCollectionTime":14,"SpanYoungGCCollectionCount":0,"SpanFullGCCollectionCount":0,"YoungGCCollectionCount":3,"FullGCCollectionCount":1,"SpanYoungGCCollectionTime":0,"YoungGCCollectionTime":53,"SpanFullGCCollectionTime":0},"memoryMap":{"HeapMemoryMax":3817865216,"SurvivorUsed":2341800,"OldGenCommitted":86507520,"PermGenUsed":0,"NonHeapMemoryUsed":36527472,"OldGenMax":2863661056,"SurvivorInit":11010048,"PermGenCommitted":0,"PermGenMax":0,"OldGenUsed":7205448,"EdenSpaceUsed":75563112,"NonHeapMemoryCommitted":37552128,"HeapMemoryInit":268435456,"HeapMemoryCommitted":231735296,"SurvivorMax":11010048,"EdenSpaceCommitted":134217728,"OldGenInit":179306496,"EdenSpaceMax":1409286144,"SurvivorCommitted":11010048,"NonHeapMemoryMax":-1,"NonHeapMemoryInit":2555904,"HeapMemoryUsed":85110360,"EdenSpaceInit":67108864,"PermGenInit":0},"threadMap":{"ThreadCount":215,"TotalStartedThreadCount":460,"DeadLockedThreadCount":0,"ProcessCpuTimeRate":5.054,"DaemonThreadCount":211}},"pushJobNum":0,"receiveJobNum":0,"timestamp":1778724420000},{"exeExceptionNum":0,"exeFailedNum":0,"exeLaterNum":0,"exeSuccessNum":0,"fixExecutingJobNum":0,"jvmMData":{"gcMap":{"FullGCCollectionTime":14,"SpanYoungGCCollectionCount":0,"SpanFullGCCollectionCount":0,"YoungGCCollectionCount":3,"FullGCCollectionCount":1,"SpanYoungGCCollectionTime":0,"YoungGCCollectionTime":53,"SpanFullGCCollectionTime":0},"memoryMap":{"HeapMemoryMax":3817865216,"SurvivorUsed":2341800,"OldGenCommitted":86507520,"PermGenUsed":0,"NonHeapMemoryUsed":37098240,"OldGenMax":2863661056,"SurvivorInit":11010048,"PermGenCommitted":0,"PermGenMax":0,"OldGenUsed":7205448,"EdenSpaceUsed":81165552,"NonHeapMemoryCommitted":38010880,"HeapMemoryInit":268435456,"HeapMemoryCommitted":231735296,"SurvivorMax":11010048,"EdenSpaceCommitted":134217728,"OldGenInit":179306496,"EdenSpaceMax":1409286144,"SurvivorCommitted":11010048,"NonHeapMemoryMax":-1,"NonHeapMemoryInit":2555904,"HeapMemoryUsed":90712800,"EdenSpaceInit":67108864,"PermGenInit":0},"threadMap":{"ThreadCount":215,"TotalStartedThreadCount":518,"DeadLockedThreadCount":0,"ProcessCpuTimeRate":4.220,"DaemonThreadCount":211}},"pushJobNum":0,"receiveJobNum":0,"timestamp":1778724480000},{"exeExceptionNum":0,"exeFailedNum":0,"exeLaterNum":0,"exeSuccessNum":0,"fixExecutingJobNum":0,"jvmMData":{"gcMap":{"FullGCCollectionTime":14,"SpanYoungGCCollectionCount":0,"SpanFullGCCollectionCount":0,"YoungGCCollectionCount":3,"FullGCCollectionCount":1,"SpanYoungGCCollectionTime":0,"YoungGCCollectionTime":53,"SpanFullGCCollectionTime":0},"memoryMap":{"HeapMemoryMax":3817865216,"SurvivorUsed":2341800,"OldGenCommitted":86507520,"PermGenUsed":0,"NonHeapMemoryUsed":37775888,"OldGenMax":2863661056,"SurvivorInit":11010048,"PermGenCommitted":0,"PermGenMax":0,"OldGenUsed":7205448,"EdenSpaceUsed":87675712,"NonHeapMemoryCommitted":38797312,"HeapMemoryInit":268435456,"HeapMemoryCommitted":231735296,"SurvivorMax":11010048,"EdenSpaceCommitted":134217728,"OldGenInit":179306496,"EdenSpaceMax":1409286144,"SurvivorCommitted":11010048,"NonHeapMemoryMax":-1,"NonHeapMemoryInit":2555904,"HeapMemoryUsed":97222960,"EdenSpaceInit":67108864,"PermGenInit":0},"threadMap":{"ThreadCount":215,"TotalStartedThreadCount":578,"DeadLockedThreadCount":0,"ProcessCpuTimeRate":3.795,"DaemonThreadCount":211}},"pushJobNum":0,"receiveJobNum":0,"timestamp":1778724540000},{"exeExceptionNum":0,"exeFailedNum":0,"exeLaterNum":0,"exeSuccessNum":0,"fixExecutingJobNum":0,"jvmMData":{"gcMap":{"FullGCCollectionTime":14,"SpanYoungGCCollectionCount":0,"SpanFullGCCollectionCount":0,"YoungGCCollectionCount":3,"FullGCCollectionCount":1,"SpanYoungGCCollectionTime":0,"YoungGCCollectionTime":53,"SpanFullGCCollectionTime":0},"memoryMap":{"HeapMemoryMax":3817865216,"SurvivorUsed":2341800,"OldGenCommitted":86507520,"PermGenUsed":0,"NonHeapMemoryUsed":38210672,"OldGenMax":2863661056,"SurvivorInit":11010048,"PermGenCommitted":0,"PermGenMax":0,"OldGenUsed":7205448,"EdenSpaceUsed":94224568,"NonHeapMemoryCommitted":39190528,"HeapMemoryInit":268435456,"HeapMemoryCommitted":231735296,"SurvivorMax":11010048,"EdenSpaceCommitted":134217728,"OldGenInit":179306496,"EdenSpaceMax":1409286144,"SurvivorCommitted":11010048,"NonHeapMemoryMax":-1,"NonHeapMemoryInit":2555904,"HeapMemoryUsed":103771816,"EdenSpaceInit":67108864,"PermGenInit":0},"threadMap":{"ThreadCount":215,"TotalStartedThreadCount":638,"DeadLockedThreadCount":0,"ProcessCpuTimeRate":3.745,"DaemonThreadCount":211}},"pushJobNum":0,"receiveJobNum":0,"timestamp":1778724600000},{"exeExceptionNum":0,"exeFailedNum":0,"exeLaterNum":0,"exeSuccessNum":0,"fixExecutingJobNum":0,"jvmMData":{"gcMap":{"FullGCCollectionTime":14,"SpanYoungGCCollectionCount":0,"SpanFullGCCollectionCount":0,"YoungGCCollectionCount":3,"FullGCCollectionCount":1,"SpanYoungGCCollectionTime":0,"YoungGCCollectionTime":53,"SpanFullGCCollectionTime":0},"memoryMap":{"HeapMemoryMax":3817865216,"SurvivorUsed":2341800,"OldGenCommitted":86507520,"PermGenUsed":0,"NonHeapMemoryUsed":38465144,"OldGenMax":2863661056,"SurvivorInit":11010048,"PermGenCommitted":0,"PermGenMax":0,"OldGenUsed":7205448,"EdenSpaceUsed":101464760,"NonHeapMemoryCommitted":39649280,"HeapMemoryInit":268435456,"HeapMemoryCommitted":231735296,"SurvivorMax":11010048,"EdenSpaceCommitted":134217728,"OldGenInit":179306496,"EdenSpaceMax":1409286144,"SurvivorCommitted":11010048,"NonHeapMemoryMax":-1,"NonHeapMemoryInit":2555904,"HeapMemoryUsed":111012008,"EdenSpaceInit":67108864,"PermGenInit":0},"threadMap":{"ThreadCount":215,"TotalStartedThreadCount":696,"DeadLockedThreadCount":0,"ProcessCpuTimeRate":3.330,"DaemonThreadCount":211}},"pushJobNum":0,"receiveJobNum":0,"timestamp":1778724660000}], lts version: 1.7.3-SNAPSHOT, current host: 192.168.64.1
[lts] 2026-05-14 10:41:00,651 DEBUG [pool-1-thread-4] com.github.ltsopensource.core.logger.slf4j.Slf4jLogger.debug(32) | 
    INSERT 
    INTO
        `
        lts_admin_job_tracker_monitor_data`(
            `gmt_created`, `identity`, `timestamp`, `receive_job_num`, `push_job_num`, `exe_success_num`, `exe_failed_num`, `exe_later_num`, `exe_exception_num`, `fix_executing_job_num`
        ) 
    VALUES
        (?,?,?,?,?,?,?,?,?,?), lts version: 1.7.3-SNAPSHOT, current host: 192.168.64.1
[lts] 2026-05-14 10:41:00,651 DEBUG [pool-1-thread-3] com.github.ltsopensource.core.logger.slf4j.Slf4jLogger.debug(32) | 
    INSERT 
    INTO
        `
        lts_admin_task_tracker_monitor_data`(
            `gmt_created`, `node_group`, `identity`, `timestamp`, `exe_success_num`, `exe_failed_num`, `exe_later_num`, `exe_exception_num`, `total_running_time`
        ) 
    VALUES
        (?,?,?,?,?,?,?,?,?), lts version: 1.7.3-SNAPSHOT, current host: 192.168.64.1
[lts] 2026-05-14 10:41:00,716 DEBUG [pool-1-thread-3] com.github.ltsopensource.core.logger.slf4j.Slf4jLogger.debug(32) | 
    INSERT 
    INTO
        `
        lts_admin_jvm_gc`(
            `gmt_created`, `identity`, `timestamp`, `node_type`, `node_group`, `young_gc_collection_count`, `young_gc_collection_time`, `full_gc_collection_count`, `full_gc_collection_time`, `span_young_gc_collection_count`, `span_young_gc_collection_time`, `span_full_gc_collection_count`, `span_full_gc_collection_time`
        ) 
    VALUES
        (?,?,?,?,?,?,?,?,?,?,?,?,?), lts version: 1.7.3-SNAPSHOT, current host: 192.168.64.1
[lts] 2026-05-14 10:41:00,716 DEBUG [pool-1-thread-4] com.github.ltsopensource.core.logger.slf4j.Slf4jLogger.debug(32) | 
    INSERT 
    INTO
        `
        lts_admin_jvm_gc`(
            `gmt_created`, `identity`, `timestamp`, `node_type`, `node_group`, `young_gc_collection_count`, `young_gc_collection_time`, `full_gc_collection_count`, `full_gc_collection_time`, `span_young_gc_collection_count`, `span_young_gc_collection_time`, `span_full_gc_collection_count`, `span_full_gc_collection_time`
        ) 
    VALUES
        (?,?,?,?,?,?,?,?,?,?,?,?,?), lts version: 1.7.3-SNAPSHOT, current host: 192.168.64.1
[lts] 2026-05-14 10:41:00,741 DEBUG [pool-1-thread-3] com.github.ltsopensource.core.logger.slf4j.Slf4jLogger.debug(32) | 
    INSERT 
    INTO
        `
        lts_admin_jvm_memory`(
            `gmt_created`, `identity`, `timestamp`, `node_type`, `node_group`, `heap_memory_committed`, `heap_memory_init`, `heap_memory_max`, `heap_memory_used`, `non_heap_memory_committed`, `non_heap_memory_init`, `non_heap_memory_max`, `non_heap_memory_used`, `perm_gen_committed`, `perm_gen_init`, `perm_gen_max`, `perm_gen_used`, `old_gen_committed`, `old_gen_init`, `old_gen_max`, `old_gen_used`, `eden_space_committed`, `eden_space_init`, `eden_space_max`, `eden_space_used`, `survivor_committed`, `survivor_init`, `survivor_max`, `survivor_used`
        ) 
    VALUES
        (?,?,?,?,?,?,?,?,?,?,?,?,?,?,?,?,?,?,?,?,?,?,?,?,?,?,?,?,?), lts version: 1.7.3-SNAPSHOT, current host: 192.168.64.1
[lts] 2026-05-14 10:41:00,741 DEBUG [pool-1-thread-4] com.github.ltsopensource.core.logger.slf4j.Slf4jLogger.debug(32) | 
    INSERT 
    INTO
        `
        lts_admin_jvm_memory`(
            `gmt_created`, `identity`, `timestamp`, `node_type`, `node_group`, `heap_memory_committed`, `heap_memory_init`, `heap_memory_max`, `heap_memory_used`, `non_heap_memory_committed`, `non_heap_memory_init`, `non_heap_memory_max`, `non_heap_memory_used`, `perm_gen_committed`, `perm_gen_init`, `perm_gen_max`, `perm_gen_used`, `old_gen_committed`, `old_gen_init`, `old_gen_max`, `old_gen_used`, `eden_space_committed`, `eden_space_init`, `eden_space_max`, `eden_space_used`, `survivor_committed`, `survivor_init`, `survivor_max`, `survivor_used`
        ) 
    VALUES
        (?,?,?,?,?,?,?,?,?,?,?,?,?,?,?,?,?,?,?,?,?,?,?,?,?,?,?,?,?), lts version: 1.7.3-SNAPSHOT, current host: 192.168.64.1
[lts] 2026-05-14 10:41:00,763 DEBUG [pool-1-thread-4] com.github.ltsopensource.core.logger.slf4j.Slf4jLogger.debug(32) | 
    INSERT 
    INTO
        `
        lts_admin_jvm_thread`(
            `gmt_created`, `identity`, `timestamp`, `node_type`, `node_group`, `daemon_thread_count`, `thread_count`, `total_started_thread_count`, `dead_locked_thread_count`, `process_cpu_time_rate`
        ) 
    VALUES
        (?,?,?,?,?,?,?,?,?,?), lts version: 1.7.3-SNAPSHOT, current host: 192.168.64.1
[lts] 2026-05-14 10:41:00,763 DEBUG [pool-1-thread-3] com.github.ltsopensource.core.logger.slf4j.Slf4jLogger.debug(32) | 
    INSERT 
    INTO
        `
        lts_admin_jvm_thread`(
            `gmt_created`, `identity`, `timestamp`, `node_type`, `node_group`, `daemon_thread_count`, `thread_count`, `total_started_thread_count`, `dead_locked_thread_count`, `process_cpu_time_rate`
        ) 
    VALUES
        (?,?,?,?,?,?,?,?,?,?), lts version: 1.7.3-SNAPSHOT, current host: 192.168.64.1
[lts] 2026-05-14 10:41:00,803 DEBUG [pool-1-thread-4] com.github.ltsopensource.core.logger.slf4j.Slf4jLogger.debug(32) | Add Monitor Data success, mNode={"identity":"JT_192.168.64.1_19709_10-02-49.861_1","nodeGroup":"lts","nodeType":"JOB_TRACKER"}, mData=[{"exeExceptionNum":0,"exeFailedNum":0,"exeLaterNum":0,"exeSuccessNum":0,"fixExecutingJobNum":0,"jvmMData":{"gcMap":{"FullGCCollectionTime":14,"SpanYoungGCCollectionCount":0,"SpanFullGCCollectionCount":0,"YoungGCCollectionCount":2,"FullGCCollectionCount":1,"SpanYoungGCCollectionTime":0,"YoungGCCollectionTime":39,"SpanFullGCCollectionTime":0},"memoryMap":{"HeapMemoryMax":3817865216,"SurvivorUsed":0,"OldGenCommitted":86507520,"PermGenUsed":0,"NonHeapMemoryUsed":30571448,"OldGenMax":2863661056,"SurvivorInit":11010048,"PermGenCommitted":0,"PermGenMax":0,"OldGenUsed":7197256,"EdenSpaceUsed":27307064,"NonHeapMemoryCommitted":31637504,"HeapMemoryInit":268435456,"HeapMemoryCommitted":231735296,"SurvivorMax":11010048,"EdenSpaceCommitted":134217728,"OldGenInit":179306496,"EdenSpaceMax":1409286144,"SurvivorCommitted":11010048,"NonHeapMemoryMax":-1,"NonHeapMemoryInit":2555904,"HeapMemoryUsed":34504320,"EdenSpaceInit":67108864,"PermGenInit":0},"threadMap":{"ThreadCount":30,"TotalStartedThreadCount":34,"DeadLockedThreadCount":0,"ProcessCpuTimeRate":5.441,"DaemonThreadCount":27}},"pushJobNum":0,"receiveJobNum":0,"timestamp":1778724120000},{"exeExceptionNum":0,"exeFailedNum":0,"exeLaterNum":0,"exeSuccessNum":0,"fixExecutingJobNum":0,"jvmMData":{"gcMap":{"FullGCCollectionTime":14,"SpanYoungGCCollectionCount":0,"SpanFullGCCollectionCount":0,"YoungGCCollectionCount":2,"FullGCCollectionCount":1,"SpanYoungGCCollectionTime":0,"YoungGCCollectionTime":39,"SpanFullGCCollectionTime":0},"memoryMap":{"HeapMemoryMax":3817865216,"SurvivorUsed":0,"OldGenCommitted":86507520,"PermGenUsed":0,"NonHeapMemoryUsed":31927272,"OldGenMax":2863661056,"SurvivorInit":11010048,"PermGenCommitted":0,"PermGenMax":0,"OldGenUsed":7197256,"EdenSpaceUsed":41404560,"NonHeapMemoryCommitted":32899072,"HeapMemoryInit":268435456,"HeapMemoryCommitted":231735296,"SurvivorMax":11010048,"EdenSpaceCommitted":134217728,"OldGenInit":179306496,"EdenSpaceMax":1409286144,"SurvivorCommitted":11010048,"NonHeapMemoryMax":-1,"NonHeapMemoryInit":2555904,"HeapMemoryUsed":48601816,"EdenSpaceInit":67108864,"PermGenInit":0},"threadMap":{"ThreadCount":41,"TotalStartedThreadCount":49,"DeadLockedThreadCount":0,"ProcessCpuTimeRate":3.235,"DaemonThreadCount":37}},"pushJobNum":0,"receiveJobNum":0,"timestamp":1778724180000},{"exeExceptionNum":0,"exeFailedNum":0,"exeLaterNum":0,"exeSuccessNum":0,"fixExecutingJobNum":0,"jvmMData":{"gcMap":{"FullGCCollectionTime":14,"SpanYoungGCCollectionCount":1,"SpanFullGCCollectionCount":0,"YoungGCCollectionCount":3,"FullGCCollectionCount":1,"SpanYoungGCCollectionTime":14,"YoungGCCollectionTime":53,"SpanFullGCCollectionTime":0},"memoryMap":{"HeapMemoryMax":3817865216,"SurvivorUsed":2341800,"OldGenCommitted":86507520,"PermGenUsed":0,"NonHeapMemoryUsed":33150888,"OldGenMax":2863661056,"SurvivorInit":11010048,"PermGenCommitted":0,"PermGenMax":0,"OldGenUsed":7205448,"EdenSpaceUsed":20897976,"NonHeapMemoryCommitted":34275328,"HeapMemoryInit":268435456,"HeapMemoryCommitted":231735296,"SurvivorMax":11010048,"EdenSpaceCommitted":134217728,"OldGenInit":179306496,"EdenSpaceMax":1409286144,"SurvivorCommitted":11010048,"NonHeapMemoryMax":-1,"NonHeapMemoryInit":2555904,"HeapMemoryUsed":30445224,"EdenSpaceInit":67108864,"PermGenInit":0},"threadMap":{"ThreadCount":196,"TotalStartedThreadCount":262,"DeadLockedThreadCount":0,"ProcessCpuTimeRate":6.438,"DaemonThreadCount":192}},"pushJobNum":0,"receiveJobNum":0,"timestamp":1778724240000},{"exeExceptionNum":0,"exeFailedNum":0,"exeLaterNum":0,"exeSuccessNum":0,"fixExecutingJobNum":0,"jvmMData":{"gcMap":{"FullGCCollectionTime":14,"SpanYoungGCCollectionCount":0,"SpanFullGCCollectionCount":0,"YoungGCCollectionCount":3,"FullGCCollectionCount":1,"SpanYoungGCCollectionTime":0,"YoungGCCollectionTime":53,"SpanFullGCCollectionTime":0},"memoryMap":{"HeapMemoryMax":3817865216,"SurvivorUsed":2341800,"OldGenCommitted":86507520,"PermGenUsed":0,"NonHeapMemoryUsed":34708688,"OldGenMax":2863661056,"SurvivorInit":11010048,"PermGenCommitted":0,"PermGenMax":0,"OldGenUsed":7205448,"EdenSpaceUsed":60142632,"NonHeapMemoryCommitted":35782656,"HeapMemoryInit":268435456,"HeapMemoryCommitted":231735296,"SurvivorMax":11010048,"EdenSpaceCommitted":134217728,"OldGenInit":179306496,"EdenSpaceMax":1409286144,"SurvivorCommitted":11010048,"NonHeapMemoryMax":-1,"NonHeapMemoryInit":2555904,"HeapMemoryUsed":69689880,"EdenSpaceInit":67108864,"PermGenInit":0},"threadMap":{"ThreadCount":215,"TotalStartedThreadCount":340,"DeadLockedThreadCount":0,"ProcessCpuTimeRate":4.987,"DaemonThreadCount":211}},"pushJobNum":0,"receiveJobNum":0,"timestamp":1778724300000},{"exeExceptionNum":0,"exeFailedNum":0,"exeLaterNum":0,"exeSuccessNum":0,"fixExecutingJobNum":0,"jvmMData":{"gcMap":{"FullGCCollectionTime":14,"SpanYoungGCCollectionCount":0,"SpanFullGCCollectionCount":0,"YoungGCCollectionCount":3,"FullGCCollectionCount":1,"SpanYoungGCCollectionTime":0,"YoungGCCollectionTime":53,"SpanFullGCCollectionTime":0},"memoryMap":{"HeapMemoryMax":3817865216,"SurvivorUsed":2341800,"OldGenCommitted":86507520,"PermGenUsed":0,"NonHeapMemoryUsed":35370336,"OldGenMax":2863661056,"SurvivorInit":11010048,"PermGenCommitted":0,"PermGenMax":0,"OldGenUsed":7205448,"EdenSpaceUsed":69433392,"NonHeapMemoryCommitted":36372480,"HeapMemoryInit":268435456,"HeapMemoryCommitted":231735296,"SurvivorMax":11010048,"EdenSpaceCommitted":134217728,"OldGenInit":179306496,"EdenSpaceMax":1409286144,"SurvivorCommitted":11010048,"NonHeapMemoryMax":-1,"NonHeapMemoryInit":2555904,"HeapMemoryUsed":78980640,"EdenSpaceInit":67108864,"PermGenInit":0},"threadMap":{"ThreadCount":215,"TotalStartedThreadCount":400,"DeadLockedThreadCount":0,"ProcessCpuTimeRate":4.004,"DaemonThreadCount":211}},"pushJobNum":0,"receiveJobNum":0,"timestamp":1778724360000},{"exeExceptionNum":0,"exeFailedNum":0,"exeLaterNum":0,"exeSuccessNum":0,"fixExecutingJobNum":0,"jvmMData":{"gcMap":{"FullGCCollectionTime":14,"SpanYoungGCCollectionCount":0,"SpanFullGCCollectionCount":0,"YoungGCCollectionCount":3,"FullGCCollectionCount":1,"SpanYoungGCCollectionTime":0,"YoungGCCollectionTime":53,"SpanFullGCCollectionTime":0},"memoryMap":{"HeapMemoryMax":3817865216,"SurvivorUsed":2341800,"OldGenCommitted":86507520,"PermGenUsed":0,"NonHeapMemoryUsed":36527472,"OldGenMax":2863661056,"SurvivorInit":11010048,"PermGenCommitted":0,"PermGenMax":0,"OldGenUsed":7205448,"EdenSpaceUsed":75563112,"NonHeapMemoryCommitted":37552128,"HeapMemoryInit":268435456,"HeapMemoryCommitted":231735296,"SurvivorMax":11010048,"EdenSpaceCommitted":134217728,"OldGenInit":179306496,"EdenSpaceMax":1409286144,"SurvivorCommitted":11010048,"NonHeapMemoryMax":-1,"NonHeapMemoryInit":2555904,"HeapMemoryUsed":85110360,"EdenSpaceInit":67108864,"PermGenInit":0},"threadMap":{"ThreadCount":215,"TotalStartedThreadCount":460,"DeadLockedThreadCount":0,"ProcessCpuTimeRate":5.054,"DaemonThreadCount":211}},"pushJobNum":0,"receiveJobNum":0,"timestamp":1778724420000},{"exeExceptionNum":0,"exeFailedNum":0,"exeLaterNum":0,"exeSuccessNum":0,"fixExecutingJobNum":0,"jvmMData":{"gcMap":{"FullGCCollectionTime":14,"SpanYoungGCCollectionCount":0,"SpanFullGCCollectionCount":0,"YoungGCCollectionCount":3,"FullGCCollectionCount":1,"SpanYoungGCCollectionTime":0,"YoungGCCollectionTime":53,"SpanFullGCCollectionTime":0},"memoryMap":{"HeapMemoryMax":3817865216,"SurvivorUsed":2341800,"OldGenCommitted":86507520,"PermGenUsed":0,"NonHeapMemoryUsed":37098240,"OldGenMax":2863661056,"SurvivorInit":11010048,"PermGenCommitted":0,"PermGenMax":0,"OldGenUsed":7205448,"EdenSpaceUsed":81165552,"NonHeapMemoryCommitted":38010880,"HeapMemoryInit":268435456,"HeapMemoryCommitted":231735296,"SurvivorMax":11010048,"EdenSpaceCommitted":134217728,"OldGenInit":179306496,"EdenSpaceMax":1409286144,"SurvivorCommitted":11010048,"NonHeapMemoryMax":-1,"NonHeapMemoryInit":2555904,"HeapMemoryUsed":90712800,"EdenSpaceInit":67108864,"PermGenInit":0},"threadMap":{"ThreadCount":215,"TotalStartedThreadCount":518,"DeadLockedThreadCount":0,"ProcessCpuTimeRate":4.220,"DaemonThreadCount":211}},"pushJobNum":0,"receiveJobNum":0,"timestamp":1778724480000},{"exeExceptionNum":0,"exeFailedNum":0,"exeLaterNum":0,"exeSuccessNum":0,"fixExecutingJobNum":0,"jvmMData":{"gcMap":{"FullGCCollectionTime":14,"SpanYoungGCCollectionCount":0,"SpanFullGCCollectionCount":0,"YoungGCCollectionCount":3,"FullGCCollectionCount":1,"SpanYoungGCCollectionTime":0,"YoungGCCollectionTime":53,"SpanFullGCCollectionTime":0},"memoryMap":{"HeapMemoryMax":3817865216,"SurvivorUsed":2341800,"OldGenCommitted":86507520,"PermGenUsed":0,"NonHeapMemoryUsed":37775888,"OldGenMax":2863661056,"SurvivorInit":11010048,"PermGenCommitted":0,"PermGenMax":0,"OldGenUsed":7205448,"EdenSpaceUsed":87675712,"NonHeapMemoryCommitted":38797312,"HeapMemoryInit":268435456,"HeapMemoryCommitted":231735296,"SurvivorMax":11010048,"EdenSpaceCommitted":134217728,"OldGenInit":179306496,"EdenSpaceMax":1409286144,"SurvivorCommitted":11010048,"NonHeapMemoryMax":-1,"NonHeapMemoryInit":2555904,"HeapMemoryUsed":97222960,"EdenSpaceInit":67108864,"PermGenInit":0},"threadMap":{"ThreadCount":215,"TotalStartedThreadCount":578,"DeadLockedThreadCount":0,"ProcessCpuTimeRate":3.795,"DaemonThreadCount":211}},"pushJobNum":0,"receiveJobNum":0,"timestamp":1778724540000},{"exeExceptionNum":0,"exeFailedNum":0,"exeLaterNum":0,"exeSuccessNum":0,"fixExecutingJobNum":0,"jvmMData":{"gcMap":{"FullGCCollectionTime":14,"SpanYoungGCCollectionCount":0,"SpanFullGCCollectionCount":0,"YoungGCCollectionCount":3,"FullGCCollectionCount":1,"SpanYoungGCCollectionTime":0,"YoungGCCollectionTime":53,"SpanFullGCCollectionTime":0},"memoryMap":{"HeapMemoryMax":3817865216,"SurvivorUsed":2341800,"OldGenCommitted":86507520,"PermGenUsed":0,"NonHeapMemoryUsed":38210672,"OldGenMax":2863661056,"SurvivorInit":11010048,"PermGenCommitted":0,"PermGenMax":0,"OldGenUsed":7205448,"EdenSpaceUsed":94224568,"NonHeapMemoryCommitted":39190528,"HeapMemoryInit":268435456,"HeapMemoryCommitted":231735296,"SurvivorMax":11010048,"EdenSpaceCommitted":134217728,"OldGenInit":179306496,"EdenSpaceMax":1409286144,"SurvivorCommitted":11010048,"NonHeapMemoryMax":-1,"NonHeapMemoryInit":2555904,"HeapMemoryUsed":103771816,"EdenSpaceInit":67108864,"PermGenInit":0},"threadMap":{"ThreadCount":215,"TotalStartedThreadCount":638,"DeadLockedThreadCount":0,"ProcessCpuTimeRate":3.745,"DaemonThreadCount":211}},"pushJobNum":0,"receiveJobNum":0,"timestamp":1778724600000},{"exeExceptionNum":0,"exeFailedNum":0,"exeLaterNum":0,"exeSuccessNum":0,"fixExecutingJobNum":0,"jvmMData":{"gcMap":{"FullGCCollectionTime":14,"SpanYoungGCCollectionCount":0,"SpanFullGCCollectionCount":0,"YoungGCCollectionCount":3,"FullGCCollectionCount":1,"SpanYoungGCCollectionTime":0,"YoungGCCollectionTime":53,"SpanFullGCCollectionTime":0},"memoryMap":{"HeapMemoryMax":3817865216,"SurvivorUsed":2341800,"OldGenCommitted":86507520,"PermGenUsed":0,"NonHeapMemoryUsed":38465144,"OldGenMax":2863661056,"SurvivorInit":11010048,"PermGenCommitted":0,"PermGenMax":0,"OldGenUsed":7205448,"EdenSpaceUsed":101464760,"NonHeapMemoryCommitted":39649280,"HeapMemoryInit":268435456,"HeapMemoryCommitted":231735296,"SurvivorMax":11010048,"EdenSpaceCommitted":134217728,"OldGenInit":179306496,"EdenSpaceMax":1409286144,"SurvivorCommitted":11010048,"NonHeapMemoryMax":-1,"NonHeapMemoryInit":2555904,"HeapMemoryUsed":111012008,"EdenSpaceInit":67108864,"PermGenInit":0},"threadMap":{"ThreadCount":215,"TotalStartedThreadCount":696,"DeadLockedThreadCount":0,"ProcessCpuTimeRate":3.330,"DaemonThreadCount":211}},"pushJobNum":0,"receiveJobNum":0,"timestamp":1778724660000}], lts version: 1.7.3-SNAPSHOT, current host: 192.168.64.1
[lts] 2026-05-14 10:41:00,804 DEBUG [pool-1-thread-3] com.github.ltsopensource.core.logger.slf4j.Slf4jLogger.debug(32) | Add Monitor Data success, mNode={"identity":"TT_192.168.64.1_19784_10-03-55.606_1","nodeGroup":"test_trade_taskTracker","nodeType":"TASK_TRACKER"}, mData=[{"exeExceptionNum":0,"exeFailedNum":0,"exeLaterNum":0,"exeSuccessNum":0,"jvmMData":{"gcMap":{"FullGCCollectionTime":0,"SpanYoungGCCollectionCount":0,"SpanFullGCCollectionCount":0,"YoungGCCollectionCount":1,"FullGCCollectionCount":0,"SpanYoungGCCollectionTime":0,"YoungGCCollectionTime":18,"SpanFullGCCollectionTime":0},"memoryMap":{"HeapMemoryMax":3817865216,"SurvivorUsed":7829944,"OldGenCommitted":179306496,"PermGenUsed":0,"NonHeapMemoryUsed":20431784,"OldGenMax":2863661056,"SurvivorInit":11010048,"PermGenCommitted":0,"PermGenMax":0,"OldGenUsed":8192,"EdenSpaceUsed":6688136,"NonHeapMemoryCommitted":21168128,"HeapMemoryInit":268435456,"HeapMemoryCommitted":257425408,"SurvivorMax":11010048,"EdenSpaceCommitted":67108864,"OldGenInit":179306496,"EdenSpaceMax":1409286144,"SurvivorCommitted":11010048,"NonHeapMemoryMax":-1,"NonHeapMemoryInit":2555904,"HeapMemoryUsed":14526272,"EdenSpaceInit":67108864,"PermGenInit":0},"threadMap":{"ThreadCount":25,"TotalStartedThreadCount":28,"DeadLockedThreadCount":0,"ProcessCpuTimeRate":12.10,"DaemonThreadCount":22}},"timestamp":1778724180000,"totalRunningTime":0},{"exeExceptionNum":0,"exeFailedNum":0,"exeLaterNum":0,"exeSuccessNum":0,"jvmMData":{"gcMap":{"FullGCCollectionTime":0,"SpanYoungGCCollectionCount":0,"SpanFullGCCollectionCount":0,"YoungGCCollectionCount":1,"FullGCCollectionCount":0,"SpanYoungGCCollectionTime":0,"YoungGCCollectionTime":18,"SpanFullGCCollectionTime":0},"memoryMap":{"HeapMemoryMax":3817865216,"SurvivorUsed":7829944,"OldGenCommitted":179306496,"PermGenUsed":0,"NonHeapMemoryUsed":21548768,"OldGenMax":2863661056,"SurvivorInit":11010048,"PermGenCommitted":0,"PermGenMax":0,"OldGenUsed":8192,"EdenSpaceUsed":14087256,"NonHeapMemoryCommitted":22413312,"HeapMemoryInit":268435456,"HeapMemoryCommitted":257425408,"SurvivorMax":11010048,"EdenSpaceCommitted":67108864,"OldGenInit":179306496,"EdenSpaceMax":1409286144,"SurvivorCommitted":11010048,"NonHeapMemoryMax":-1,"NonHeapMemoryInit":2555904,"HeapMemoryUsed":21925392,"EdenSpaceInit":67108864,"PermGenInit":0},"threadMap":{"ThreadCount":24,"TotalStartedThreadCount":28,"DeadLockedThreadCount":0,"ProcessCpuTimeRate":3.338,"DaemonThreadCount":21}},"timestamp":1778724240000,"totalRunningTime":0},{"exeExceptionNum":0,"exeFailedNum":0,"exeLaterNum":0,"exeSuccessNum":0,"jvmMData":{"gcMap":{"FullGCCollectionTime":0,"SpanYoungGCCollectionCount":0,"SpanFullGCCollectionCount":0,"YoungGCCollectionCount":1,"FullGCCollectionCount":0,"SpanYoungGCCollectionTime":0,"YoungGCCollectionTime":18,"SpanFullGCCollectionTime":0},"memoryMap":{"HeapMemoryMax":3817865216,"SurvivorUsed":7829944,"OldGenCommitted":179306496,"PermGenUsed":0,"NonHeapMemoryUsed":21989680,"OldGenMax":2863661056,"SurvivorInit":11010048,"PermGenCommitted":0,"PermGenMax":0,"OldGenUsed":8192,"EdenSpaceUsed":16791488,"NonHeapMemoryCommitted":22806528,"HeapMemoryInit":268435456,"HeapMemoryCommitted":257425408,"SurvivorMax":11010048,"EdenSpaceCommitted":67108864,"OldGenInit":179306496,"EdenSpaceMax":1409286144,"SurvivorCommitted":11010048,"NonHeapMemoryMax":-1,"NonHeapMemoryInit":2555904,"HeapMemoryUsed":24629624,"EdenSpaceInit":67108864,"PermGenInit":0},"threadMap":{"ThreadCount":24,"TotalStartedThreadCount":28,"DeadLockedThreadCount":0,"ProcessCpuTimeRate":2.289,"DaemonThreadCount":21}},"timestamp":1778724300000,"totalRunningTime":0},{"exeExceptionNum":0,"exeFailedNum":0,"exeLaterNum":0,"exeSuccessNum":0,"jvmMData":{"gcMap":{"FullGCCollectionTime":0,"SpanYoungGCCollectionCount":0,"SpanFullGCCollectionCount":0,"YoungGCCollectionCount":1,"FullGCCollectionCount":0,"SpanYoungGCCollectionTime":0,"YoungGCCollectionTime":18,"SpanFullGCCollectionTime":0},"memoryMap":{"HeapMemoryMax":3817865216,"SurvivorUsed":7829944,"OldGenCommitted":179306496,"PermGenUsed":0,"NonHeapMemoryUsed":21988632,"OldGenMax":2863661056,"SurvivorInit":11010048,"PermGenCommitted":0,"PermGenMax":0,"OldGenUsed":8192,"EdenSpaceUsed":18808208,"NonHeapMemoryCommitted":23003136,"HeapMemoryInit":268435456,"HeapMemoryCommitted":257425408,"SurvivorMax":11010048,"EdenSpaceCommitted":67108864,"OldGenInit":179306496,"EdenSpaceMax":1409286144,"SurvivorCommitted":11010048,"NonHeapMemoryMax":-1,"NonHeapMemoryInit":2555904,"HeapMemoryUsed":26646344,"EdenSpaceInit":67108864,"PermGenInit":0},"threadMap":{"ThreadCount":24,"TotalStartedThreadCount":28,"DeadLockedThreadCount":0,"ProcessCpuTimeRate":2.171,"DaemonThreadCount":21}},"timestamp":1778724360000,"totalRunningTime":0},{"exeExceptionNum":0,"exeFailedNum":0,"exeLaterNum":0,"exeSuccessNum":0,"jvmMData":{"gcMap":{"FullGCCollectionTime":0,"SpanYoungGCCollectionCount":0,"SpanFullGCCollectionCount":0,"YoungGCCollectionCount":1,"FullGCCollectionCount":0,"SpanYoungGCCollectionTime":0,"YoungGCCollectionTime":18,"SpanFullGCCollectionTime":0},"memoryMap":{"HeapMemoryMax":3817865216,"SurvivorUsed":7829944,"OldGenCommitted":179306496,"PermGenUsed":0,"NonHeapMemoryUsed":22197712,"OldGenMax":2863661056,"SurvivorInit":11010048,"PermGenCommitted":0,"PermGenMax":0,"OldGenUsed":8192,"EdenSpaceUsed":23538952,"NonHeapMemoryCommitted":23003136,"HeapMemoryInit":268435456,"HeapMemoryCommitted":257425408,"SurvivorMax":11010048,"EdenSpaceCommitted":67108864,"OldGenInit":179306496,"EdenSpaceMax":1409286144,"SurvivorCommitted":11010048,"NonHeapMemoryMax":-1,"NonHeapMemoryInit":2555904,"HeapMemoryUsed":31377088,"EdenSpaceInit":67108864,"PermGenInit":0},"threadMap":{"ThreadCount":24,"TotalStartedThreadCount":28,"DeadLockedThreadCount":0,"ProcessCpuTimeRate":2.075,"DaemonThreadCount":21}},"timestamp":1778724420000,"totalRunningTime":0},{"exeExceptionNum":0,"exeFailedNum":0,"exeLaterNum":0,"exeSuccessNum":0,"jvmMData":{"gcMap":{"FullGCCollectionTime":0,"SpanYoungGCCollectionCount":0,"SpanFullGCCollectionCount":0,"YoungGCCollectionCount":1,"FullGCCollectionCount":0,"SpanYoungGCCollectionTime":0,"YoungGCCollectionTime":18,"SpanFullGCCollectionTime":0},"memoryMap":{"HeapMemoryMax":3817865216,"SurvivorUsed":7829944,"OldGenCommitted":179306496,"PermGenUsed":0,"NonHeapMemoryUsed":22475176,"OldGenMax":2863661056,"SurvivorInit":11010048,"PermGenCommitted":0,"PermGenMax":0,"OldGenUsed":8192,"EdenSpaceUsed":25552312,"NonHeapMemoryCommitted":23396352,"HeapMemoryInit":268435456,"HeapMemoryCommitted":257425408,"SurvivorMax":11010048,"EdenSpaceCommitted":67108864,"OldGenInit":179306496,"EdenSpaceMax":1409286144,"SurvivorCommitted":11010048,"NonHeapMemoryMax":-1,"NonHeapMemoryInit":2555904,"HeapMemoryUsed":33390448,"EdenSpaceInit":67108864,"PermGenInit":0},"threadMap":{"ThreadCount":24,"TotalStartedThreadCount":28,"DeadLockedThreadCount":0,"ProcessCpuTimeRate":2.404,"DaemonThreadCount":21}},"timestamp":1778724480000,"totalRunningTime":0},{"exeExceptionNum":0,"exeFailedNum":0,"exeLaterNum":0,"exeSuccessNum":0,"jvmMData":{"gcMap":{"FullGCCollectionTime":0,"SpanYoungGCCollectionCount":0,"SpanFullGCCollectionCount":0,"YoungGCCollectionCount":1,"FullGCCollectionCount":0,"SpanYoungGCCollectionTime":0,"YoungGCCollectionTime":18,"SpanFullGCCollectionTime":0},"memoryMap":{"HeapMemoryMax":3817865216,"SurvivorUsed":7829944,"OldGenCommitted":179306496,"PermGenUsed":0,"NonHeapMemoryUsed":22553792,"OldGenMax":2863661056,"SurvivorInit":11010048,"PermGenCommitted":0,"PermGenMax":0,"OldGenUsed":8192,"EdenSpaceUsed":28276760,"NonHeapMemoryCommitted":23461888,"HeapMemoryInit":268435456,"HeapMemoryCommitted":257425408,"SurvivorMax":11010048,"EdenSpaceCommitted":67108864,"OldGenInit":179306496,"EdenSpaceMax":1409286144,"SurvivorCommitted":11010048,"NonHeapMemoryMax":-1,"NonHeapMemoryInit":2555904,"HeapMemoryUsed":36114896,"EdenSpaceInit":67108864,"PermGenInit":0},"threadMap":{"ThreadCount":24,"TotalStartedThreadCount":28,"DeadLockedThreadCount":0,"ProcessCpuTimeRate":2.029,"DaemonThreadCount":21}},"timestamp":1778724540000,"totalRunningTime":0},{"exeExceptionNum":0,"exeFailedNum":0,"exeLaterNum":0,"exeSuccessNum":0,"jvmMData":{"gcMap":{"FullGCCollectionTime":0,"SpanYoungGCCollectionCount":0,"SpanFullGCCollectionCount":0,"YoungGCCollectionCount":1,"FullGCCollectionCount":0,"SpanYoungGCCollectionTime":0,"YoungGCCollectionTime":18,"SpanFullGCCollectionTime":0},"memoryMap":{"HeapMemoryMax":3817865216,"SurvivorUsed":7829944,"OldGenCommitted":179306496,"PermGenUsed":0,"NonHeapMemoryUsed":22749224,"OldGenMax":2863661056,"SurvivorInit":11010048,"PermGenCommitted":0,"PermGenMax":0,"OldGenUsed":8192,"EdenSpaceUsed":30993144,"NonHeapMemoryCommitted":23592960,"HeapMemoryInit":268435456,"HeapMemoryCommitted":257425408,"SurvivorMax":11010048,"EdenSpaceCommitted":67108864,"OldGenInit":179306496,"EdenSpaceMax":1409286144,"SurvivorCommitted":11010048,"NonHeapMemoryMax":-1,"NonHeapMemoryInit":2555904,"HeapMemoryUsed":38831280,"EdenSpaceInit":67108864,"PermGenInit":0},"threadMap":{"ThreadCount":24,"TotalStartedThreadCount":28,"DeadLockedThreadCount":0,"ProcessCpuTimeRate":1.943,"DaemonThreadCount":21}},"timestamp":1778724600000,"totalRunningTime":0},{"exeExceptionNum":0,"exeFailedNum":0,"exeLaterNum":0,"exeSuccessNum":0,"jvmMData":{"gcMap":{"FullGCCollectionTime":0,"SpanYoungGCCollectionCount":0,"SpanFullGCCollectionCount":0,"YoungGCCollectionCount":1,"FullGCCollectionCount":0,"SpanYoungGCCollectionTime":0,"YoungGCCollectionTime":18,"SpanFullGCCollectionTime":0},"memoryMap":{"HeapMemoryMax":3817865216,"SurvivorUsed":7829944,"OldGenCommitted":179306496,"PermGenUsed":0,"NonHeapMemoryUsed":22875216,"OldGenMax":2863661056,"SurvivorInit":11010048,"PermGenCommitted":0,"PermGenMax":0,"OldGenUsed":8192,"EdenSpaceUsed":34362312,"NonHeapMemoryCommitted":23724032,"HeapMemoryInit":268435456,"HeapMemoryCommitted":257425408,"SurvivorMax":11010048,"EdenSpaceCommitted":67108864,"OldGenInit":179306496,"EdenSpaceMax":1409286144,"SurvivorCommitted":11010048,"NonHeapMemoryMax":-1,"NonHeapMemoryInit":2555904,"HeapMemoryUsed":42200448,"EdenSpaceInit":67108864,"PermGenInit":0},"threadMap":{"ThreadCount":24,"TotalStartedThreadCount":28,"DeadLockedThreadCount":0,"ProcessCpuTimeRate":1.731,"DaemonThreadCount":21}},"timestamp":1778724660000,"totalRunningTime":0},{"exeExceptionNum":0,"exeFailedNum":0,"exeLaterNum":0,"exeSuccessNum":0,"jvmMData":{"gcMap":{"FullGCCollectionTime":0,"SpanYoungGCCollectionCount":0,"SpanFullGCCollectionCount":0,"YoungGCCollectionCount":1,"FullGCCollectionCount":0,"SpanYoungGCCollectionTime":0,"YoungGCCollectionTime":18,"SpanFullGCCollectionTime":0},"memoryMap":{"HeapMemoryMax":3817865216,"SurvivorUsed":7829944,"OldGenCommitted":179306496,"PermGenUsed":0,"NonHeapMemoryUsed":23121600,"OldGenMax":2863661056,"SurvivorInit":11010048,"PermGenCommitted":0,"PermGenMax":0,"OldGenUsed":8192,"EdenSpaceUsed":36375672,"NonHeapMemoryCommitted":24051712,"HeapMemoryInit":268435456,"HeapMemoryCommitted":257425408,"SurvivorMax":11010048,"EdenSpaceCommitted":67108864,"OldGenInit":179306496,"EdenSpaceMax":1409286144,"SurvivorCommitted":11010048,"NonHeapMemoryMax":-1,"NonHeapMemoryInit":2555904,"HeapMemoryUsed":44213808,"EdenSpaceInit":67108864,"PermGenInit":0},"threadMap":{"ThreadCount":24,"TotalStartedThreadCount":28,"DeadLockedThreadCount":0,"ProcessCpuTimeRate":2.058,"DaemonThreadCount":21}},"timestamp":1778724720000,"totalRunningTime":0}], lts version: 1.7.3-SNAPSHOT, current host: 192.168.64.1
